item_code,brand_x,brand_y,manufacturer,id,mrp,count
12506,iodex 16gm,iodex multi purpose pain balm 16gm,GSK OTC,215757.0,80.0,1
12508,iodex 8gm,iodex multi purpose pain balm 8gm,GALAXO SMITH KLINE OTC,215760.0,42.0,1
12921,moov 15gm,moov cream 15gm,OTHERS,243978.0,65.0,1
13132,trinerve softgel 10s,trinerve capsule 10s,ALKEM,362180.0,155.0,1
15356,nupatch 200mg 1patch,nupatch 200mg patch 1s,ZYDUS CA,377110.0,129.25,1
17087,aquaviron inj 1ml-6amp 1s,aquaviron 25mg injection 1ml 1,ABBOTT HEALTH CARE,114441.0,176.81,1
17719,himalaya soap refresh 75gm,himalaya aactaril soap 75gm,HIMALAYA COSMETIC,364393.0,55.0,1
22569,face mask acrux 3 ply melt blo 1s,face tablet 10s,AC SURGICALS LTD,191542.0,10.0,1
22590,vicks drop 1180+120 jar,vicks cough drops 120,PROCTER AND GAMBLE,337743.0,1180.0,1
23483,nosmok 2 mg 3s,nosmok 4mg lozenges mint,J.B.CHEMICALS & PHARMACEUTICAL,381019.0,96.0,1
24599,nadisoft gel 15gm,nadisoft 1% cream 15gm,SANSTUTI PHR,372197.0,9999.0,1
24610,isot-20cap 1,isot 20 capsule 10s,SANSTUTI PHR,370609.0,9999.0,1
24617,fucisoft cream 10gm,fucisoft 2% cream 10gm,SANSTUTI PHR,369758.0,9999.0,1
24620,tacmate lotion 15ml,tacmate 0.1% lotion 15ml,SANSTUTI PHR,374891.0,9999.0,1
24627,welapine cream 20gm 1,welapine cream 20gm,SANSTUTI PHR,376221.0,2330.0,1
24647,tretwin 15gm 20gm,tretwin cream 20gm,SANSTUTI PHR,329223.0,125.0,1
24795,voxiclav 625mg 1,voxiclav tablet 6s,VOICEOVER,376148.0,9999.0,1
24804,utimack syp 1,utimack syrup 200ml,DEVANN PHARM,375676.0,9999.0,1
24887,dvpex 100tab 10s,dvpex 50 tablet er 10s,NEUROPEX PHARMACEUTICAL,368966.0,240.0,1
25196,matigesic gel 30gm,matigesic pain relief oil 60ml,ASARVA LIFESCIENCES,377736.0,96.0,1
25410,novonorm 2 mg 30 30s,novonorm 2mg tablet 30s,NOVO NORDISK INDIA PVT LTD,256670.0,330.0,1
25520,sinarest syp 75ml 1,sinarest syrup 75ml,CENTAUR,374547.0,2330.0,1
27331,superspas syp  200ml,superspas oral gel orange sugar free 200ml,SEAGULL LABORATORIES PVT LTD,374820.0,101.0,1
27473,fixderma strallium stretch mark cream 75gm,fixderma strallium stretch mark cream 75gm,FIXDERMA INDIA PVT LTD,194783.0,425.0,1
28922,amrovit syp 200ml,amrovit capsule 10s,EAST AFRICAN,112156.0,0.0,1
28938,aloriv soap 75gm,aloriv 100mg tablet 10s,EAST AFRICAN,366489.0,0.0,1
29650,proviam powder 500gm,proviam whey protein powder badam pista 500gm,AKCENT HEALTHCARE,378683.0,3520.0,1
29930,viganext powder 1s,viganext powder for oral solution 1gm,MSN LABORATORIES,375857.0,60.0,1
29974,nurical-500tab 15s,nurical k2 tablet 10s,NUORIK HEALTHCARE PVT. LTD.,372643.0,155.0,1
30552,instaraft syp 200ml,instaraft oral suspension 200ml,SUN PHARMA 2,380289.0,199.0,1
30709,melasure emugel  20gm,melasure skin lightening emulgel 20gm,TALENT INDIA LTD,371722.0,375.0,1
30905,enrowin 500tab 10s,enrowin 500mg tablet 10s,AKCENT HEALTHCARE,186944.0,1098.0,1
314031101,cadihep syp 110ml,cadihep syrup 220ml,CADILA HEALTHCARE LTD,143370.0,125.0,1
319330959,neksium 20mg 15tab 15s,neksium 20mg tablet 15s,PFIZER,385318.0,132.02,1
320631115,nindanib 100 mg 10s,nindanib 100 soft gelatin capsule 10s,Glenmark Pharmaceuticals Ltd,372487.0,822.0,1
325130964,zapiz 1mg 15tab 15s,zapiz 1mg tablet 10s,INTAS PHARMACEUTICALS,345936.0,71.4,1
326330912,heptagon syp 200ml,heptagon oral suspension sugar free 200ml,SUN PHARMA 2,370320.0,270.0,1
4785,avil injection 2ml amp*2ml,avil 22.75mg injection 2ml,AVENTIS,118987.0,5.11,1
6929,qcard 100mg softgel 10c,qcard 100mg soft gelatin capsule 10s,GENETICA,362560.0,130.0,1
9617,movicol powder 13.8gm,movicol powder for oral solution 13.8gm,WIN MEDI,362499.0,68.5,1
12099,pediasure vanilla 200gm jar /in24,pediasure refill vanilla 200gm,ABBOTT N,379537.0,295.0,1
12179,colgate max 80gm,colgate sensitive toothpaste 80gm,COLGATE PALMOLIVE COMPANY LTD,156725.0,55.0,1
1396,azilide 200 susp 15ml,azilide 200mg/5ml suspension 15ml,MICRO,120608.0,50.57,1
15131,normetrogyl o syp 60ml,normetrogyl 400mg/400mg syrup 30ml,J.B.CHEMICALS & PHARMACEUTICAL,255854.0,48.08,1
15362,ensure choco 400gm 1,ensure powder 400gm chocolate,ABBOTT N,186989.0,9999.0,1
16945,tufpro nutra 5ml,tufpro ds oral suspension (5ml each) 10,RANBAXY,375517.0,46.0,1
17200,ready care gloves 100pcs,ready rinse mouth wash 150ml,AGGARWAL SURGICALS,287525.0,849.0,1
17640,protinex lite 400gm,protinex lite powder 400gm vanilla,NUTRICIA,281820.0,650.0,1
21588,hairshield dandruff 30ml,hairshield anti lice cream wash 30ml,WINGS,361893.0,60.0,1
22176,pure hands 200ml (strawberry) 100ml,pure powder 200gm,HIMALAYA DRUG CO.,282728.0,100.0,1
22628,sensodyne fresh gel 75gm,sensodyne fresh gel toothpaste 75gm,GSK OTC,309911.0,120.0,1
22693,moov 35g 35gm,moov spray 35gm,RECKIT BENCKISER INDIA PVT LTD,243992.0,140.0,1
23192,kidrich d3 60000iu oral sol. 4*5 ml,kidrich d3 oral solution 5ml,DR. REDDY LABORATORIES LTD,370938.0,217.8,1
23379,moto eye drop 5ml,moto seal ointment 5gm,OCURIS PHARMA,244530.0,150.0,1
23407,hayo eye drop 1,hayo eye drop 10ml,OCURIS P,370285.0,9999.0,1
24237,calcitas d3 sachet 1000mg,calcitas d3 sachets 1gm,INTAS PHARMACEUTICALS,380248.0,41.0,1
24598,lue 20 cream 50gms,lue 20 cream 50gm,SANSTUTI PHR,231702.0,270.0,1
24600,ps-mite 30gms 1,ps mite 5% cream 30gm,SANSTUTI PHR,373557.0,9999.0,1
24602,tacmate oint 20gm 1,tacmate 0.1% ointment 20gm,SANSTUTI PHR,374892.0,9999.0,1
24609,clobsal oint 20gm,clobsal ointment 15gm,SANSTUTI PHARMACEUTICALS,154779.0,137.0,1
24613,adalia moistarizing soap 75gm,adalia soap 75gm,SANSTUTI PHR,103740.0,95.0,1
24614,adalia moistarizing cream 50gm 1,adalia moisturizing cream 50gm,SANSTUTI PHR,366278.0,9999.0,1
24618,tretwin-c gel 15gm,tretwin cream 20gm,SANSTUTI PHARMACEUTICALS,329223.0,180.0,1
24624,adalia moistarizing lotion 100ml,adalia moisturizing lotion 100ml,SANSTUTI PHR,103739.0,218.0,1
24626,glare lite cream 20g 1,glare lite cream 20gm,SANSTUTI PHR,369955.0,9999.0,1
24628,adalia kertin shampoo 150 ml 150ml,adalia keratin shampoo 150ml,SANSTUTI PHR,366277.0,260.0,1
24629,ps-mite soap 75g 75gm,ps mite 5% cream 30gm,SANSTUTI PHARMACEUTICALS,373557.0,95.0,1
24633,sebo c lotion 50ml 1,sebo c lotion 50ml,SANSTUTI PHR,374421.0,2330.0,1
24648,uvglare sunscreen lotion 70gm 1,uvglare sunscreen gel 70gm,SANSTUTI PHR,334687.0,9999.0,1
24650,adalia protein shampoo 200ml 1,adalia protein shampoo 200ml,SANSTUTI PHR,366279.0,2330.0,1
25421,modus 10tab,modus 10mg tablet 10s,KOYE PHARMACEUTICALS PVT.LTD,242690.0,62.38,1
25735,dom sus 30ml,dom suspension 30ml,MOREPEN,169002.0,41.0,1
25786,erafos 10 8gm,erafos 3gm granules 8gm,TTK HEALTHCARE LTD,369192.0,385.0,1
26130,tadazane-10,tadazane 10 tablet 4s,CEZANE REMID,374905.0,9999.0,1
27456,fidelia strengthening shampoo 250ml,fidelia strengthening conditioner 250ml,FIXDERMA INDIA PVT LTD,379940.0,775.0,1
27465,fixderma scar gel cream 15gm,fixderma scar gel 15gm,FIXDERMA INDIA PVT LTD,194773.0,385.0,1
27502,strengthening conditioner 300ml,strengthening shampoo 300ml,FIXDERMA INDIA PVT LTD,379919.0,1250.0,1
27507,multivitamin face mask 100gm,multivitamin face mask clay cream 100gm,FIXDERMA INDIA PVT LTD,379931.0,1175.0,1
27921,primofit 10s,primofit n 5mg tablet 10s,HEALTHICA PHARMACEUTICALS,280382.0,220.0,1
28031,ktl eye drop  10 ml 10ml,ktl eye drop 5ml,SAPIENT LABROTORIES LTD,223186.0,72.0,1
28109,pediasure vanilla 400gm jar,pediasure chocolate jar 400gm,ABBOTT NUTRA,376799.0,725.0,1
28110,pediasure vanilla 200gm bib,pediasure refill vanilla 200gm,ABBOTT NUTRA,379537.0,320.0,1
28159,sebamed reviatlizing shampoo 200ml,sebamed everyday shampoo 200ml,USV,309275.0,933.0,1
28402,g2 m 500tab 10s,g2 p capsule 10s,INSUTIK PHARMACEUTICALS PVT.LT,199159.0,48.0,1
28654,renu multiplus 60 ml 60ml,renu fresh solution 60ml,BAUSCH & LOMB INDIA PVT LTD,289329.0,145.0,1
28882,pediasure choco 200gm jar,pediasure chocolate jar 400gm,ABBOTT NUTRA,376799.0,390.0,1
28993,castophene churna 100gm,castophene tablet 10s,TECHNO PHARMA PVT LTD,146214.0,0.0,1
29183,parachute hot oil 300 ml,parachute 100% pure coconut oil 300ml,PARACHUTE/MARICO,373129.0,0.0,1
29196,hyla eye drop 5ml,hyla eye drop 10ml,ENTOD PHARMACEUTICALS LTD,212264.0,522.0,1
29826,sucrashine-o suspension 200ml each,sucrashine o sugar free peppermint suspension 200ml,TABLET INDIA,379673.0,220.0,1
29842,diovan fct 160mg 14s,diovan 160 tablet 14s,NOVARTIS,167203.0,529.0,1
30106,ajubi balm. 10gm,ajubi plus syrup 60ml,TECHNO PHARMA PVT LTD,106878.0,40.0,1
30278,sensur rub 10gm,sensur rub ointment 10gm,Glenmark Pharmaceuticals Ltd,309966.0,78.03,1
30331,beklair power 90gm,beklair powder 90gm,AKCENT HEALTHCARE,382528.0,340.0,1
30464,canditral sb 65mg 10c,canditral sb 65mg capsule 10s,Glenmark Pharmaceuticals Ltd,378137.0,140.0,1
30477,glogeous bodywash gel 250ml,glogeous advanced face wash gel 100gm,TORRENT,203207.0,900.0,1
30519,cosvate g cream 30gm,cosvate cream 30gm,Oaknet Healthcare Pvt Ltd,158612.0,31.16,1
30633,cozy kid syp 60ml,cozy kid oral liquid 60ml,IND SWIFT LABORATORIES LTD,158935.0,71.35,1
30753,telsar biso 5mg 10s,telsar biso 2.5mg tablet 10s,TORRENT,383142.0,141.5,1
30906,murine plus 100ml,murine  100 capsule 10s,AKCENT HEALTHCARE,246133.0,3990.0,1
30935,zit iso 10mg 10s,zit 10 capsule 10s,ZYDILLAC DERMACEUTICALS,348689.0,154.0,1
30936,zit iso 20mg 10s,zit 20 softgel capsule 10s,ZYDILLAC DERMACEUTICALS,348690.0,253.0,1
318331082,novogermina vail 5ml,novogermina oral suspension 5ml,ALKEM,372590.0,49.0,1
7007,claribid 250ds syp 30ml,claribid 125mg granules 30gm,ABBOTT HEALT,153714.0,144.46,1
10128,o2  pro oral syp 5ml,o2 pro 5ml suspension 10,MEDLEY PHARMACEUTICALS LTD,259264.0,35.5,1
10138,scabelice new medicated soap 1,scabelice new medicated soap 75gm,MANKIND,374397.0,9999.0,1
102129855,kompact advance vanilla 200gm,kompact vanilla powder 200gm,MOREPEN LABORATORIES LTD.,379826.0,423.0,1
102129857,kompact junior vanilla 200gm,kompact junior vanilla powder 200gm,MOREPEN LABORATORIES LTD.,379827.0,429.0,1
11277,sensodyne fresh mint 40gm,sensodyne toothpaste 40gm fresh mint,GSK OTC,309932.0,80.0,1
11281,sensodyne fresh mint 75gm,sensodyne toothpaste 75gm fresh mint,GSK OTC,309933.0,120.0,1
12700,sensodyne rapid relief 40gm,sensodyne rapid relief toothpaste 40gm,GALAXO SMITH KLINE OTC,365679.0,95.0,1
15518,ponds magic talc 400gm st,ponds dreamflower talc 25gm,HINDUSTAN UNILIVER LTD,377321.0,260.0,1
16238,jolly tulsi 51 18ml,jolly tulsi 51 drop 30ml,JOLLY HEALTH CARE PRIVATE LIMI,218629.0,195.0,1
16995,ktl plus eye drop 10ml,ktl plus eye drops 5ml,SAPIENT LABROTORIES LTD,223187.0,92.0,1
17085,protinex mama vanila 250gm,mama protinex powder 250gm vanilla,NUTRICIA INTERNATIONAL PVT LTD,234274.0,445.0,1
17201,sansu hand sanitizer 500 ml,sansu p 100mg/500mg tablet 10s,OTHERS,296652.0,249.0,1
17256,protinex original actipros 400gm,protinex original powder 400gm original,NUTRICIA INTERNATIONAL PVT LTD,281824.0,615.0,1
17615,panlipase 10000 15s,panlipase capsule 15s,SUN PHARMA 2,373078.0,369.0,1
17636,protinex lite vanila 250mg 250gm,protinex lite powder 250gm vanilla,NUTRICIA,281819.0,415.0,1
17901,glucon d lemon 200gm 1,glucon d powder 200gm,ZYDUS WELL,203493.0,9999.0,1
17902,glucon d orange 75 gm 75gm,glucon d powder 75gm tangy orange,ZYDUS WELLNES PRODUCT LTD.,381240.0,40.0,1
2,aquaderm  body wash 200ml,aquaderm face & body wash 200ml,DR.REDDY,114371.0,353.0,1
20847,suncros m/f soft lotion spf 50+ 60ml,suncros soft spf 50+ lotion 60ml,RANABAXY,319007.0,820.0,1
21386,sarvguard antisepic liquid 500ml,sarvguard instant handrub with ethanol 500ml,ASARVA LIFESCIENCES,374386.0,152.0,1
21502,head & shoulders shampoo 180ml,head & shoulders anti dandruff anti hairfall shampoo 72ml,PROCTER AND GAMBLE,370289.0,197.0,1
21549,mox cv bd 30ml,mox cv bd 228.5mg powder for oral suspension 30ml,RANBAXY,244669.0,67.2,1
22320,pregapex nt 1,pregapex nt tablet 10s,NEUROPEX,373450.0,9999.0,1
23015,folvite active 10s,folvite active capsule 15s,PFIZER,197114.0,265.66,1
23234,kalrise d3 10s,kalrise d3 tablet orange 4s,AXONWAVE PHARMACEUTICALS,370839.0,108.0,1
23389,orimax-n ear drop 5ml,orimax 200mg tablet 10s,OCURIS PHARMA,266332.0,75.0,1
23390,moxicule eye oint 5gm,moxicule eye drop 5ml,OCURIS PHARMA,372058.0,94.0,1
23902,osteocoral ct 1,osteocoral ct tablet 15s,WORIOX PHARM,372967.0,9999.0,1
24573,joy fw charcoal  100 ml,joy on 100mg tablet 4s,OTHERS,218812.0,75.0,1
24604,com-6 1,com 6 capsule 10s,SANSTUTI PHR,368117.0,9999.0,1
24791,vcitra-l 1,vcitra l tablet 10s,VOICEOVER,375748.0,9999.0,1
24792,vitrozole-dsr 1,vitrozole dsr capsule 10s,VOICEOVER,376039.0,9999.0,1
24889,ozpex-10 10s,ozpex 5 scored tablet 10s,NEUROPEX PHARMACEUTICAL,373046.0,80.0,1
24890,ozpex-5 1,ozpex 5 scored tablet 10s,NEUROPEX,373046.0,9999.0,1
25158,accufitt-lc 1,accufitt lc tablet 10s,ACCUFFY,366179.0,9999.0,1
25199,matigesic pain relif oil 60ml,matigesic pain relief oil 60ml,ASARVA LIFESCIENCES,377736.0,149.0,1
25264,caroshan k2 1,caroshan k2 softgel capsule 10s,DRIGHYAM,367659.0,9999.0,1
27197,pregapex-75 10s,pregapex nt tablet 10s,NEUROPEX PHARMACEUTICAL,373450.0,165.0,1
27462,salyzap face cleanser 60gm,salyzap daily face cleanser for acne 60gm,FIXDERMA INDIA PVT LTD,379934.0,260.0,1
27510,light weight spf80 lotion 50ml,light cuf syrup 100ml,FIXDERMA INDIA PVT LTD,228115.0,1075.0,1
27517,similac total comfort 350gm,similac total comfort infant formula 350gm,ABBOTT NUTRA,312225.0,850.0,1
27802,threptin micromix  (vanilla) 200gm,threptin micromix powder 200gm vanilla,RAPTAKOS BRETT & CO LTD,326069.0,432.0,1
27920,ig-fit 10s,ig up capsule 10s,HEALTHICA PHARMACEUTICALS,213393.0,270.0,1
28182,hakosil 8 10c,hakosil 8 capsule 10s,YTILIGA PHARMACEUTICALS,206373.0,345.0,1
28324,nasivion 0.5% adult 10ml,nasivion classic adult 0.05% nasal spray 10ml,PROCTER AND GAMBLE HEALTHCARE LTD,362502.0,96.3,1
28384,ac-foe night gel 15gm,ac sera 100 mg/325 mg/15 mg tablet 10s,INSUTIK PHARMACEUTICALS PVT.LT,101243.0,150.0,1
28419,tik liv-m 60ml,tik dom 10mg/20mg tablet 15s,INSUTIK PHARMACEUTICALS PVT.LT,326544.0,75.0,1
28617,dabur grip water 125ml,dabur gripe water 125ml,DABUR INDIA LTD.,362473.0,50.0,1
28836,doze t eye drop 5ml,doze capsule 10s,RAYMED PHARMACEUTICALS LTD,170214.0,289.0,1
29201,hayo-5 eye drop 5ml,hayo eye drop 10ml,OCURIS PHARMA,370285.0,0.0,1
29641,calnano-d3 shot 4.5ml,calnano d3 oral suspension 5ml butterscotch,AKCENT HEALTHCARE,144338.0,98.0,1
29832,enerzal zero orange 5gm,enerzal zero orange sachet 5gm,FDC LTD.,377778.0,14.0,1
29890,diprovate g plus 30gm,diprovate plus g cream 30gm,RANBAXY,382220.0,99.0,1
30394,healacid o syo 170ml,healacid o oral suspension refreshing tangy sugar free 170ml,Ultimate Healthcare,370290.0,116.5,1
30398,u-cox mr 10s,u cox 90 tablet 10s,Ultimate Healthcare,375564.0,168.0,1
30732,calcito-s 10s,calcito s 100iu injection 1ml,AAA PHARMATRADE PVT LTD,378407.0,295.0,1
316931105,l-cin-oz-syp 60ml,l cin syrup 60ml,LUPIN LTD,225422.0,164.9,1
318331195,new olesoft max cream 300gm,new olesoft max cream 150gm,ALKEM,372412.0,715.0,1
318331196,olesoft  ph 5.5 soap 75gm,olesoft 5.5 moisturizing soap 75gm,ALKEM,383276.0,180.0,1
339230253,majik gold 15s,majik capsule 10s,IND SWIFT LABORATORIES LTD,234065.0,163.35,1
350631168,moforx - kt eye drop 5ml,moforx eye drop 5ml,IRX PHARMACEUTICALS PVT. LTD.,371943.0,170.0,1
9415,o lyte ors 200ml,o lyte liquid 200ml apple,ARISTO,259210.0,27.99,1
9656,oflomac oral sol. 30ml,oflomac oral solution 30ml,MACLEODS,260878.0,36.0,1
11285,sensodyne repair & protect 70gm,sensodyne repair & protect toothpaste 70gm,GSK OTC,309920.0,185.0,1
12701,sensodyne repair & protect 100gm,sensodyne repair & protect toothpaste 100gm,GSK OTC,309923.0,220.0,1
15769,whisper choice ultra 6psc,whisper choice ultra sanitary pads 20 xl,PROCTER AND GAMBLE,342650.0,45.0,1
15845,sensodyne tp frsh mint 75gm,sensodyne toothpaste 75gm fresh mint,COSMETIC,309933.0,120.0,1
16352,stayfree secure 6xl 1s,stayfree secure with wings xl 20s,COSMETIC,374710.0,36.0,1
17317,liquid based hand sanitizer 100ml,liquid parafin 100ml,OTHERS,228733.0,0.01,1
17739,otrivin baby saline nasal spray 1,otrivin baby saline nasal spray 10ml,GSK OTC,372984.0,9999.0,1
18243,formoflo forte r/c 1c,formoflo forte transcaps 30s,LUPIN LTD,197448.0,517.0,1
21206,niine dry comfort 1pcs,niine sanitary napkins with free disposable bag 7,PROCTER AND GAMBLE,253378.0,35.0,1
21209,niine ultra 275.mm 1pcs,niine sanitary napkins with free disposable bag 7,PROCTER AND GAMBLE,253378.0,40.0,1
21382,sarvguard hand rub mist 100ml,sarvguard handrub mist 100ml,ASARVA LIFESCIENCES,377260.0,50.0,1
21959,olay te nrm uv 20gm,olay 20mg tablet 10s,PROCTER AND GAMBLE,261879.0,99.0,1
21978,pampers pants lg 11,pampers splashers disposable swim pants diaper 11 m l,PROCTER AND GAMBLE,269952.0,399.0,1
22312,niine ultra ns 1pcs,niine sanitary napkins with free disposable bag 7,PROCTER AND GAMBLE,253378.0,45.0,1
22806,pudina hara 10 10s,pudina softgel capsule 10s,DABUR INDIA LTD.,382118.0,25.0,1
22931,comfort fab condit 1s,comfort dry syrup 60ml,SURGICAL ITEM,157275.0,56.0,1
23232,divawave od 500 1,divawave od 500 tablet er 10s,AXONWAVE,368768.0,9999.0,1
23235,migrawave plus 5 1,migrawave plus 40mg/5mg tablet 10s,AXONWAVE,371888.0,9999.0,1
23386,amoxiris cv 625 1,amoxiris cv 625 tablet 10s,OCURIS P,366602.0,9999.0,1
23549,sarvguard hand rub mist 60ml,sarvguard handrub mist 60ml,ASARVA LIFESCIENCES,377259.0,30.0,1
23954,whisper choice xl 6 6pcs,whisper choice wings sanitary pads 6 xl,PROCTER AND GAMBLE,362390.0,38.0,1
24603,conawin 200 10 c,conawin 200mg capsule 10s,SANSTUTI PHR,157471.0,289.0,1
24615,bio-c face serum 30ml 1,bio c face serum 30ml,SANSTUTI PHR,367213.0,2330.0,1
24616,to grow hair serum 50ml 1,to grow hair regrowth serum 50ml,SANSTUTI PHR,375295.0,9999.0,1
25941,vaseline int. care deep moist 400 ml 400ml,vaseline lip care 10gm,HINDUSTAN UNILIVER LTD,335904.0,575.0,1
27000,glow & lovely winter cream 80 gm,glow lite cream 20gm,HINDUSTAN UNILIVER LTD,203338.0,210.0,1
28115,ensure high protein choco 200gm bib,ensure high protein chocolate refill powder 200gm,ABBOTT NUTRA,379947.0,350.0,1
28117,ensure high protein vanilla 200gm bib,ensure high protein powder vanilla 200gm,ABBOTT NUTRA,378085.0,350.0,1
28156,sebamed olive facebody wash 200ml,sebamed olive face & body wash 200ml,SEBAMED,309284.0,663.0,1
28984,divawave od 250 10s,divawave od 500 tablet er 10s,AXONWAVE PHARMACEUTICALS,368768.0,0.0,1
29791,u.v avo pro 30spf gel 50gm,u.v dew gel 30gm,MENARINI INDIA PVT LTD,332409.0,750.0,1
30365,fixderma shadow 30 plus gel 75gm,fixderma shadow spf 30 gel 75ml,FIXDERMA INDIA PVT LTD,194778.0,385.0,1
30395,levotropium 5 resplues 2.5*5ml,levotropium respules (2.5ml each) 5ml,Ultimate Healthcare,371192.0,76.0,1
319130951,valprid cr 200 15tab 15s,valprid cr 200 tablet 10s,MICRO,335598.0,103.5,1
319131070,valprid cr 300 15tab 15s,valprid cr 300 tablet 10s,MICRO,335599.0,117.42,1
319431067,mox cv ds cp syp 30ml,mox cv ds 457mg powder for oral suspension 30ml,RANBAXY,362500.0,155.0,1
319431093,riconia lp bottle 30s,riconia lp tablet 15s,RANBAXY,291154.0,176.0,1
323830833,castus denture brusk 1unit,castus denture brush 1s,GROUP PHARMACEUTICALS,381116.0,99.0,1
323831090,pediflor kidz bubble gum 70gm,pediflor kidz toothpaste 70gm,GROUP PHARMACEUTICALS,273675.0,115.0,1
325131071,zapiz 0.25 20tab 20s,zapiz 0.25 tablet 10s,INTAS PHARMACEUTICALS,345934.0,34.48,1
331030548,pediasure zero sucrose-vanilla 400gmbib,pediasure zero sucrose added powder vanilla 400gm,ABBOTT NUTRA,378084.0,595.0,1
332429997,admol jr 125 dt 10s,admol junior 125mg tablet 10s,KEPLER,105502.0,19.25,1
7954,scalpe + anti dandruff shampoo 1,scalpe plus anti dandruff shampoo 75ml,GLENMARK,365674.0,9999.0,1
15834,nivea body ltn aloe 75 ml,nivea aloe hydration body lotion 75ml,NIVEA,254885.0,95.0,1
16031,durex 10 pc mut.org 10pc,durex performa condom 10,RCIL,182479.0,330.0,1
16517,godrej hair color black 21,godrej buzz off anti mosquito skin spray 30ml,GODREJ HOMECARE,364048.0,144.0,1
16899,super manforce condoms (litchi) 10pcs,super manforce 20mg tablet 4s,MANKIND OTC,319201.0,80.0,1
17163,super manforce condoms (litchi) 3pcs,super manforce 20mg tablet 4s,MANKIND OTC,319201.0,25.0,1
21208,niine dry comfort 100 100pcs,niine sanitary napkins with free disposable bag 7,PROCTER AND GAMBLE,253378.0,100.0,1
21383,sarvguard hand rub pump rose 100ml,sarvguard handrub mist 100ml,ASARVA LIFESCIENCES,377260.0,50.0,1
22307,accu check instant 10 10pcs,accu chek instant test strip 10,SURGICAL ITEM,101343.0,425.0,1
23917,jungle for lot roll on 50ml,jungle formula maximum roll on 50ml,WIN MEDI,219001.0,110.0,1
24096,pro pl protien pow. cardamom 500gm,pro pl powder 500gm cardamom,BRITISH BIOLOGICAL,281420.0,588.0,1
25678,manforce condoms (ultrafree) 3s 3pcs,manforce epic hot dots condoms 3s,MANKIND OTC,377414.0,50.0,1
25789,lakme sun expert spf24 s/l 60ml,lakme peach milk moisturiser all skin types 200ml,HINDUSTAN UNILIVER LTD,371042.0,225.0,1
26279,manforce condom(strawberry+vanilla)10s 10pcs,manforce strawberry & vanilla dotted ring cocktail condom 10s,MANKIND OTC,377429.0,90.0,1
26508,manforce epic condoms (pleasure) 10pcs,manforce epic hot dots condoms 3s,MANKIND OTC,377414.0,240.0,1
26681,tynor anklebinder  l d 01,tynor d 01 ankle binder 1 l,TYNOR LTD,331978.0,320.0,1
28141,sebamed anti age q10 prot 50ml,sebamed anti age q10 protection cream 50ml,USV,378095.0,1423.0,1
28871,fixderma shadow spf 50 + cream 75gm,fixderma shadow cream 75gm,FIXDERMA INDIA PVT LTD,194775.0,550.0,1
29197,revital (w)free(4`s) 4s,revital liquid 100ml,SUN PHARMA OTC,290329.0,1.0,1
29711,lamino she jeera flavour 40dis,lamino she diskette jeera 40s,LA RENON HEALTHCARE,371045.0,499.0,1
30768,crocin cold n flu 10s,crocin cold & flu max tablet 15s,GALAXO SMITH KLINE OTC,362193.0,60.31,1
13123,nervmax cap 10c,nervmax capsule 10s,ALKEM,251073.0,198.0,1
24632,conawin cap 100mg,conawin 100mg capsule 10s,SANSTUTI PHR,368128.0,2330.0,1
25162,oxilyk cap 1,oxilyk capsule 10s,ACCUFFY,373013.0,2330.0,1
28487,menopace cap 30s,menopace plus capsule 30s,MEYER,238289.0,395.0,1
28995,tecpiles cap 30c,tecpiles capsule 30s,TECHNO PHARMA PVT LTD,322698.0,245.0,1
31008,activision cap 10c,activision soft gelatin capsule 10s,PROVIS BIOLABS,103451.0,251.0,1
6047,gemneuron cap 1,gemneuron capsule 10s,DEPRI PH,369898.0,2330.0,1
7381,bornvit cap 30c,bornvit capsule 30s,LANDMARK,141309.0,499.0,1
11348,prostagard d4 cap 10c,prostagard d4 capsule 10s,ARISTO,281564.0,145.0,1
18624,vb7 forte capsule 15c,vb7 forte capsule 10s,INTAS PHARMACEUTICALS,336181.0,195.0,1
22318,esmopex dsr cap 1,esmopex dsr capsule 10s,NEUROPEX,369228.0,2330.0,1
22355,rabelute l cap 1,rabelute l capsule sr 10s,RESOLUTE,373687.0,2330.0,1
23245,rabwave d cap 1,rabwave d 30mg/20mg capsule 10s,AXONWAVE,373760.0,2330.0,1
25137,dosin-d cap 1,dosin d capsule 10s,CORONA REMID,169659.0,2330.0,1
26742,glycohale fb rotacap 10c,glycohale fb rotacap 10s,CIPLA LTD,370154.0,503.73,1
30597,cariquel 4.5 cap 10c,cariquel 1.5 capsule 10s,TORRENT,383477.0,230.0,1
350031118,pregabel m cap 10c,pregabel m capsule 10s,KNOLL PHARMACETICALS LTD,279470.0,172.5,1
351430247,san-rd cap 10s,san pm capsule 10s,SANSTUTI PHARMACEUTICALS,296411.0,98.0,1
5176,met stamlo cap 10c,met stamlo capsule er 10s,DR.REDDY,239134.0,134.0,1
7725,prostagard d8 cap 10c,prostagard d8 capsule 10s,ARISTO,281565.0,199.0,1
11038,rabonik 40 plus cap 10c,rabonik 40 plus capsule sr 10s,ERIS PHA,285543.0,258.74,1
9928,nurokind gold rf cap 10c,nurokind  gold rf capsule 10s,MANKIND,362521.0,99.9,1
14141,sgltr tab 1,sgltr tablet 10s,MANKIND,374491.0,2330.0,1
14400,xarelto 15 tab 28s,xarelto 15mg tablet fc 28s,Bayer Ph,343850.0,4060.0,1
16906,digene tab assorted flavour 15s,digene assorted tablet 15s,ABBOTT INDIA LIMITED,376908.0,21.95,1
22313,benfopex tab 1,benfopex tablet 10s,NEUROPEX,367074.0,2330.0,1
22315,dvpex 50 tab 1,dvpex 50 tablet er 10s,NEUROPEX,368966.0,2330.0,1
22317,esmopex 40 tab 1,esmopex 40mg tablet 10s,NEUROPEX,369227.0,2330.0,1
22319,migpex tab 1,migpex 10mg/40mg tablet 10s,NEUROPEX,371884.0,2330.0,1
23508,zeebee tab 10s,zeebee 400mg tablet 1s,RANABXY GENR,346314.0,84.5,1
23744,densive tab 30s,densive denture cleanser tablet 6,GROUP PHARMACEUTICALS,368578.0,24.0,1
24606,fdine tab 10tab,fdine 180mg tablet 10s,SANSTUTI PHR,369475.0,2330.0,1
25160,calove tab 1,calove tablet 10s,ACCUFFY,367557.0,2330.0,1
25492,coehb tab 15s,coehb xt tablet 10s,KOYE PHARMACEUTICALS PVT.LTD,368063.0,207.9,1
25611,repalol 5  tab 10s,repalol tablet 10s,SUN PHAR,289433.0,143.0,1
28173,sodinor tab 10s,sodinor 500mg tablet 10s,YTILIGA PHARMACEUTICALS,313997.0,39.0,1
28180,niftura tab 10s,niftura 100 tablet 10s,YTILIGA PHARMACEUTICALS,253340.0,80.0,1
29439,tofe 5mg tab 10s,tofe tablet 10s,ALKEM,366112.0,429.0,1
30250,anin 20 tab 10s,anin tablet 10s,IND SWIFT LABORATORIES LTD,113138.0,192.5,1
30271,dynapar  tab 15tab 15s,dynapar 50mg/325mg tablet 15s,TROIKAA PHARMACEUTICALS LTD,384666.0,106.35,1
30472,mucotil tab 10s,mucotil ab tablet 10s,TABLET INDIA,372107.0,260.0,1
30611,daze-ap tab 10s,daze forte tablet 10s,MEDSHINE PHARMACEUTICALS,162061.0,125.0,1
30639,menoguard tab 10s,menoguard 250 mg/250 mg tablet 10s,IND SWIFT LABORATORIES LTD,238272.0,262.6,1
30730,parkin tab 15tab 15s,parkin tablet 10s,MICRO,272083.0,22.68,1
30803,calgrow xt tab 15s,calgrow tablet 10s,AAREEN HEALTHCARE PVT LTD,144158.0,352.35,1
30807,topfenac mr tab 10s,topfenac sp tablet 10s,AAREEN HEALTHCARE PVT LTD,327691.0,190.0,1
326330353,fluvoxine cr 50 tab 10s,fluvoxine 200mg tablet cr 10s,SUN PHARMA 2,196577.0,195.0,1
4243,crixan 500 tab 5s,crixan od 500mg er tablet 5s,RANABAXY,383373.0,288.47,1
17589,zoryl 0.5 tab 10s,zoryl 0.5 tablet 15s,INTAS PHARMACEUTICALS,349907.0,100.0,1
23246,toll d tab 1,toll d tablet 10s,AXONWAVE,375328.0,2330.0,1
24563,gabapin nt 200 tab 10s,gabapin nt tablet 10s,INTAS PHARMACEUTICALS,199318.0,237.0,1
24607,moxi-cl 6 tab 6s,moxi cl 500mg/125mg tablet 6s,SANSTUTI PHARMACEUTICALS,372055.0,152.0,1
28174,sodinor ds tab 10s,sodinor ds 1000mg tablet 10s,YTILIGA PHARMACEUTICALS,313998.0,59.0,1
2818,h-vit tab 1,h vit tablet 10s,SYSTOPIC,361796.0,2330.0,1
28867,glura m 500 tab 10s,glura m 500mg tablet 15s,ERIS PHARMA,377289.0,180.0,1
29215,peptopill dsr tab 10c,peptopill 40 tablet 10s,VIGILANT LIFE SCIENCES PVT LTD,373227.0,0.0,1
29251,uc-move tab 10s,uc max tablet 10s,AKSIGEN HOSPITAL CARE,375561.0,713.0,1
30134,itralent sb  tab 10s,itralent 100mg tablet 10s,TALENT INDIA LTD,216726.0,139.0,1
30135,itralent sb 100 tab 10s,itralent 100mg tablet 10s,TALENT INDIA LTD,216726.0,199.0,1
30312,calgrow-c tab 10s,calgrow tablet 10s,AAREEN HEALTHCARE PVT LTD,144158.0,139.9,1
30320,cartimost uc tab 10s,cartimost gm tablet 10s,AAREEN HEALTHCARE PVT LTD,146035.0,649.0,1
30496,hopjoy man tab 10s,hopjoy tablet 10s,KEPLER,211681.0,209.0,1
30513,tissot hc tab 10s,tissot tablet 10s,KEPLER,326865.0,200.0,1
30622,cellforte-lc tab 10s,cellforte tablet 10s,Ultimate Healthcare,149313.0,196.0,1
30754,corbis t 5 tab 10s,corbis 5 tablet 10s,TORRENT,157962.0,141.5,1
315531138,epnone t 10 tab 10s,epnone t 10 tablet combikit 20s,MSN LABORATORIES,369182.0,230.58,1
329231073,bisobis t 5 tab 10s,bisobis 5mg tablet 10s,CORONA REMIDIES PVT.LTD,380441.0,141.5,1
357030242,hakotam-d tab 10s,hakotam tablet mr 10s,YTILIGA PHARMACEUTICALS,206374.0,358.0,1
49430957,maxicef o 100 dt tab 10s,maxicef o 200mg tablet 10s,ARISTO,377851.0,88.95,1
86730818,stig dm 1000 tab 10s,stig mt 50mg/1000mg tablet 15s,DR. REDDY LABORATORIES LTD,377377.0,210.0,1
86730819,stig dm 500 tab 10s,stig mt 50mg/500mg tablet 15s,DR. REDDY LABORATORIES LTD,377376.0,210.0,1
22903,pearl d3 forte tab 1,pearl d3 forte tablet 10s,DRIGHYAM,373186.0,2330.0,1
26733,al-mity plus tab 15s,al mity tablet 10s,LUPIN LTD,108904.0,295.0,1
30000,uri-3 tm tab 15s,uri lb 625 tablet 10s,TRUHEALTHY LLP,375648.0,499.0,1
317731023,torglip dm 10/1000/100 tab 10s,torglip dm 100mg/10mg/500mg tablet 10s,TORRENT,383054.0,209.0,1
329231072,bisobis t 2.5 tab 10s,bisobis 2.5mg tablet 10s,CORONA REMIDIES PVT.LTD,380433.0,120.0,1
29214,neurotab-nt 400mg tab 10s,neuro 12 tablet 10s,VIGILANT LIFE SCIENCES PVT LTD,251516.0,250.0,6
29214,neurotab-nt 400mg tab 10s,neuro forte tablet 10s,VIGILANT LIFE SCIENCES PVT LTD,251521.0,250.0,6
29214,neurotab-nt 400mg tab 10s,neuro g tablet 10s,VIGILANT LIFE SCIENCES PVT LTD,251523.0,250.0,6
29214,neurotab-nt 400mg tab 10s,neuro gardian tablet 10s,VIGILANT LIFE SCIENCES PVT LTD,251524.0,250.0,6
29214,neurotab-nt 400mg tab 10s,neuro lp tablet 10s,VIGILANT LIFE SCIENCES PVT LTD,251528.0,250.0,6
29214,neurotab-nt 400mg tab 10s,neuro mcm tablet 10s,VIGILANT LIFE SCIENCES PVT LTD,251530.0,250.0,6
29708,escigress 40mg tab 10s,escigress 10 tablet 10s,LA RENON HEALTHCARE,188469.0,99.0,3
29708,escigress 40mg tab 10s,escigress 20mg tablet 10s,LA RENON HEALTHCARE,188470.0,99.0,3
29708,escigress 40mg tab 10s,escigress 5 tablet 10s,LA RENON HEALTHCARE,188471.0,99.0,3
30620,ease tab 15s,ease out 4mg tablet 10s,MEDSHINE PHARMACEUTICALS,183316.0,65.0,2
30620,ease tab 15s,ease out 8mg tablet 10s,MEDSHINE PHARMACEUTICALS,183317.0,65.0,2
30806,gabafix 50 tab 10s,gabafix m sr tablet 10s,AAREEN HEALTHCARE PVT LTD,199222.0,99.0,2
30806,gabafix 50 tab 10s,gabafix nt tablet 10s,AAREEN HEALTHCARE PVT LTD,199223.0,99.0,2
317731076,britzilam sr 200 tab 10s,britzilam 100 tablet 14s,TORRENT,367386.0,499.0,8
317731076,britzilam sr 200 tab 10s,britzilam 100 tablet 15s,TORRENT,367387.0,499.0,8
317731076,britzilam sr 200 tab 10s,britzilam 25 tablet 14s,TORRENT,367388.0,499.0,8
317731076,britzilam sr 200 tab 10s,britzilam 50 tablet 14s,TORRENT,367389.0,499.0,8
317731076,britzilam sr 200 tab 10s,britzilam 50 tablet 15s,TORRENT,367390.0,499.0,8
317731076,britzilam sr 200 tab 10s,britzilam 75 tablet 14s,TORRENT,367391.0,499.0,8
317731076,britzilam sr 200 tab 10s,britzilam 75 tablet 15s,TORRENT,367392.0,499.0,8
317731076,britzilam sr 200 tab 10s,britzilam 10mg tablet 14s,TORRENT,382976.0,499.0,8
G089,proanagen tab,proanagen tablet 10s,,280622.0,,2
G089,proanagen tab,proanagen tablet 3s,,280623.0,,2
14363,olkem 20h tab 10s,olkem 20h tablet 15s,ALKEM,262253.0,217.0,2
14363,olkem 20h tab 10s,olkem cl tablet 10s,ALKEM,262263.0,217.0,2
15034,myosone plus tab 10s,myosone sr tablet 10s,MACLEODS,247299.0,83.5,2
15034,myosone plus tab 10s,myosone tablet 10s,MACLEODS,247300.0,83.5,2
22314,cz-pex 10 md tab 10s,2 cz tablet 10s,NEUROPEX PHARMACEUTICAL,100072.0,100.0,3
22314,cz-pex 10 md tab 10s,cz 3 tablet 10s,NEUROPEX PHARMACEUTICAL,160816.0,100.0,3
22314,cz-pex 10 md tab 10s,cz plus tablet 10s,NEUROPEX PHARMACEUTICAL,160819.0,100.0,3
25523,eslo at 5mg tab 15s,eslo 5 tablet 15s,ZUVENTUS,188691.0,184.95,2
25523,eslo at 5mg tab 15s,eslo at tablet 15s,ZUVENTUS,188695.0,184.95,2
27069,immunace extra tab 15s,immunace extra tablet 30s,MEYER,377242.0,145.0,2
27069,immunace extra tab 15s,immunace extra tablet 10s,MEYER,380175.0,145.0,2
28866,glura m 1000 tab 10s,glura m 50mg/1000mg tablet 15s,ERIS PHARMA,377275.0,180.0,2
28866,glura m 1000 tab 10s,glura m xr 50mg/1000mg tablet 15s,ERIS PHARMA,377288.0,180.0,2
29268,clasifix-of tab 10s,clasifix 200mg tablet 10s,GRANDCURE HEALTHCARE PVT LTD,153818.0,0.0,2
29268,clasifix-of tab 10s,clasifix of 200 mg/200 mg tablet 10s,GRANDCURE HEALTHCARE PVT LTD,153820.0,0.0,2
30306,arorab dsr tab 15s,arorab 40mg tablet 10s,AAREEN HEALTHCARE PVT LTD,366757.0,163.5,2
30306,arorab dsr tab 15s,arorab plus tablet 10s,AAREEN HEALTHCARE PVT LTD,382816.0,163.5,2
30431,myospas th 4  tab 10s,myospas tablet 10s,WIN MEDICARE,372176.0,268.0,2
30431,myospas th 4  tab 10s,myospas et 60mg/4mg tablet 10s,WIN MEDICARE,247302.0,268.0,2
30612,ease-np tab 10s,ease out 4mg tablet 10s,MEDSHINE PHARMACEUTICALS,183316.0,90.0,2
30612,ease-np tab 10s,ease out 8mg tablet 10s,MEDSHINE PHARMACEUTICALS,183317.0,90.0,2
30613,ease-th tab 10s,ease out 4mg tablet 10s,MEDSHINE PHARMACEUTICALS,183316.0,235.0,2
30613,ease-th tab 10s,ease out 8mg tablet 10s,MEDSHINE PHARMACEUTICALS,183317.0,235.0,2
30614,brom-rt tab 10s,brom 1.25mg tablet 10s,MEDSHINE PHARMACEUTICALS,142016.0,325.0,2
30614,brom-rt tab 10s,brom 2.5mg tablet 10s,MEDSHINE PHARMACEUTICALS,142017.0,325.0,2
316230945,derek l tab 10s,derek 10mg tablet 10s,ALBERT DAVID,163863.0,201.7,2
316230945,derek l tab 10s,derek 20 tablet 10s,ALBERT DAVID,163864.0,201.7,2
343230793,telmital beta 25 tab 10s,telmital 40 tablet 10s,TALENT INDIA LTD,323620.0,100.0,4
343230793,telmital beta 25 tab 10s,telmital 80 tablet 10s,TALENT INDIA LTD,323621.0,100.0,4
343230793,telmital beta 25 tab 10s,telmital a tablet 10s,TALENT INDIA LTD,323622.0,100.0,4
343230793,telmital beta 25 tab 10s,telmital ct tablet 10s,TALENT INDIA LTD,323623.0,100.0,4
343230794,telmital beta 50 tab 10s,telmital 40 tablet 10s,TALENT INDIA LTD,323620.0,120.0,4
343230794,telmital beta 50 tab 10s,telmital 80 tablet 10s,TALENT INDIA LTD,323621.0,120.0,4
343230794,telmital beta 50 tab 10s,telmital a tablet 10s,TALENT INDIA LTD,323622.0,120.0,4
343230794,telmital beta 50 tab 10s,telmital ct tablet 10s,TALENT INDIA LTD,323623.0,120.0,4
343230795,telmital ln tab 10s,telmital 40 tablet 10s,TALENT INDIA LTD,323620.0,95.0,4
343230795,telmital ln tab 10s,telmital 80 tablet 10s,TALENT INDIA LTD,323621.0,95.0,4
343230795,telmital ln tab 10s,telmital a tablet 10s,TALENT INDIA LTD,323622.0,95.0,4
343230795,telmital ln tab 10s,telmital ct tablet 10s,TALENT INDIA LTD,323623.0,95.0,4
5553,immunace forte tab 15s,immunace forte tablet 6s,MEYER,364558.0,111.0,2
5553,immunace forte tab 15s,immunace forte tablet 30s,MEYER,366088.0,111.0,2
8353,new celin 500 tab 1,new zomnia 1mg tablet 10s,KOYE PHA,252256.0,2330.0,2
8353,new celin 500 tab 1,new celin chewable tablet 20s,KOYE PHA,372382.0,2330.0,2
28828,stalix m 50+850 tab 10s,stalix m 50mg/850mg tablet 15s,TORRENT,377895.0,208.5,2
28828,stalix m 50+850 tab 10s,stalix m xr 50mg/500mg tablet 10s,TORRENT,378268.0,208.5,2
317730859,encelin dm 100/10/500 tab 10s,encelin m sr 500 tablet 10s,TORRENT,369116.0,199.0,4
317730859,encelin dm 100/10/500 tab 10s,encelin od 100 tablet 10s,TORRENT,369117.0,199.0,4
317730859,encelin dm 100/10/500 tab 10s,encelin d 10mg tablet 10s,TORRENT,376779.0,199.0,4
317730859,encelin dm 100/10/500 tab 10s,encelin d 10mg tablet sr 10s,TORRENT,378031.0,199.0,4
317731065,encelin dm 100/10/1000 tab 10s,encelin m sr 1000 tablet 10s,TORRENT,369115.0,209.0,4
317731065,encelin dm 100/10/1000 tab 10s,encelin od 100 tablet 10s,TORRENT,369117.0,209.0,4
317731065,encelin dm 100/10/1000 tab 10s,encelin d 10mg tablet 10s,TORRENT,376779.0,209.0,4
317731065,encelin dm 100/10/1000 tab 10s,encelin d 10mg tablet sr 10s,TORRENT,378031.0,209.0,4
318331144,glucoryl mv 1/0.2 tab 15s,glucoryl mv 2/0.3 tablet sr 15s,ALKEM,203603.0,269.0,2
318331144,glucoryl mv 1/0.2 tab 15s,glucoryl mv 2 tablet sr 15s,ALKEM,203600.0,269.0,2
331130899,siglyn dm 100/1000 tab 10s,siglyn m 100mg/1000mg tablet 10s,ZYDUS CADILA HEALTHCARE LTD,377446.0,230.0,2
331130899,siglyn dm 100/1000 tab 10s,siglyn 100mg tablet 10s,ZYDUS CADILA HEALTHCARE LTD,377448.0,230.0,2
331130900,siglyn dm 100/500 tab 10s,siglyn m 100mg/500mg tablet 10s,ZYDUS CADILA HEALTHCARE LTD,377445.0,230.0,2
331130900,siglyn dm 100/500 tab 10s,siglyn 100mg tablet 10s,ZYDUS CADILA HEALTHCARE LTD,377448.0,230.0,2
28822,sitaxa m 50 plus 1000 tab 10s,sitaxa m xr 100mg/1000mg tablet 10s,TORRENT,377316.0,208.5,3
28822,sitaxa m 50 plus 1000 tab 10s,sitaxa m xr 50mg/500mg tablet 10s,TORRENT,377338.0,208.5,3
28822,sitaxa m 50 plus 1000 tab 10s,sitaxa m 50mg/1000mg tablet 15s,TORRENT,377341.0,208.5,3
16861,ampilox cap 10c,ampilox capsule 10s,CIPLA,111949.0,137.6,2
16861,ampilox cap 10c,ampilox capsule 15s,CIPLA,366612.0,137.6,2
5750,wellwoman cap 30c,wellwoman capsule 30s,MEYER,342255.0,313.0,2
5750,wellwoman cap 30c,wellwoman capsule 15s,MEYER,342256.0,313.0,2
21628,shilajit gold cap 20s 20c,shilajit xt capsule 60s,DABUR IN,311408.0,445.0,2
21628,shilajit gold cap 20s 20c,shilajit capsule 60s,DABUR IN,377881.0,445.0,2
30904,callaxo bd cap 10c,callaxo max capsule 10s,AKCENT HEALTHCARE,144236.0,450.0,2
30904,callaxo bd cap 10c,callaxo plus capsule 30s,AKCENT HEALTHCARE,144237.0,450.0,2
314031096,rabeloc it cap 10s,rabeloc plus capsule sr 10s,CADILA HEALTHCARE LTD,284755.0,270.0,2
314031096,rabeloc it cap 10s,rabeloc rd capsule 10s,CADILA HEALTHCARE LTD,284756.0,270.0,2
14878,radcal 60k softgel cap 1,radcal 60k soft gelatin capsule 4s,RADICOOL,285814.0,2330.0,2
14878,radcal 60k softgel cap 1,radcal max softgel capsule 10s,RADICOOL,378353.0,2330.0,2
16007,gemsoline-d3 60k cap 4c,gemsoline d3 60k capsule 4s,MEDLE,200643.0,105.25,2
16007,gemsoline-d3 60k cap 4c,gemsoline d3 60k capsule 8s,MEDLE,369901.0,105.25,2
9821,nurokind plus rf cap 10c,nurokind plus rf capsule 15s,MANKIND,257806.0,99.9,2
9821,nurokind plus rf cap 10c,nurokind plus rf capsule 10s,MANKIND,362522.0,99.9,2
12965,vicks 25ml 1,vicks inhaler 1,P&G,362425.0,9999.0,2
12965,vicks 25ml 1,vicks vaporub 25gm,P&G,362475.0,9999.0,2
15747,emeset 4ml inq,emeset 4 tablet 10s,CIPLA LTD,361832.0,29.06,3
15747,emeset 4ml inq,emeset 4 mg tablet md 10s,CIPLA LTD,363885.0,29.06,3
15747,emeset 4ml inq,emeset 8mg injection 4ml,CIPLA LTD,378630.0,29.06,3
16200,odomos cream vit e.23gm,odomos naturals cream 100gm,OTHERS,260048.0,28.0,3
16200,odomos cream vit e.23gm,odomos naturals cream 50gm,OTHERS,260050.0,28.0,3
16200,odomos cream vit e.23gm,odomos naturals cream 25gm,OTHERS,260051.0,28.0,3
17053,novorapid flexpen 100iu/ml sol 1penfill,novorapid 100iu/ml penfill 3ml,E-LILLY,256680.0,870.0,2
17053,novorapid flexpen 100iu/ml sol 1penfill,novorapid 100iu/ml penfill 5,E-LILLY,256681.0,870.0,2
20850,maxrich lotion 150ml,maxrich intensive moisturizing lotion 150gm,Glenmark Pharmaceuticals Ltd,371586.0,425.0,2
20850,maxrich lotion 150ml,maxrich intensive moisturizing lotion 150ml,Glenmark Pharmaceuticals Ltd,378112.0,425.0,2
21109,retinox capule 30c,retinox capsule 30s,AJANTA PHARMA LTD,290157.0,196.33,2
21109,retinox capule 30c,retinox capsule 10s,AJANTA PHARMA LTD,290158.0,196.33,2
21367,castor oil 50ml,castor oil 100ml,AGGARWAL SURGICALS,380844.0,74.0,3
21367,castor oil 50ml,castor oil 200ml,AGGARWAL SURGICALS,381290.0,74.0,3
21367,castor oil 50ml,castor oil 60ml,AGGARWAL SURGICALS,381311.0,74.0,3
21370,veet cream 30gm,veet hair removal cream dry skin 30gm,RCIL,378475.0,75.0,2
21370,veet cream 30gm,veet pure hair removal cream sensitive skin 30gm,RCIL,380113.0,75.0,2
27464,salyzap lotion (nt) 20ml,salyzap body lotion for acne 20gm,FIXDERMA INDIA PVT LTD,296156.0,325.0,2
27464,salyzap lotion (nt) 20ml,salyzap lotion acne night time 20gm,FIXDERMA INDIA PVT LTD,379938.0,325.0,2
30323,mummum sachet 13.5gm,mummum powder 500gm,FDC LTD.,246052.0,199.0,2
30323,mummum sachet 13.5gm,mummum powder 400gm,FDC LTD.,372116.0,199.0,2
319430894,budefex 0.5mg suspension 2ml,budefex 0.5 respules 2ml 5n,RANBAXY,383264.0,20.17,2
319430894,budefex 0.5mg suspension 2ml,budefex 0.5 respules 2ml 7n,RANBAXY,383265.0,20.17,2
339931043,raymoxi gel 5ml,raymoxi eye drop 5ml,RAYMED PHARMACEUTICALS LTD,287233.0,250.0,2
339931043,raymoxi gel 5ml,raymoxi eye ointment 5gm,RAYMED PHARMACEUTICALS LTD,287234.0,250.0,2
6593,hemfer syp 1,hemfer syrup 225ml,ALKEM,362040.0,9999.0,2
6593,hemfer syp 1,hemfer syrup 200ml,ALKEM,383332.0,9999.0,2
11087,vicks vap 5gm,vicks vaporub 5gm,PROCTER AND GAMBLE,337753.0,21.0,2
11087,vicks vap 5gm,vicks vaporub 5ml,PROCTER AND GAMBLE,380649.0,21.0,2
14532,nebzmart fb 1mg respules,nebzmart fb 1mg smartules 2ml 7ml,GLENMARK,372282.0,9999.0,2
14532,nebzmart fb 1mg respules,nebzmart inhaler 1,GLENMARK,250135.0,9999.0,2
15194,similac 2 400gm bib,similac infant formula stage 2 400gm,ABBOTT N,376894.0,380.0,2
15194,similac 2 400gm bib,similac follow up formula stage 2 400gm,ABBOTT N,312216.0,380.0,2
15363,pediasure choco 1kg bib,pediasure powder 1kg premium chocolate,ABBOTT N,273632.0,1190.0,2
15363,pediasure choco 1kg bib,pediasure refill pack 1kg premium chocolate,ABBOTT N,273639.0,1190.0,2
16378,iodex ultra gel15gm,iodex ultra gel 30gm,GALAXO SMITH KLINE OTC,215764.0,65.0,2
16378,iodex ultra gel15gm,iodex ultra gel 15gm,GALAXO SMITH KLINE OTC,382633.0,65.0,2
16397,sensodyne fresh gel 150gm,sensodyne fresh gel toothpaste 150gm,GSK OTC,309912.0,210.0,2
16397,sensodyne fresh gel 150gm,sensodyne fresh gel 150gm (free brush),GSK OTC,381916.0,210.0,2
16878,novomix 30 100iu/ml penfill 5*3ml,novomix 30 100iu/ml penfill 5,E-LILLY,256650.0,774.4,3
16878,novomix 30 100iu/ml penfill 5*3ml,novomix 30 100iu/ml penfill 3ml,E-LILLY,256651.0,774.4,3
16878,novomix 30 100iu/ml penfill 5*3ml,novomix 30 flexpen 100iu/ml 3ml,E-LILLY,256652.0,774.4,3
18461,mesacol enema 1sachet,mesacol enema 60ml,SUN PHARMA 2,238892.0,118.5,3
18461,mesacol enema 1sachet,mesacol enema 100ml,SUN PHARMA 2,238893.0,118.5,3
18461,mesacol enema 1sachet,mesacol enema 100ml,SUN PHARMA 2,383374.0,118.5,3
21732,ortho heating gel pad i 87,ortho relax gel 30gm,OTHERS,266770.0,725.0,2
21732,ortho heating gel pad i 87,ortho joint gel 75gm,OTHERS,381986.0,725.0,2
22250,dr ortho creem 15gm,dr ortho oil 60ml,DR ORTHO AYURVEDIC,362476.0,48.0,5
22250,dr ortho creem 15gm,dr ortho capsule 30s,DR ORTHO AYURVEDIC,363764.0,48.0,5
22250,dr ortho creem 15gm,dr ortho capsule 60s,DR ORTHO AYURVEDIC,363765.0,48.0,5
22250,dr ortho creem 15gm,dr ortho oil 120ml,DR ORTHO AYURVEDIC,363768.0,48.0,5
22250,dr ortho creem 15gm,dr 5 cream 10gm,DR ORTHO AYURVEDIC,368870.0,48.0,5
22587,vicks vaporab 25ml 19+1,vicks inhaler 1,PROCTER AND GAMBLE,362425.0,1600.0,2
22587,vicks vaporab 25ml 19+1,vicks vaporub 25gm,PROCTER AND GAMBLE,362475.0,1600.0,2
22702,sensodyne fresh gel 40gm 1,sensodyne fresh gel toothpaste 40gm,GSK OTC,309915.0,9999.0,2
22702,sensodyne fresh gel 40gm 1,sensodyne fresh gel toothpaste 40gm,GSK OTC,379997.0,9999.0,2
22785,pure hands 500ml (litchi),pure nutrition organic virgin olive oil 500ml,HIMALAYA DRUG CO.,282788.0,250.0,2
22785,pure hands 500ml (litchi),pure nutrition organic raw virgin coconut oil 500ml,HIMALAYA DRUG CO.,282786.0,250.0,2
24643,k-20 cream 30gm,k tron suspension 30ml,SANSTUTI PHR,219227.0,159.0,2
24643,k-20 cream 30gm,k2 ziv cream 20gm,SANSTUTI PHR,219235.0,159.0,2
24644,k-20 soap 75gm,k acne soap 75gm,SANSTUTI PHR,219158.0,120.0,4
24644,k-20 soap 75gm,k mide soap 75gm,SANSTUTI PHR,219203.0,120.0,4
24644,k-20 soap 75gm,k zpto soap 75gm,SANSTUTI PHR,223580.0,120.0,4
24644,k-20 soap 75gm,k fung soap 75gm,SANSTUTI PHR,385811.0,120.0,4
26988,glucon d 125gm,glucon d powder 125gm,ZYDUS WELLNES PRODUCT LTD.,203504.0,31.0,2
26988,glucon d 125gm,glucon d powder 125gm,ZYDUS WELLNES PRODUCT LTD.,378120.0,31.0,2
27998,betaseptic antiseptic handgel 60ml,betaseptic liquid 100ml,WIN MEDICARE OTC,125778.0,30.0,2
27998,betaseptic antiseptic handgel 60ml,betaseptic lotion 50ml,WIN MEDICARE OTC,125779.0,30.0,2
28364,so soft cream 50gm,so sweet stevia spoonable 200gm,BRAWN COSMETICS & HERBALS PVT,313939.0,110.0,11
28364,so soft cream 50gm,so sweet stevia spoonable 1kg,BRAWN COSMETICS & HERBALS PVT,313940.0,110.0,11
28364,so soft cream 50gm,so sweet stevia sachet 25,BRAWN COSMETICS & HERBALS PVT,313942.0,110.0,11
28364,so soft cream 50gm,so sweet stevia leaves 25gm,BRAWN COSMETICS & HERBALS PVT,365801.0,110.0,11
28364,so soft cream 50gm,so sweet stevia spoonable 100gm,BRAWN COSMETICS & HERBALS PVT,365802.0,110.0,11
28364,so soft cream 50gm,so sweet stevia spoonable 250gm,BRAWN COSMETICS & HERBALS PVT,365803.0,110.0,11
28364,so soft cream 50gm,so sweet stevia tablet 500s,BRAWN COSMETICS & HERBALS PVT,365804.0,110.0,11
28364,so soft cream 50gm,so sweet pure stevia extract 10gm,BRAWN COSMETICS & HERBALS PVT,313937.0,110.0,11
28364,so soft cream 50gm,so sweet rebaudioside a 97% 10gm,BRAWN COSMETICS & HERBALS PVT,313938.0,110.0,11
28364,so soft cream 50gm,so sweet stevia gift pack 1,BRAWN COSMETICS & HERBALS PVT,313941.0,110.0,11
28364,so soft cream 50gm,so sweet pure stevia extract 25gm,BRAWN COSMETICS & HERBALS PVT,365800.0,110.0,11
29407,polybion active syp 100ml,polybion sf syrup 100ml,PROCTER AND GAMBLE HEALTHCARE LTD,277981.0,0.0,2
29407,polybion active syp 100ml,polybion active syrup 250ml,PROCTER AND GAMBLE HEALTHCARE LTD,373355.0,0.0,2
30389,airwin bf-200cap 30c,airwin bf 200 capsule 30s,Ultimate Healthcare,366379.0,184.0,2
30389,airwin bf-200cap 30c,airwin bf 400 capsule 30s,Ultimate Healthcare,366380.0,184.0,2
316230944,alamin rx powder 10gm,alamin  rld powder 10gm,ALBERT DAVID,107038.0,49.69,2
316230944,alamin rx powder 10gm,alamin rx granules 10gm,ALBERT DAVID,107039.0,49.69,2
317730954,pregaba 75 15cap,pregaba 75 capsule 10s,TORRENT,279454.0,305.7,2
317730954,pregaba 75 15cap,pregaba sr 75 tablet 10s,TORRENT,279458.0,305.7,2
320431185,digeraft plus susp 150ml,digeraft oral suspension mint 150ml,ABBOTT INDIA LIMITED,368717.0,195.0,2
320431185,digeraft plus susp 150ml,digeraft xt oral suspension mint 150ml,ABBOTT INDIA LIMITED,377702.0,195.0,2
350231039,radiant-lite cream 20gm,radiant syrup 60ml,PERCOS INDIA PVT LTD,285833.0,480.0,2
350231039,radiant-lite cream 20gm,radiant tablet 10s,PERCOS INDIA PVT LTD,285834.0,480.0,2
50030887,top mf lotion 150ml,top 40mg injection 1,SYSTOPIC,327550.0,249.0,2
50030887,top mf lotion 150ml,top d tablet 10s,SYSTOPIC,327551.0,249.0,2
7860,new livfit syp 200ml,new bnc syrup 200ml,ALEMBIC,252059.0,163.0,3
7860,new livfit syp 200ml,new feripro syrup 200ml,ALEMBIC,252091.0,163.0,3
7860,new livfit syp 200ml,new vivadase syrup 200ml,ALEMBIC,252243.0,163.0,3
8510,water bottle,water for injection 5ml,,341728.0,,3
8510,water bottle,water for injection 10ml,,341729.0,,3
8510,water bottle,water for injection injection 10ml,,341730.0,,3
8823,tetmosol medicated soap 1,tetmosol medicated soap 75gm,PIRAMAL,325106.0,9999.0,2
8823,tetmosol medicated soap 1,tetmosol medicated soap 100gm,PIRAMAL,377179.0,9999.0,2
9621,microcef 50dry syp 50ml,microcef 50mg dry syrup 50ml,MICRO,377933.0,107.0,2
9621,microcef 50dry syp 50ml,microcef 50mg syrup 30ml,MICRO,378576.0,107.0,2
9680,threptin reguler 275gm,threptin diskette 275gm chocolate,RAPTAKOS,326064.0,459.0,3
9680,threptin reguler 275gm,threptin diskette 275gm vanilla,RAPTAKOS,326065.0,459.0,3
9680,threptin reguler 275gm,threptin lite diskette 275gm,RAPTAKOS,326068.0,459.0,3
9757,t-98 susp. 60ml,t 98 plus suspension 60ml,MANKIND,320805.0,22.46,3
9757,t-98 susp. 60ml,t 98 ds suspension 60ml,MANKIND,320914.0,22.46,3
9757,t-98 susp. 60ml,t 98 paediatric suspension 60ml,MANKIND,320916.0,22.46,3
10044,surbex xt softlets 15softlet,surbex capsule 10s,ABBOTT INDIA,319496.0,130.96,2
10044,surbex xt softlets 15softlet,surbex xt soflets 15,ABBOTT INDIA,361836.0,130.96,2
12561,joy fruit cr. 200ml,joy on 100mg tablet 4s,OTHERS,218812.0,158.0,5
12561,joy fruit cr. 200ml,joy on 50mg tablet 4s,OTHERS,218813.0,158.0,5
12561,joy fruit cr. 200ml,joy division aquaglide medical lubricant 50ml,OTHERS,218800.0,158.0,5
12561,joy fruit cr. 200ml,joy division bioglide natural lubricant 40ml,OTHERS,218801.0,158.0,5
12561,joy fruit cr. 200ml,joy division ironman performance spray 30ml,OTHERS,218807.0,158.0,5
12847,listerine f. brust 80ml,listerine freshburst mouth wash 80ml,J&J CONS,228811.0,60.0,4
12847,listerine f. brust 80ml,listerine original mouth wash 80ml,J&J CONS,228816.0,60.0,4
12847,listerine f. brust 80ml,listerine cavity fighter mouth wash 80ml,J&J CONS,228805.0,60.0,4
12847,listerine f. brust 80ml,listerine mouth wash 80ml cool mint,J&J CONS,228812.0,60.0,4
12848,listerine f. brust 250ml,listerine original mouth wash 250ml,J&J CONS,228815.0,150.0,5
12848,listerine f. brust 250ml,listerine freshburst mouth wash 250ml,J&J CONS,366091.0,150.0,5
12848,listerine f. brust 250ml,listerine cavity fighter mouth wash 250ml,J&J CONS,228807.0,150.0,5
12848,listerine f. brust 250ml,listerine cool citrus mouth wash 250ml,J&J CONS,228808.0,150.0,5
12848,listerine f. brust 250ml,listerine mouth wash 250ml cool mint,J&J CONS,228813.0,150.0,5
16818,pure hands advanced 500ml,pure nutrition organic virgin olive oil 500ml,HIMALAYA DRUG CO.,282788.0,500.0,2
16818,pure hands advanced 500ml,pure nutrition organic raw virgin coconut oil 500ml,HIMALAYA DRUG CO.,282786.0,500.0,2
17732,nan pro 1 400gm,nan 25mg injection 1,NESTLE INDIA LTD,248174.0,725.0,2
17732,nan pro 1 400gm,nan 50mg injection 1,NESTLE INDIA LTD,248175.0,725.0,2
18562,insugen 30/70 vail 10ml,insugen 30/70 injection 100iu/ml 10ml,BIOCON,215425.0,157.7,2
18562,insugen 30/70 vail 10ml,insugen 30/70 injection 40iu/ml 10ml,BIOCON,215426.0,157.7,2
20129,insugen-r vial 10ml,insugen injection 10ml,BIOCON,215430.0,156.9,3
20129,insugen-r vial 10ml,insugen r 100iu/ml solution for injection 10ml,BIOCON,215436.0,156.9,3
20129,insugen-r vial 10ml,insugen r 40iu/ml solution for injection 10ml,BIOCON,215437.0,156.9,3
20623,inhalex respules 10s,inhalex respules 5,CIPLA LTD,214930.0,27.28,3
20623,inhalex respules 10s,inhalex respules 10,CIPLA LTD,214931.0,27.28,3
20623,inhalex respules 10s,inhalex respules 2ml,CIPLA LTD,214932.0,27.28,3
21589,wings aid 1s,wings honey paste 100gm,WINGS,342898.0,3.0,5
21589,wings aid 1s,wings honey paste 500gm,WINGS,342899.0,3.0,5
21589,wings aid 1s,wings honey paste 25gm,WINGS,342900.0,3.0,5
21589,wings aid 1s,wings honey powder 200gm,WINGS,342901.0,3.0,5
21589,wings aid 1s,wings honey powder 50gm,WINGS,342902.0,3.0,5
22114,yogi aloevera gel 60gm 60s,yogi kanthika pills 70,OTHERS,345242.0,50.0,2
22114,yogi aloevera gel 60gm 60s,yogi kanthika pills 140,OTHERS,345243.0,50.0,2
23012,met xl 75 10s,met 1000mg tablet sr 10s,AJANTA PHARMA LTD,239103.0,124.0,13
23012,met xl 75 10s,met 400mg tablet 10s,AJANTA PHARMA LTD,239104.0,124.0,13
23012,met xl 75 10s,met 500 tablet 10s,AJANTA PHARMA LTD,239105.0,124.0,13
23012,met xl 75 10s,met 500mg tablet 10s,AJANTA PHARMA LTD,239106.0,124.0,13
23012,met xl 75 10s,met acs tablet 10s,AJANTA PHARMA LTD,239107.0,124.0,13
23012,met xl 75 10s,met b12 tablet 10s,AJANTA PHARMA LTD,239110.0,124.0,13
23012,met xl 75 10s,met b3g tablet 10s,AJANTA PHARMA LTD,239112.0,124.0,13
23012,met xl 75 10s,met janisha tablet sr 10s,AJANTA PHARMA LTD,239127.0,124.0,13
23012,met xl 75 10s,met stamlo capsule er 10s,AJANTA PHARMA LTD,239134.0,124.0,13
23012,met xl 75 10s,met xl nt tablet 10s,AJANTA PHARMA LTD,239157.0,124.0,13
23012,met xl 75 10s,met innovfol tablet 10s,AJANTA PHARMA LTD,239647.0,124.0,13
23012,met xl 75 10s,met neurobion capsule 10s,AJANTA PHARMA LTD,239713.0,124.0,13
23012,met xl 75 10s,met sr 500 tablet 10s,AJANTA PHARMA LTD,240133.0,124.0,13
24571,charmis deepnoursing cold cream 2,charmis cold cream 58ml,COSMETIC ITEM,377734.0,95.0,2
24571,charmis deepnoursing cold cream 2,charmis cold cream 175ml,COSMETIC ITEM,377735.0,95.0,2
26400,shilajit gold 12s,shilajit xt capsule 60s,DABUR INDIA LTD.,311408.0,275.0,2
26400,shilajit gold 12s,shilajit capsule 60s,DABUR INDIA LTD.,377881.0,275.0,2
26447,listerine f. burst 500ml,listerine freshburst mouth wash 500ml,J&J CONS,228810.0,285.0,4
26447,listerine f. burst 500ml,listerine original mouth wash 500ml,J&J CONS,228817.0,285.0,4
26447,listerine f. burst 500ml,listerine cavity fighter mouth wash 500ml,J&J CONS,228806.0,285.0,4
26447,listerine f. burst 500ml,listerine mouth wash 500ml cool mint,J&J CONS,228814.0,285.0,4
27196,esmopex l 10s,esmopex 40mg tablet 10s,NEUROPEX PHARMACEUTICAL,369227.0,210.0,2
27196,esmopex l 10s,esmopex dsr capsule 10s,NEUROPEX PHARMACEUTICAL,369228.0,210.0,2
27514,sim-mom vanila 400gm bib/in32,sim 100mg tablet 10s,ABBOTT NUTRA,312165.0,515.0,3
27514,sim-mom vanila 400gm bib/in32,sim 10mg tablet 10s,ABBOTT NUTRA,312166.0,515.0,3
27514,sim-mom vanila 400gm bib/in32,sim 5mg tablet 10s,ABBOTT NUTRA,312167.0,515.0,3
27584,pediasure complete choco 1kg,pediasure complete powder 400gm chocolate,ABBOTT NUTRA,273620.0,1525.0,3
27584,pediasure complete choco 1kg,pediasure powder 1kg premium chocolate,ABBOTT NUTRA,273632.0,1525.0,3
27584,pediasure complete choco 1kg,pediasure refill pack 1kg premium chocolate,ABBOTT NUTRA,273639.0,1525.0,3
28153,sebamed lip defence 4.8gm,sebamed lip defense 4.8gm,SEBAMED,309279.0,445.0,2
28153,sebamed lip defence 4.8gm,sebamed baby lip balm 4.8gm,SEBAMED,309251.0,445.0,2
30148,flucos 200tab 6s,flucos 150 tablet 6s,Oaknet Healthcare Pvt Ltd,369669.0,126.44,2
30148,flucos 200tab 6s,flucos 200 tablet 6s,Oaknet Healthcare Pvt Ltd,369670.0,126.44,2
30492,glambak face wash 100gm,glambak gel 15ml,KEPLER,201820.0,350.0,2
30492,glambak face wash 100gm,glambak gel 20gm,KEPLER,385685.0,350.0,2
331030097,similac advance-4 400gm  bib,similac advance infant formula stage 1 400gm,ABBOTT NUTRA,312212.0,715.0,3
331030097,similac advance-4 400gm  bib,similac advance stage 2 follow up formula 400gm,ABBOTT NUTRA,312214.0,715.0,3
331030097,similac advance-4 400gm  bib,similac advance stage 3 follow up formula 400gm,ABBOTT NUTRA,312215.0,715.0,3
333431058,calcigo plus 10s,calcigo ct softgel capsules 10s,RESOLUTE HEALTHCARE,143802.0,275.0,3
333431058,calcigo plus 10s,calcigo max softgel capsule 10s,RESOLUTE HEALTHCARE,143803.0,275.0,3
333431058,calcigo plus 10s,calcigo ct 1000mg tablet 10s,RESOLUTE HEALTHCARE,383175.0,275.0,3
9942,ranidom o oral susp. 200ml,ranidom o oral suspension orange sugar free 200ml,MANKIND,373788.0,155.0,2
10129,nasivion classic adult n/s 10ml,nasivion classic adult 0.05% nasal spray 10ml,MERCK,362502.0,91.83,2
10129,nasivion classic adult n/s 10ml,nasivion s nasal spray 10ml,MERCK,248464.0,91.83,2
15263,venus v-410 1s,venus v 414 slov v ffp2 nr respirator mask 1,VENUS SAFETY & HEALTH LTD,336948.0,300.0,2
15263,venus v-410 1s,venus v 414 slov v ffp2 nr respirator mask (pack of 5) 5,VENUS SAFETY & HEALTH LTD,336949.0,300.0,2
15391,whisper regular-29 8,whisper maxi fit regular pads 15,PROCTER AND GAMBLE,342657.0,29.0,5
15391,whisper regular-29 8,whisper maxi fit regular pads 8s,PROCTER AND GAMBLE,376244.0,29.0,5
15391,whisper regular-29 8,whisper choice wings sanitary pads 7 regular,PROCTER AND GAMBLE,342653.0,29.0,5
15391,whisper regular-29 8,whisper maxi fit l wings pads 8,PROCTER AND GAMBLE,342656.0,29.0,5
15391,whisper regular-29 8,whisper choice wings sanitary pads 20 regular,PROCTER AND GAMBLE,362384.0,29.0,5
15590,tiger king o 1s,tiger balm oil 25ml,NAMAN INDIA,326519.0,844.01,3
15590,tiger king o 1s,tiger white balm 8gm,NAMAN INDIA,381863.0,844.01,3
15590,tiger king o 1s,tiger white balm 18gm,NAMAN INDIA,381864.0,844.01,3
15993,manforce game condoms 3pcs,manforce epic hot dots condoms 3s,MANKIND OTC,377414.0,30.0,3
15993,manforce game condoms 3pcs,manforce cocktail condoms chocolate hazelnut 3n,MANKIND OTC,380107.0,30.0,3
15993,manforce game condoms 3pcs,manforce cocktail condoms chocolate hazelnut 10n,MANKIND OTC,380108.0,30.0,3
16506,stayfree secure dry xl 7s,stayfree secure with wings xl 20s,COSMETIC,374710.0,90.0,3
16506,stayfree secure dry xl 7s,stayfree dry max ultra dry pads 16,COSMETIC,317381.0,90.0,3
16506,stayfree secure dry xl 7s,stayfree dry max ultra dry pads 7 xl,COSMETIC,365954.0,90.0,3
17157,manforce condoms (pineapple) 3pcs,manforce stamina condom 20 pineapple,MANKIND OTC,234786.0,40.0,9
17157,manforce condoms (pineapple) 3pcs,manforce stamina condom 3 pineapple,MANKIND OTC,234787.0,40.0,9
17157,manforce condoms (pineapple) 3pcs,manforce stamina condom 10 pineapple,MANKIND OTC,365331.0,40.0,9
17157,manforce condoms (pineapple) 3pcs,manforce condom overtime pineapple 10s,MANKIND OTC,371535.0,40.0,9
17157,manforce condoms (pineapple) 3pcs,manforce overtime pineapple condom 3s,MANKIND OTC,377426.0,40.0,9
17157,manforce condoms (pineapple) 3pcs,manforce overtime pineapple condom 10s,MANKIND OTC,377427.0,40.0,9
17157,manforce condoms (pineapple) 3pcs,manforce epic hot dots condoms 3s,MANKIND OTC,377414.0,40.0,9
17157,manforce condoms (pineapple) 3pcs,manforce cocktail condoms chocolate hazelnut 3n,MANKIND OTC,380107.0,40.0,9
17157,manforce condoms (pineapple) 3pcs,manforce cocktail condoms chocolate hazelnut 10n,MANKIND OTC,380108.0,40.0,9
17158,manforce condoms(choco+hazelnut) 3pcs,manforce cocktail condoms chocolate hazelnut 3n,MANKIND OTC,380107.0,30.0,2
17158,manforce condoms(choco+hazelnut) 3pcs,manforce cocktail condoms chocolate hazelnut 10n,MANKIND OTC,380108.0,30.0,2
21548,vicks inhler (key chain)  5gms,vicks ointment 2gm,P&G,337746.0,55.0,10
21548,vicks inhler (key chain)  5gms,vicks vaporub 10gm,P&G,337749.0,55.0,10
21548,vicks inhler (key chain)  5gms,vicks vaporub 50gm,P&G,337750.0,55.0,10
21548,vicks inhler (key chain)  5gms,vicks vaporub 110ml,P&G,337751.0,55.0,10
21548,vicks inhler (key chain)  5gms,vicks vaporub 30gm,P&G,337752.0,55.0,10
21548,vicks inhler (key chain)  5gms,vicks vaporub 5gm,P&G,337753.0,55.0,10
21548,vicks inhler (key chain)  5gms,vicks inhaler 1,P&G,362425.0,55.0,10
21548,vicks inhler (key chain)  5gms,vicks vaporub 25gm,P&G,362475.0,55.0,10
21548,vicks inhler (key chain)  5gms,vicks vaporub 10gm,P&G,380648.0,55.0,10
21548,vicks inhler (key chain)  5gms,vicks vaporub 5ml,P&G,380649.0,55.0,10
21695,park avenue cool blue 130ml,park 100mg injection 2ml,OTHERS,272079.0,210.0,4
21695,park avenue cool blue 130ml,park 250mg injection 2ml,OTHERS,272080.0,210.0,4
21695,park avenue cool blue 130ml,park 500mg injection 2ml,OTHERS,272081.0,210.0,4
21695,park avenue cool blue 130ml,park 650 tablet 15s,OTHERS,373152.0,210.0,4
21940,oral b kids 1s,oral b ultrathin sensitive toothbrush 1,PROCTER AND GAMBLE,265565.0,200.0,2
21940,oral b kids 1s,oral b pro health sensitive toothbrush 1,PROCTER AND GAMBLE,265563.0,200.0,2
21994,pampers pants s16 1s,pampers active baby pants xl 16 xl,PROCTER AND GAMBLE,269799.0,199.0,21
21994,pampers pants s16 1s,pampers active baby pants large 52,PROCTER AND GAMBLE,269796.0,199.0,21
21994,pampers pants s16 1s,pampers active baby pants large 20,PROCTER AND GAMBLE,269797.0,199.0,21
21994,pampers pants s16 1s,pampers active baby pants large 36,PROCTER AND GAMBLE,269798.0,199.0,21
21994,pampers pants s16 1s,pampers baby dry pants diaper 28 xl,PROCTER AND GAMBLE,269844.0,199.0,21
21994,pampers pants s16 1s,pampers baby dry pants diaper 48 xl,PROCTER AND GAMBLE,269849.0,199.0,21
21994,pampers pants s16 1s,pampers baby dry pants diaper 26 xl,PROCTER AND GAMBLE,269858.0,199.0,21
21994,pampers pants s16 1s,pampers baby dry pants diaper 38 xl,PROCTER AND GAMBLE,269860.0,199.0,21
21994,pampers pants s16 1s,pampers baby dry pants diaper 58 xl,PROCTER AND GAMBLE,269864.0,199.0,21
21994,pampers pants s16 1s,pampers baby dry pants diaper 44 xl,PROCTER AND GAMBLE,269867.0,199.0,21
21994,pampers pants s16 1s,pampers baby dry pants diaper 84 xl,PROCTER AND GAMBLE,269869.0,199.0,21
21994,pampers pants s16 1s,pampers baby dry pants diaper 16 xl,PROCTER AND GAMBLE,269875.0,199.0,21
21994,pampers pants s16 1s,pampers baby dry pants diaper 60 xl,PROCTER AND GAMBLE,269879.0,199.0,21
21994,pampers pants s16 1s,pampers baby dry pants diaper 20 xl,PROCTER AND GAMBLE,269881.0,199.0,21
21994,pampers pants s16 1s,pampers baby dry pants diaper 40 xl,PROCTER AND GAMBLE,269882.0,199.0,21
21994,pampers pants s16 1s,pampers baby dry pants diaper 32 xl,PROCTER AND GAMBLE,269894.0,199.0,21
21994,pampers pants s16 1s,pampers baby dry pants diaper 7 xl,PROCTER AND GAMBLE,269896.0,199.0,21
21994,pampers pants s16 1s,pampers premium care pants diaper 28 xl,PROCTER AND GAMBLE,269927.0,199.0,21
21994,pampers pants s16 1s,pampers premium care pants diaper 36 xl,PROCTER AND GAMBLE,269936.0,199.0,21
21994,pampers pants s16 1s,pampers premium care pants diaper 44 xl,PROCTER AND GAMBLE,269940.0,199.0,21
21994,pampers pants s16 1s,pampers premium care pants diaper 16 xl,PROCTER AND GAMBLE,269945.0,199.0,21
21999,ab pants xl reg 1pcs,ab at injection 2ml,AB LIFECARE,100829.0,99.0,7
21999,ab pants xl reg 1pcs,ab phylline capsule 10s,AB LIFECARE,100845.0,99.0,7
21999,ab pants xl reg 1pcs,ab phylline syrup 100ml,AB LIFECARE,100847.0,99.0,7
21999,ab pants xl reg 1pcs,ab tek injection 2ml,AB LIFECARE,100850.0,99.0,7
21999,ab pants xl reg 1pcs,ab flo capsule 10s,AB LIFECARE,100980.0,99.0,7
21999,ab pants xl reg 1pcs,ab flo sr tablet 10s,AB LIFECARE,100981.0,99.0,7
21999,ab pants xl reg 1pcs,ab next gel 20gm,AB LIFECARE,366157.0,99.0,7
22109,sarvguard mist pump lavebder 50ml,sarvguard handrub mist 60ml,ASARVA LIFESCIENCES,377259.0,25.0,2
22109,sarvguard mist pump lavebder 50ml,sarvguard handrub mist 100ml,ASARVA LIFESCIENCES,377260.0,25.0,2
24415,roll on fresh power 50 ml,roll on syrup 60ml,NIVEA,292629.0,199.0,3
24415,roll on fresh power 50 ml,roll on tablet 10s,NIVEA,292630.0,199.0,3
24415,roll on fresh power 50 ml,roll it gel 50gm,NIVEA,385015.0,199.0,3
24424,roll on whitening sensitive 50 ml,roll on syrup 60ml,NIVEA,292629.0,199.0,3
24424,roll on whitening sensitive 50 ml,roll on tablet 10s,NIVEA,292630.0,199.0,3
24424,roll on whitening sensitive 50 ml,roll it gel 50gm,NIVEA,385015.0,199.0,3
24623,k-20 body wash 100ml,k druf 100 ml lotion 100ml,SANSTUTI PHR,219177.0,198.0,3
24623,k-20 body wash 100ml,k mac liquid 100ml,SANSTUTI PHR,219192.0,198.0,3
24623,k-20 body wash 100ml,k shine lotion 100ml,SANSTUTI PHR,219215.0,198.0,3
24651,glen-aps 10tab 10s,glen 1gm injection 1,SANSTUTI PHARMACEUTICALS,201920.0,105.0,3
24651,glen-aps 10tab 10s,glen 250mg injection 1,SANSTUTI PHARMACEUTICALS,201921.0,105.0,3
24651,glen-aps 10tab 10s,glen 500mg injection 1,SANSTUTI PHARMACEUTICALS,201922.0,105.0,3
25168,pampers pants xxl 16,pampers active baby pants xl 16 xl,PROCTER AND GAMBLE,269799.0,275.0,3
25168,pampers pants xxl 16,pampers baby dry pants diaper 16 xl,PROCTER AND GAMBLE,269875.0,275.0,3
25168,pampers pants xxl 16,pampers premium care pants diaper 16 xl,PROCTER AND GAMBLE,269945.0,275.0,3
26277,dytor e20  10tab 10s,dytor 100 tablet 10s,CIPLA LTD,183127.0,320.77,2
26277,dytor e20  10tab 10s,dytor 40 tablet 10s,CIPLA LTD,183129.0,320.77,2
28214,panto-clam kit 6s,panto 40mg injection 1,RLV LIFE SCIENCES PVT. LTD.,270997.0,1700.0,4
28214,panto-clam kit 6s,panto 40mg tablet 10s,RLV LIFE SCIENCES PVT. LTD.,270998.0,1700.0,4
28214,panto-clam kit 6s,panto d tablet 10s,RLV LIFE SCIENCES PVT. LTD.,271000.0,1700.0,4
28214,panto-clam kit 6s,panto dsr capsule 10s,RLV LIFE SCIENCES PVT. LTD.,271078.0,1700.0,4
28315,pediasure 7 plus vanilla 200gm bib,pediasure 7 plus oats and almond refill vanilla 200gm,ABBOTT NUTRA,379543.0,235.0,2
28315,pediasure 7 plus vanilla 200gm bib,pediasure 7+ vanilla powder refill 200gm,ABBOTT NUTRA,378195.0,235.0,2
28316,pediasure 7 plus vanilla 400gm bib,pediasure complete powder bib 400gm vanilla,ABBOTT NUTRA,273621.0,460.0,4
28316,pediasure 7 plus vanilla 400gm bib,pediasure 7+ vanilla powder refill 400gm,ABBOTT NUTRA,378196.0,460.0,4
28316,pediasure 7 plus vanilla 400gm bib,pediasure 7 plus oats and almond refill vanilla 400gm 400g refil,ABBOTT NUTRA,379544.0,460.0,4
28316,pediasure 7 plus vanilla 400gm bib,pediasure advance plus powder 400gm vanilla delight,ABBOTT NUTRA,273619.0,460.0,4
28317,pediasure 7 plus choco 200gm bib,pediasure 7 plus oats and almond refill choco 200gm,ABBOTT NUTRA,379545.0,285.0,2
28317,pediasure 7 plus choco 200gm bib,pediasure 7+ chocolate powder refill 200gm,ABBOTT NUTRA,378197.0,285.0,2
28318,pediasure 7 plus choco 400gm bib,pediasure 7 plus oats and almond refill choco 400gm,ABBOTT NUTRA,379546.0,510.0,2
28318,pediasure 7 plus choco 400gm bib,pediasure 7+ chocolate powder refill 400gm,ABBOTT NUTRA,378194.0,510.0,2
29338,oxramet  ir  5/500g 14s,oxramet 5mg/1000mg tablet ir 14s,SUN PHARMA 2,268534.0,0.0,3
29338,oxramet  ir  5/500g 14s,oxramet ir 5mg/500mg tablet 14s,SUN PHARMA 2,377479.0,0.0,3
29338,oxramet  ir  5/500g 14s,oxramet ir 5mg/1000mg tablet 14s,SUN PHARMA 2,381055.0,0.0,3
30382,mederma pm acne scar cream 10gm,mederma pm intensive overnight scar cream 30gm,WIN MEDICARE OTC,378241.0,475.0,2
30382,mederma pm acne scar cream 10gm,mederma scar gel 10gm,WIN MEDICARE OTC,236579.0,475.0,2
332430494,glambak oc face wash 100ml,glambak gel 15ml,KEPLER,201820.0,550.0,2
332430494,glambak oc face wash 100ml,glambak gel 20gm,KEPLER,385685.0,550.0,2
16898,manforce wild condoms (strawberry) 10pcs,manforce wild condom 20 strawberry,MANKIND OTC,234794.0,80.0,3
16898,manforce wild condoms (strawberry) 10pcs,manforce wild condom 10 strawberry,MANKIND OTC,365337.0,80.0,3
16898,manforce wild condoms (strawberry) 10pcs,manforce wild strawberry condom 20s,MANKIND OTC,377422.0,80.0,3
17154,manforce condoms sunny edition 3pcs,manforce sunny edition condom 10n,MANKIND OTC,371536.0,30.0,3
17154,manforce condoms sunny edition 3pcs,manforce sunny edition condom 3s,MANKIND OTC,377431.0,30.0,3
17154,manforce condoms sunny edition 3pcs,manforce sunny edition condom 10s,MANKIND OTC,377432.0,30.0,3
17155,manforce condoms (strawberry +vanila) 3pcs,manforce wild condom 20 strawberry,MANKIND OTC,234794.0,30.0,6
17155,manforce condoms (strawberry +vanila) 3pcs,manforce wild condom 10 strawberry,MANKIND OTC,365337.0,30.0,6
17155,manforce condoms (strawberry +vanila) 3pcs,manforce wild strawberry condom 20s,MANKIND OTC,377422.0,30.0,6
17155,manforce condoms (strawberry +vanila) 3pcs,manforce epic hot dots condoms 3s,MANKIND OTC,377414.0,30.0,6
17155,manforce condoms (strawberry +vanila) 3pcs,manforce cocktail condoms chocolate hazelnut 3n,MANKIND OTC,380107.0,30.0,6
17155,manforce condoms (strawberry +vanila) 3pcs,manforce cocktail condoms chocolate hazelnut 10n,MANKIND OTC,380108.0,30.0,6
17162,manforce wild condoms (strawberry) 3pcs,manforce wild condom 20 strawberry,MANKIND OTC,234794.0,25.0,3
17162,manforce wild condoms (strawberry) 3pcs,manforce wild condom 10 strawberry,MANKIND OTC,365337.0,25.0,3
17162,manforce wild condoms (strawberry) 3pcs,manforce wild strawberry condom 20s,MANKIND OTC,377422.0,25.0,3
21612,himalaya neem face/w aloevera 50ml,himalaya purifying neem face pack 50gm,HIMALAYA COSMETIC,211035.0,65.0,4
21612,himalaya neem face/w aloevera 50ml,himalaya purifying neem face pack 50gm,HIMALAYA COSMETIC,380597.0,65.0,4
21612,himalaya neem face/w aloevera 50ml,himalaya moisturizing aloe vera face wash 200ml,HIMALAYA COSMETIC,210983.0,65.0,4
21612,himalaya neem face/w aloevera 50ml,himalaya moisturizing aloe vera face wash 100ml,HIMALAYA COSMETIC,210984.0,65.0,4
21983,pampers pants m 13 1s,pampers active baby pants diaper 20 m,PROCTER AND GAMBLE,269795.0,199.0,15
21983,pampers pants m 13 1s,pampers baby dry pants diaper 20 m,PROCTER AND GAMBLE,269848.0,199.0,15
21983,pampers pants m 13 1s,pampers baby dry pants diaper 40 m,PROCTER AND GAMBLE,269853.0,199.0,15
21983,pampers pants m 13 1s,pampers baby dry pants diaper 60 m,PROCTER AND GAMBLE,269861.0,199.0,15
21983,pampers pants m 13 1s,pampers baby dry pants diaper 80 m,PROCTER AND GAMBLE,269862.0,199.0,15
21983,pampers pants m 13 1s,pampers baby dry pants diaper 8 m,PROCTER AND GAMBLE,269871.0,199.0,15
21983,pampers pants m 13 1s,pampers baby dry pants diaper 56 m,PROCTER AND GAMBLE,269877.0,199.0,15
21983,pampers pants m 13 1s,pampers baby dry pants diaper 54 m,PROCTER AND GAMBLE,269880.0,199.0,15
21983,pampers pants m 13 1s,pampers baby dry pants diaper 38 m,PROCTER AND GAMBLE,269884.0,199.0,15
21983,pampers pants m 13 1s,pampers baby dry pants diaper 42 m,PROCTER AND GAMBLE,269886.0,199.0,15
21983,pampers pants m 13 1s,pampers baby dry pants diaper 10 m,PROCTER AND GAMBLE,269888.0,199.0,15
21983,pampers pants m 13 1s,pampers baby dry pants diaper 152 m,PROCTER AND GAMBLE,269895.0,199.0,15
21983,pampers pants m 13 1s,pampers premium care pants diaper 42 m,PROCTER AND GAMBLE,269930.0,199.0,15
21983,pampers pants m 13 1s,pampers premium care pants diaper 20 m,PROCTER AND GAMBLE,269931.0,199.0,15
21983,pampers pants m 13 1s,pampers premium care pants diaper 64 m,PROCTER AND GAMBLE,269934.0,199.0,15
22496,manforce condoms (overtime orange) 10pcs,manforce condom overtime orange 10s,MANKIND OTC,371533.0,120.0,3
22496,manforce condoms (overtime orange) 10pcs,manforce condom overtime orange 3s,MANKIND OTC,371534.0,120.0,3
22496,manforce condoms (overtime orange) 10pcs,manforce overtime orange condom 3s,MANKIND OTC,377421.0,120.0,3
22615,pampers pants xxl 8 1pcs,pampers baby dry pants diaper 8 l,PROCTER AND GAMBLE,269845.0,199.0,5
22615,pampers pants xxl 8 1pcs,pampers baby dry pants diaper 8 s,PROCTER AND GAMBLE,269850.0,199.0,5
22615,pampers pants xxl 8 1pcs,pampers baby dry pants diaper 22 xxl,PROCTER AND GAMBLE,269854.0,199.0,5
22615,pampers pants xxl 8 1pcs,pampers baby dry pants diaper 8 m,PROCTER AND GAMBLE,269871.0,199.0,5
22615,pampers pants xxl 8 1pcs,pampers premium care pants diaper 8 xs,PROCTER AND GAMBLE,269935.0,199.0,5
23955,whisper choice wings 6s 6pcs,whisper choice wings sanitary pads 7 xl,PROCTER AND GAMBLE,342651.0,32.0,5
23955,whisper choice wings 6s 6pcs,whisper choice wings sanitary pads 7,PROCTER AND GAMBLE,342652.0,32.0,5
23955,whisper choice wings 6s 6pcs,whisper choice wings sanitary pads 6 xl,PROCTER AND GAMBLE,362390.0,32.0,5
23955,whisper choice wings 6s 6pcs,whisper choice wings sanitary pads 7 regular,PROCTER AND GAMBLE,342653.0,32.0,5
23955,whisper choice wings 6s 6pcs,whisper choice wings sanitary pads 20 regular,PROCTER AND GAMBLE,362384.0,32.0,5
25679,manforce condoms(chocolate+hazelnut) 10s 10pcs,manforce cocktail condoms chocolate hazelnut 3n,MANKIND OTC,380107.0,90.0,2
25679,manforce condoms(chocolate+hazelnut) 10s 10pcs,manforce cocktail condoms chocolate hazelnut 10n,MANKIND OTC,380108.0,90.0,2
26108,manforce rpic condoms pleasure 10pcs,manforce epic hot dots condoms 3s,MANKIND OTC,377414.0,240.0,3
26108,manforce rpic condoms pleasure 10pcs,manforce cocktail condoms chocolate hazelnut 3n,MANKIND OTC,380107.0,240.0,3
26108,manforce rpic condoms pleasure 10pcs,manforce cocktail condoms chocolate hazelnut 10n,MANKIND OTC,380108.0,240.0,3
26862,la shield sunscreen spf 40 gel 50gm,la shield spf 40 pa+++ sunscreen gel 50gm,Glenmark Pharmaceuticals Ltd,377078.0,790.0,3
26862,la shield sunscreen spf 40 gel 50gm,la shield sunscreen gel spf 40 150gm,Glenmark Pharmaceuticals Ltd,223756.0,790.0,3
26862,la shield sunscreen spf 40 gel 50gm,la shield sunscreen gel spf 40 60gm,Glenmark Pharmaceuticals Ltd,223757.0,790.0,3
27482,fixderma salyzap acne body wash 200ml,fixderma salyzap body spray 50ml,FIXDERMA INDIA PVT LTD,380539.0,725.0,3
27482,fixderma salyzap acne body wash 200ml,fixderma alpha beta acne cleanser 200ml,FIXDERMA INDIA PVT LTD,194729.0,725.0,3
27482,fixderma salyzap acne body wash 200ml,fixderma salyzap az body spray 100ml,FIXDERMA INDIA PVT LTD,381712.0,725.0,3
28154,sebamed liquis face body wash 200ml,sebamed liquid face & body wash 200ml,USV,309280.0,507.0,2
28154,sebamed liquis face body wash 200ml,sebamed olive face & body wash 200ml,USV,309284.0,507.0,2
28497,gluco one blood glucose 1,gluco one strip 50,SURGICAL ITEM,203436.0,1490.0,2
28497,gluco one blood glucose 1,gluco one bg03 glucometer,SURGICAL ITEM,380614.0,1490.0,2
331631206,oral b gum care 4n,oral b pro health gum care soft toothbrush 1,PROCTER AND GAMBLE,265558.0,190.0,2
331631206,oral b gum care 4n,oral b pro health gum care toothbrush 1 m,PROCTER AND GAMBLE,265560.0,190.0,2
6322,monocef o cv 50 dry syp 30ml,monocef o cv dry syrup 30ml,ARISTO,243332.0,106.0,3
6322,monocef o cv 50 dry syp 30ml,monocef o cv 50/31.25 dry syrup 30ml,ARISTO,243331.0,106.0,3
6322,monocef o cv 50 dry syp 30ml,monocef o cv 50mg/31.25mg dry syrup 30ml,ARISTO,377888.0,106.0,3
