item_code,brand,Master Catalogue name,medicine_type,exp_sku_brand,mod_brand,count_syp,exp_sku_brand2,exp_sku_brand3,exp_sku_brand4,exp_sku_brand5,pack,manufacturer,catg,subcatg,mrp
9652,purchase 28%,,others,purchase 28%,purchase 28%,0,purchase,purchase,purchase,purchase,,,,,
9648,purchase 18%,,others,purchase 18%,purchase 18%,0,purchase,purchase,purchase,purchase,,,,,
9651,purchase @ 12%,,others,purchase @ 12%,purchase @ 12%,0,purchase @,purchase,purchase,purchase,,,,,
319430895,duoz suspension 2.5ml,,others,duoz,duoz suspension 2.5,0,duoz,duoz,duoz,duoz,2.5ml,RANBAXY,,,35.0
16282,diclodime gel 30gm,,others,diclodime,diclodime gel 30,0,diclodime,diclodime,diclodime,diclodime,30gm,AVTIX HEALTHCARE,,,104.4
28354,achoo pain oil 100ml,,others,achoo pain,achoo pain oil 100,0,achoo,achoo,achoo,achoo,100ml,BRAWN COSMETICS & HERBALS PVT,,,260.0
31162,arginode sachet 5gm,,others,arginode,arginode sachet 5,0,arginode,arginode,arginode,arginode,5gm,MEDISALVE LIFESCIENCES,,,49.0
16665,instant hand sanitizer 200ml,,others,instant hand sanitizer,instant hand sanitizer 200,0,instant hand,instant,instant,instant,200ml,DAILYMATE,,,100.0
16666,instant hand sanitizer 60ml,,others,instant hand sanitizer,instant hand sanitizer 60,0,instant hand,instant,instant,instant,60ml,DAILYMATE,,,30.0
16664,instant hand sanitizer 100ml,,others,instant hand sanitizer,instant hand sanitizer 100,0,instant hand,instant,instant,instant,100ml,DAILYMATE,,,50.0
14324,bonnisan liquid 100ml,,others,bonnisan liquid,bonnisan liquid 100,0,bonnisan,bonnisan,bonnisan,bonnisan,100ml,HIMALAYA DRUG CO.,,,65.0
29643,mcollared sachet 12.5gm,,others,mcollared,mcollared sachet 12.5,0,mcollared,mcollared,mcollared,mcollared,12.5gm,AKCENT HEALTHCARE,,,138.0
28390,clotik-k soap 75gm,,others,clotikk,clotikk soap 75,0,clotikk,clotikk,clotikk,clotikk,75gm,INSUTIK PHARMACEUTICALS PVT.LT,,,100.0
29372,probedia powder 400gm,,others,probedia,probedia powder 400,0,probedia,probedia,probedia,probedia,400gm,Meghmani Lifesciences,,,675.0
30252,curcuma shots 200ml,,others,curcuma shots,curcuma shots 200,0,curcuma,curcuma,curcuma,curcuma,200ml,IND SWIFT LABORATORIES LTD,,,595.0
30393,fibermate power 90gm,,others,fibermate power,fibermate power 90,0,fibermate,fibermate,fibermate,fibermate,90gm,Ultimate Healthcare,,,236.0
29270,salivary saliva spray 100ml,,others,salivary saliva,salivary saliva spray 100,0,salivary,salivary,salivary,salivary,100ml,TORION LABS,,,0.0
30462,photostable sunscreen emulgel 50gm,,others,,photostable sunscreen emulgel 50,0,,,,,50gm,RANBAXY,,,722.0
28211,agriline sachet 5gm,,others,agriline,agriline sachet 5,0,agriline,agriline,agriline,agriline,5gm,RLV LIFE SCIENCES PVT. LTD.,,,130.0
28936,aminoriv syp 200ml,,syrup,aminoriv,aminoriv syrup 200,1,aminoriv,aminoriv,aminoriv,aminoriv,200ml,EAST AFRICAN,,,0.0
22529,exp rich cream n. brown  20gm,,others,exp rich,exp rich cream n. brown 20,0,exp,exp,exp,exp,20gm,GODREJ HOMECARE,,,30.0
28929,parariv-ds syp 60ml,,syrup,parariv ds,parariv ds syrup 60,1,parariv,parariv,parariv,parariv,60ml,EAST AFRICAN,,,0.0
12434,fogg master deo 100gm,,others,fogg master deo,fogg master deo 100,0,fogg master,fogg,fogg,fogg,100gm,Vini Cosmetics Pvt Ltd(FOGG),,,225.0
22939,gal ayur 25g,,others,gal ayur 25g,gal ayur 25g,0,gal ayur,gal,gal,gal,25g,HINDUSTAN UNILIVER LTD,,,75.0
58130090,tulasi syp 200ml,,syrup,tulasi,tulasi syrup 200,1,tulasi,tulasi,tulasi,tulasi,200ml,HIMALAYA DRUG CO.,,,130.0
28921,freshriv mouth wash 100ml,,others,freshriv mouth wash,freshriv mouth wash 100,0,freshriv mouth,freshriv,freshriv,freshriv,100ml,EAST AFRICAN,,,0.0
28934,medostone syp 200ml,,syrup,medostone,medostone syrup 200,1,medostone,medostone,medostone,medostone,200ml,EAST AFRICAN,,,0.0
28926,xyloriv nasal drop 10ml,,others,xyloriv nasal,xyloriv nasal drops 10,0,xyloriv,xyloriv,xyloriv,xyloriv,10ml,EAST AFRICAN,,,0.0
30088,trikatu syp 200ml,,syrup,trikatu,trikatu syrup 200,1,trikatu,trikatu,trikatu,trikatu,200ml,HIMALAYA DRUG CO.,,,120.0
30033,brahmi syrup 200ml,,syrup,brahmi,brahmi syrup 200,1,brahmi,brahmi,brahmi,brahmi,200ml,HIMALAYA DRUG CO.,,,130.0
23950,h&s ahf 180 ml,,others,h&s ahf,h&s ahf 180,0,h&s,h&s,h&s,h&s,180 ml,PROCTER AND GAMBLE,,,197.0
25166,h&s ahf 340ml,,others,h&s ahf,h&s ahf 340,0,h&s,h&s,h&s,h&s,340ml,OTHERS,,,295.0
22037,h&s shampoo 340ml ss,,others,h&s,h&s shampoo 340 ss,0,h&s,h&s,h&s,h&s,340ml,PROCTER AND GAMBLE,,,379.0
28400,tufmelt-ls 100ml,,others,tufmelt ls,tufmelt ls 100,0,tufmelt,tufmelt,tufmelt,tufmelt,100ml,INSUTIK PHARMACEUTICALS PVT.LT,,,80.0
22193,himalaya deep cleansing apricort face was 50ml,,others,himalaya deep cleansing apricort face was,himalaya deep cleansing apricort face was 50,0,himalaya deep cleansing apricort face,himalaya deep cleansing apricort,himalaya deep cleansing,himalaya deep,50ml,HIMALAYA COSMETIC,,,70.0
29999,digefix syp 200ml,,syrup,digefix,digefix syrup 200,1,digefix,digefix,digefix,digefix,200ml,TRUHEALTHY LLP,,,149.0
28954,ovitazin syp 200ml,,syrup,ovitazin,ovitazin syrup 200,1,ovitazin,ovitazin,ovitazin,ovitazin,200ml,PANZIN HEALTHCARE PVT.LTD,,,0.0
28355,achoo pain oil 10ml,,others,achoo pain,achoo pain oil 10,0,achoo,achoo,achoo,achoo,10ml,BRAWN COSMETICS & HERBALS PVT,,,50.0
30091,vasaka syrup 200ml,,syrup,vasaka,vasaka syrup 200,1,vasaka,vasaka,vasaka,vasaka,200ml,HIMALAYA DRUG CO.,,,130.0
17869,lactocalamine green 120ml,,others,lactocalamine green,lactocalamine green 120,0,lactocalamine,lactocalamine,lactocalamine,lactocalamine,120ml,PIRAMAL,,,210.0
314031103,dilgel 30gm,,others,,dilgel 30,0,,,,,30gm,CADILA HEALTHCARE LTD,,,107.4
28391,enzyswift syp 200ml,,syrup,enzyswift,enzyswift syrup 200,1,enzyswift,enzyswift,enzyswift,enzyswift,200ml,INSUTIK PHARMACEUTICALS PVT.LT,,,120.0
15903,lifebuoy total 10 h.w 190ml,,others,lifebuoy total 10 h.w,lifebuoy total 10 h.w 190,0,lifebuoy total 10,lifebuoy total,lifebuoy,lifebuoy,190ml,LIFEBUOY,,,85.0
28395,hitnvit drop 30ml,,others,hitnvit,hitnvit drops 30,0,hitnvit,hitnvit,hitnvit,hitnvit,30ml,INSUTIK PHARMACEUTICALS PVT.LT,,,68.0
28363,loperle lip balm 10gm,,others,loperle lip balm,loperle lip balm 10,0,loperle lip,loperle,loperle,loperle,10gm,BRAWN COSMETICS & HERBALS PVT,,,45.0
318331136,oleasoft max cream 150gm,,others,oleasoft max,oleasoft max cream 150,0,oleasoft,oleasoft,oleasoft,oleasoft,150gm,ALKEM,,,464.0
30400,ulizyme forte syp 200ml,,syrup,ulizyme forte,ulizyme forte syrup 200,1,ulizyme,ulizyme,ulizyme,ulizyme,200ml,Ultimate Healthcare,,,160.0
28401,tikliv-af 15ml,,others,tikliv af,tikliv af 15,0,tikliv,tikliv,tikliv,tikliv,15ml,INSUTIK PHARMACEUTICALS PVT.LT,,,49.5
30602,ambrion syp 90ml,,syrup,ambrion,ambrion syrup 90,1,ambrion,ambrion,ambrion,ambrion,90ml,MEDSHINE PHARMACEUTICALS,,,90.0
28212,lactiol syp 150ml,,syrup,lactiol,lactiol syrup 150,1,lactiol,lactiol,lactiol,lactiol,150ml,RLV LIFE SCIENCES PVT. LTD.,,,220.0
359129942,ageflux gel 170ml,,others,ageflux,ageflux gel 170,0,ageflux,ageflux,ageflux,ageflux,170ml,AEGIS PERIGLOBE,,,100.0
23941,lactocalamine green 60 ml,,others,lactocalamine green,lactocalamine green 60,0,lactocalamine,lactocalamine,lactocalamine,lactocalamine,60 ml,PIRAMAL,,,130.0
28418,momsutik cream 20gm,,others,momsutik,momsutik cream 20,0,momsutik,momsutik,momsutik,momsutik,20gm,INSUTIK PHARMACEUTICALS PVT.LT,,,85.0
28386,bacifoe oint 10gm,,others,bacifoe ointment,bacifoe ointment 10,0,bacifoe,bacifoe,bacifoe,bacifoe,10gm,INSUTIK PHARMACEUTICALS PVT.LT,,,160.0
28414,kubmef syp 100ml,,syrup,kubmef,kubmef syrup 100,1,kubmef,kubmef,kubmef,kubmef,100ml,INSUTIK PHARMACEUTICALS PVT.LT,,,44.5
30609,amivit syp 200ml,,syrup,amivit,amivit syrup 200,1,amivit,amivit,amivit,amivit,200ml,MEDSHINE PHARMACEUTICALS,,,250.0
28388,clotik -l cream 30gm,,others,clotik l,clotik l cream 30,0,clotik,clotik,clotik,clotik,30gm,INSUTIK PHARMACEUTICALS PVT.LT,,,135.0
30617,kidcal syp 200ml,,syrup,kidcal,kidcal syrup 200,1,kidcal,kidcal,kidcal,kidcal,200ml,MEDSHINE PHARMACEUTICALS,,,150.0
29949,truhanz pedia mango 200gm jar,,others,truhanz pedia mango,truhanz pedia mango 200 jar,0,truhanz pedia,truhanz,truhanz,truhanz,200gm,TRUHEALTHY LLP,,,650.0
27493,hydrating mask 100ml,,others,hydrating,hydrating mask 100,0,hydrating,hydrating,hydrating,hydrating,100ml,FIXDERMA INDIA PVT LTD,,,1150.0
28397,nillbloc nasal spray 20ml,,others,nillbloc nasal,nillbloc nasal spray 20,0,nillbloc,nillbloc,nillbloc,nillbloc,20ml,INSUTIK PHARMACEUTICALS PVT.LT,,,48.0
11915,c& c f/w 50ml dtv,,others,c& c f/w,c& c f/w 50 dtv,0,c& c,c&,c&,c&,50ml,BIO SWIZZ PHARMA,,,75.0
22956,clean&clear foaming face wash 50ml dtw,,others,clean&clear foaming face wash,clean&clear foaming face wash 50 dtw,0,clean&clear foaming face,clean&clear foaming,clean&clear,clean&clear,50ml,JOHNSON & JOHNSON CONSUMER CAR,,,75.0
24239,omnigel spray 20gm,,others,,omnigel spray 20,0,,,,,20gm,CIPLA GENRIC,,,91.3
28351,achoo pain balm plus 22ml,,others,achoo pain balm plus,achoo pain balm plus 22,0,achoo pain balm,achoo pain,achoo,achoo,22ml,BRAWN COSMETICS & HERBALS PVT,,,120.0
28356,achoo rub 9ml,,others,achoo rub,achoo rub 9,0,achoo,achoo,achoo,achoo,9ml,BRAWN COSMETICS & HERBALS PVT,,,35.0
29539,emoliz cream 50g,,others,emoliz,emoliz cream 50g,0,emoliz,emoliz,emoliz,emoliz,50g,APPLE THERAPEUTICS LTD,,,360.0
332430497,kepamine lotion 100ml,,others,kepamine,kepamine lotion 100,0,kepamine,kepamine,kepamine,kepamine,100ml,KEPLER,,,225.0
332430498,kepamine lotion 50ml,,others,kepamine,kepamine lotion 50,0,kepamine,kepamine,kepamine,kepamine,50ml,KEPLER,,,135.0
332430500,kepease syp 125ml,,syrup,kepease,kepease syrup 125,1,kepease,kepease,kepease,kepease,125ml,KEPLER,,,88.0
332430502,keptop soap 100gm,,others,keptop,keptop soap 100,0,keptop,keptop,keptop,keptop,100gm,KEPLER,,,160.0
332430503,kidexo nappy rashes cream 30gm,,others,kidexo nappy rashes,kidexo nappy rashes cream 30,0,kidexo nappy,kidexo,kidexo,kidexo,30gm,KEPLER,,,225.0
332430511,miloxir 5 pro f 90ml,,others,miloxir 5 pro f,miloxir 5 pro f 90,0,miloxir 5 pro,miloxir 5,miloxir,miloxir,90ml,KEPLER,,,1100.0
16162,omnigel spray 100gm,,others,,omnigel spray 100,0,,,,,100gm,CIPLA GENRIC,,,295.9
30073,produgut bc 5ml,,others,produgut bc,produgut bc 5,0,produgut,produgut,produgut,produgut,5ml,TRUHEALTHY LLP,,,699.0
22042,pantene 180ml hfc,,others,pantene,pantene 180 hfc,0,pantene,pantene,pantene,pantene,180ml,PROCTER AND GAMBLE,,,169.0
28925,waxriv ear drop 10ml,,others,waxriv ear,waxriv ear drops 10,0,waxriv,waxriv,waxriv,waxriv,10ml,EAST AFRICAN,,,0.0
28367,welfem feminine hygiene wash 100ml,,others,welfem feminine hygiene wash,welfem feminine hygiene wash 100,0,welfem feminine hygiene,welfem feminine,welfem,welfem,100ml,BRAWN COSMETICS & HERBALS PVT,,,125.0
29440,pediflor kidz day & night kit 70gm,,others,pediflor kidz day & night kit,pediflor kidz day & night kit 70,0,pediflor kidz day & night,pediflor kidz day &,pediflor kidz day,pediflor kidz,70gm,GROUP PHARMACEUTICALS,,,220.0
25198,cureliv ds 200ml,,others,cureliv ds,cureliv ds 200,0,cureliv,cureliv,cureliv,cureliv,200ml,ASARVA LIFESCIENCES,,,195.0
30927,eroluz cream 30gm,,others,eroluz,eroluz cream 30,0,eroluz,eroluz,eroluz,eroluz,30gm,ZYDILLAC DERMACEUTICALS,,,226.0
27506,pre+probiotic body lotion 200ml,,others,pre+probiotic body,pre+probiotic body lotion 200,0,pre+probiotic,pre+probiotic,pre+probiotic,pre+probiotic,200ml,FIXDERMA INDIA PVT LTD,,,1650.0
30623,hepfit sachets 5gm,,others,hepfit,hepfit sachets 5,0,hepfit,hepfit,hepfit,hepfit,5gm,Ultimate Healthcare,,,117.0
28361,loperle cool soap bar 75gm,,others,loperle cool,loperle cool soap 75,0,loperle,loperle,loperle,loperle,75gm,BRAWN COSMETICS & HERBALS PVT,,,60.0
30923,mectiper cream 30gm,,others,mectiper,mectiper cream 30,0,mectiper,mectiper,mectiper,mectiper,30gm,ZYDILLAC DERMACEUTICALS,,,140.0
340931160,ocumox drop 5ml,,others,ocumox,ocumox drops 5,0,ocumox,ocumox,ocumox,ocumox,5ml,SUNWAYS INDIA PVT LTD,,,116.0
29806,prebizo soao 75gm,,others,prebizo soao,prebizo soao 75,0,prebizo,prebizo,prebizo,prebizo,75gm,ROCKMED PHARMA PVT. LTD,,,83.0
350631166,sofi - lid eye wipes 10pcs,,others,sofi lid eye,sofi lid eye wipes 10pcs,0,sofi lid,sofi,sofi,sofi,10pcs,IRX PHARMACEUTICALS PVT. LTD.,,,295.0
350631167,sofi - lid eye wipes 20pcs,,others,sofi lid eye,sofi lid eye wipes 20pcs,0,sofi lid,sofi,sofi,sofi,20pcs,IRX PHARMACEUTICALS PVT. LTD.,,,585.0
29948,truhanz mom mango 200gm jar,,others,truhanz mother mango,truhanz mother mango 200 jar,0,truhanz mother,truhanz,truhanz,truhanz,200gm,TRUHEALTHY LLP,,,800.0
29394,truhanz vanila dm-450gm jar,,others,truhanz vanilla dm,truhanz vanilla dm 450 jar,0,truhanz vanilla,truhanz,truhanz,truhanz,450gm,TRUHEALTHY LLP,,,0.0
28366,tumy cool syp plus 100ml,,syrup,tumy cool,tumy cool syrup plus 100,1,tumy,tumy,tumy,tumy,100ml,BRAWN COSMETICS & HERBALS PVT,,,85.0
28350,achoo cough syp 100ml,,syrup,achoo cough,achoo cough syrup 100,1,achoo,achoo,achoo,achoo,100ml,BRAWN COSMETICS & HERBALS PVT,,,85.0
29389,fenulike orange flovour 150gm,,others,fenulike orange flovour,fenulike orange flovour 150,0,fenulike orange,fenulike,fenulike,fenulike,150gm,TRUHEALTHY LLP,,,0.0
12618,lactocalamine oily (purp) skin 60ml,,others,lactocalamine,lactocalamine oily purp skin 60,0,lactocalamine,lactocalamine,lactocalamine,lactocalamine,60ml,PIRAMAL,,,130.0
28360,loperle aloe vera soap bar 75gm,,others,loperle aloe vera,loperle aloe vera soap 75,0,loperle aloe,loperle,loperle,loperle,75gm,BRAWN COSMETICS & HERBALS PVT,,,60.0
28362,loperle herbal soap bar 75gm,,others,loperle herbal,loperle herbal soap 75,0,loperle,loperle,loperle,loperle,75gm,BRAWN COSMETICS & HERBALS PVT,,,60.0
30510,miloxir 5 pro 90ml,,others,miloxir 5 pro,miloxir 5 pro 90,0,miloxir 5,miloxir,miloxir,miloxir,90ml,KEPLER,,,900.0
30239,mintop gain plus topical sol. 10% 60ml,,others,mintop gain plus topical sol. 10%,mintop gain plus topical sol. 10% 60,0,mintop gain plus topical sol.,mintop gain plus topical,mintop gain plus,mintop gain,60ml,DR. REDDY LABORATORIES LTD,,,1320.0
29210,aptiheal 200ml,,others,aptiheal,aptiheal 200,0,aptiheal,aptiheal,aptiheal,aptiheal,200ml,VIGILANT LIFE SCIENCES PVT LTD,,,145.0
28420,glotik cream 20gm,,others,glotik,glotik cream 20,0,glotik,glotik,glotik,glotik,20gm,INSUTIK PHARMACEUTICALS PVT.LT,,,275.0
4528,hiora k toothpaste 50gm,,others,hiorak toothpaste,hiorak toothpaste 50,0,hiorak,hiorak,hiorak,hiorak,50gm,HIMALAYA DRUG CO.,,,70.0
12617,lactocalamine oily(purp) skin 30ml,,others,lactocalamine,lactocalamine oily purp skin 30,0,lactocalamine,lactocalamine,lactocalamine,lactocalamine,30ml,PIRAMAL,,,70.0
319430943,photostable pro + hydragel sunscreen 50g,,others,,photostable pro plus hydragel sunscreen 50g,0,,,,,50g,RANBAXY,,,850.0
28726,photostable sunscreen emulgel spf40 75gm,,others,,photostable sunscreen emulgel spf40 75,0,,,,,75gm,RANBAXY,,,722.0
28352,achoo 2 in 1 2ml,,others,achoo 2 in 1,achoo 2 in 1,0,achoo 2 in,achoo 2,achoo,achoo,2ml,BRAWN COSMETICS & HERBALS PVT,,,50.0
27500,intensive serum for men 50ml,,others,intensive serum for men,intensive serum for men 50,0,intensive serum for,intensive serum,intensive,intensive,50ml,FIXDERMA INDIA PVT LTD,,,2050.0
30501,keptop lotion 100ml,,others,keptop,keptop lotion 100,0,keptop,keptop,keptop,keptop,100ml,KEPLER,,,290.0
28357,acnedis soap 75gm,,others,acnedis,acnedis soap 75,0,acnedis,acnedis,acnedis,acnedis,75gm,BRAWN COSMETICS & HERBALS PVT,,,85.0
27973,ediasure vanilla 200gm bib/in36,,others,ediasure vanilla,ediasure vanilla 200 bib/in36,0,ediasure,ediasure,ediasure,ediasure,200gm,ABBOTT NUTRA,,,320.0
27918,erective sachet 15gm,,others,erective,erective sachet 15,0,erective,erective,erective,erective,15gm,HEALTHICA PHARMACEUTICALS,,,170.0
30514,kidexo baby soap 75gm,,others,kidexo baby,kidexo baby soap 75,0,kidexo,kidexo,kidexo,kidexo,75gm,KEPLER,,,160.0
27485,transformation oil 30ml,,others,transformation,transformation oil 30,0,transformation,transformation,transformation,transformation,30ml,FIXDERMA INDIA PVT LTD,,,1195.0
22601,pam ab nb 24*12 econ,,others,pam ab nb 24 12 econ,pam ab nb 24 12 econ,0,pam ab nb 24 12,pam ab nb 24,pam ab nb,pam ab,24*12,PROCTER AND GAMBLE,,,360.0
24522,whispr ultra  xl 15s,,others,whispr ultra 15s,whispr ultra 15s,0,whispr ultra,whispr,whispr,whispr,1,PROCTER AND GAMBLE,,,175.0
26199,vaporub xtra strong 50ml,,others,vaporub xtra strong,vaporub xtra strong 50,0,vaporub xtra,vaporub,vaporub,vaporub,50ml,PROCTER AND GAMBLE,,,185.0
29398,truzen watermelon flavour 70gm,,others,truzen watermelon flavour,truzen watermelon flavour 70,0,truzen watermelon,truzen,truzen,truzen,70gm,TRUHEALTHY LLP,,,0.0
23940,lactocalamine green 30ml,,others,lactocalamine green,lactocalamine green 30,0,lactocalamine,lactocalamine,lactocalamine,lactocalamine,30ml,PIRAMAL,,,70.0
29393,truhanz vanila hp-450gm jar,,others,truhanz vanilla hp,truhanz vanilla hp 450 jar,0,truhanz vanilla,truhanz,truhanz,truhanz,450gm,TRUHEALTHY LLP,,,0.0
16274,calcetix d3 sachet 1000mg,,others,calcetix d3,calcetix d3 sachet 1000,0,calcetix,calcetix,calcetix,calcetix,1000mg,AVTIX HEALTHCARE,,,47.0
16301,pantotix 40mg 10s,,others,pantotix,pantotix 40 10s,0,pantotix,pantotix,pantotix,pantotix,10s,AVTIX HEALTHCARE,,,91.2
21807,7dzocef o 10s,,others,7dzocef o 10s,7dzocef o 10s,0,7dzocef o,7dzocef,7dzocef,7dzocef,10s,ADZO LIFESCIENCES,,,225.0
18683,cosvate-gm++ cream 25gm,,others,cosvategm++,cosvate++ cream 25,0,cosvategm++,cosvategm++,cosvategm++,cosvategm++,25gm,Oaknet Healthcare Pvt Ltd,,,92.45
16286,ferrotix xt susp. 150ml,,others,ferrotix,ferrotix suspension 150,0,ferrotix,ferrotix,ferrotix,ferrotix,150ml,AVTIX HEALTHCARE,,,110.0
16287,ferrotix xt 10s,,others,ferrotix 10s,ferrotix 10s,0,ferrotix,ferrotix,ferrotix,ferrotix,10s,AVTIX HEALTHCARE,,,119.21
16299,ofanix oz 10s,,others,ofanix oz 10s,ofanix oz 10s,0,ofanix oz,ofanix,ofanix,ofanix,10s,AVTIX HEALTHCARE,,,122.01
16298,ofanix 200mg 10s,,others,ofanix,ofanix 200 10s,0,ofanix,ofanix,ofanix,ofanix,10s,AVTIX HEALTHCARE,,,66.29
16279,cornxim 200mg 10s,,others,cornxim,cornxim 200 10s,0,cornxim,cornxim,cornxim,cornxim,10s,AVTIX HEALTHCARE,,,101.46
16276,clavcorn cv dry syp 60ml,,syrup,clavcorn cv dry,clavcorn cv dry syrup 60,1,clavcorn cv,clavcorn,clavcorn,clavcorn,60ml,AVTIX HEALTHCARE,,,108.15
16294,lexinis susp 170ml,,others,lexinis,lexinis suspension 170,0,lexinis,lexinis,lexinis,lexinis,170ml,AVTIX HEALTHCARE,,,124.4
16314,veztix syp 200ml,,syrup,veztix,veztix syrup 200,1,veztix,veztix,veztix,veztix,200ml,AVTIX HEALTHCARE,,,96.1
16305,rabtix 20mg 10s,,others,rabtix,rabtix 20 10s,0,rabtix,rabtix,rabtix,rabtix,10s,AVTIX HEALTHCARE,,,98.2
16280,cornxim 50mg dry syp 30ml,,syrup,cornxim,cornxim 50 dry syrup 30,1,cornxim,cornxim,cornxim,cornxim,30ml,AVTIX HEALTHCARE,,,45.7
16304,pregniz m 10s,,others,pregniz m 10s,pregniz m 10s,0,pregniz m,pregniz,pregniz,pregniz,10s,AVTIX HEALTHCARE,,,140.0
27301,b.basantkusmakar ras 10s,,others,b.basantkusmakar ras 10s,b.basantkusmakar ras 10s,0,b.basantkusmakar ras,b.basantkusmakar,b.basantkusmakar,b.basantkusmakar,10s,BAIDYANATH AYURVEDIC,,,473.0
16285,esotix dsr 10s,,others,esotix dsr 10s,esotix dsr 10s,0,esotix dsr,esotix,esotix,esotix,10s,AVTIX HEALTHCARE,,,135.2
16300,opranis dsr 10s,,others,opranis dsr 10s,opranis dsr 10s,0,opranis dsr,opranis,opranis,opranis,10s,AVTIX HEALTHCARE,,,91.33
16272,bontix d3 10s,,others,bontix d3 10s,bontix d3 10s,0,bontix d3,bontix,bontix,bontix,10s,AVTIX HEALTHCARE,,,65.0
16275,cefusta 500mg 4s,,others,cefusta,cefusta 500 4s,0,cefusta,cefusta,cefusta,cefusta,4s,AVTIX HEALTHCARE,,,390.12
16307,rabtix ls 10s,,others,rabtix ls 10s,rabtix ls 10s,0,rabtix ls,rabtix,rabtix,rabtix,10s,AVTIX HEALTHCARE,,,195.0
16313,veztix 10s,,others,veztix 10s,veztix 10s,0,veztix,veztix,veztix,veztix,10s,AVTIX HEALTHCARE,,,249.12
16277,clodime gm cream 20gm,,others,clodimegm,clodime cream 20,0,clodimegm,clodimegm,clodimegm,clodimegm,20gm,AVTIX HEALTHCARE,,,70.5
16310,tixmol plus 10s,,others,tixmol plus 10s,tixmol plus 10s,0,tixmol plus,tixmol,tixmol,tixmol,10s,AVTIX HEALTHCARE,,,70.12
16312,tixspas 10s,,others,tixspas 10s,tixspas 10s,0,tixspas,tixspas,tixspas,tixspas,10s,AVTIX HEALTHCARE,,,39.0
16271,becotim forte 10s,,others,becotim forte 10s,becotim forte 10s,0,becotim forte,becotim,becotim,becotim,10s,AVTIX HEALTHCARE,,,94.12
16291,levocorn 500mg 10s,,others,levocorn,levocorn 500 10s,0,levocorn,levocorn,levocorn,levocorn,10s,AVTIX HEALTHCARE,,,84.78
10802,blanket 10g,,others,blanket 10g,blanket 10g,0,blanket,blanket,blanket,blanket,10g,OTHERS,,,0.1
27767,bonekan-k2 ta 10s,,others,bonekan k2 ta 10s,bonekan k2 ta 10s,0,bonekan k2 ta,bonekan k2,bonekan,bonekan,10s,MICRO,,,265.0
16306,rabtix dsr 10s,,others,rabtix dsr 10s,rabtix dsr 10s,0,rabtix dsr,rabtix,rabtix,rabtix,10s,AVTIX HEALTHCARE,,,144.3
16311,tixmol sp 10s,,others,tixmol sp 10s,tixmol sp 10s,0,tixmol sp,tixmol,tixmol,tixmol,10s,AVTIX HEALTHCARE,,,75.0
16273,calcetix d3 60k 4s,,others,calcetix d3 60k 4s,calcetix d3 60k 4s,0,calcetix d3 60k,calcetix d3,calcetix,calcetix,4s,AVTIX HEALTHCARE,,,119.89
16315,clavcorn 625mg 10s,,others,clavcorn,clavcorn 625 10s,0,clavcorn,clavcorn,clavcorn,clavcorn,10s,AVTIX HEALTHCARE,,,187.5
50030844,osicar trio 10s,,others,osicar trio 10s,osicar trio 10s,0,osicar trio,osicar,osicar,osicar,10s,SYSTOPIC,,,129.0
23115,skd3 nano shot 5ml,,others,skd3 nano shot,skd3 nano shot 5,0,skd3 nano,skd3,skd3,skd3,5ml,WINSOME,,,72.0
359530749,siasto 100mg 15s,,others,siasto,siasto 100 15s,0,siasto,siasto,siasto,siasto,15s,Meghmani Lifesciences,,,150.0
22933,clinic dc nurisng hair oil 100m 100ml,,others,clinic dc nurisng hair,clinic dc nurisng hair oil 100m 100,0,clinic dc nurisng,clinic dc,clinic,clinic,100ml,HINDUSTAN UNILIVER LTD,,,48.0
22206,cloth disinfectant spray savlon 230ml,,others,cloth,cloth disinfectant spray savlon 230,0,cloth,cloth,cloth,cloth,230ml,ITC LTD,,,175.0
27330,vebpram 10tab 10s,,others,vebpram 10s 10s,vebpram 10s,0,vebpram 10s,vebpram,vebpram,vebpram,10s,VEBLEN PHARMACEUTICAL PVT. LTD,,,83.0
22930,clp sl shamp 80ml,,others,clp sl shamp,clp sl shamp 80,0,clp sl,clp,clp,clp,80ml,HINDUSTAN UNILIVER LTD,,,49.0
23233,epiwave500 10s,,others,epiwave500 10s,epiwave500 10s,0,epiwave500,epiwave500,epiwave500,epiwave500,10s,AXONWAVE PHARMACEUTICALS,,,132.0
17160,manforce wild condoms (black grapes) 3pcs,,others,manforce wild condoms black grapes 3pcs,manforce wild condoms black grapes 3pcs,0,manforce wild condoms black grapes,manforce wild condoms black,manforce wild condoms,manforce wild,3pcs,MANKIND OTC,,,25.0
8543,bag 1,,others,bag 1,bag 1,0,bag,bag,bag,bag,1,OTHERS,,,0.0
16316,diclodime mr 10s,,others,diclodime 10s,diclodime 10s,0,diclodime,diclodime,diclodime,diclodime,10s,AVTIX HEALTHCARE,,,58.5
16288,ferrotix z 10s,,others,ferrotix z 10s,ferrotix z 10s,0,ferrotix z,ferrotix,ferrotix,ferrotix,10s,AVTIX HEALTHCARE,,,120.0
25195,keshrock 10tab 10s,,others,keshrock 10s 10s,keshrock 10s,0,keshrock 10s,keshrock,keshrock,keshrock,10s,ASARVA LIFESCIENCES,,,208.0
318331135,oleasoft max lotion 200ml 200ml.,,others,oleasoft max,oleasoft max lotion 200,0,oleasoft,oleasoft,oleasoft,oleasoft,200ml.,ALKEM,,,525.0
30210,sigyn d 100/5 10s,,others,sigyn d 100/5 10s,sigyn d 100/5 10s,0,sigyn d 100/5,sigyn d,sigyn,sigyn,10s,ZYDUS CADILA HEALTHCARE LTD,,,190.0
9382,nicotex tin 4 mint plus 25s,,others,nicotex tin 4 mint plus 25s,nicotex tin 4 mint plus 25s,0,nicotex tin 4 mint plus,nicotex tin 4 mint,nicotex tin 4,nicotex tin,25s,CIPLA OT,,,259.0
7258,rumalaya gel bliste 10gm,,others,rumalaya,rumalaya gel bliste 10,0,rumalaya,rumalaya,rumalaya,rumalaya,10gm,HIMALAYA DRUG CO.,,,90.0
16295,lulinis cream 20gm,,others,lulinis,lulinis cream 20,0,lulinis,lulinis,lulinis,lulinis,20gm,AVTIX HEALTHCARE,,,289.1
17272,dr.ortho ayur.oil 120 ml 1s,,others,dr.ortho,dr.ortho ayur.oil 120 1s,0,dr.ortho,dr.ortho,dr.ortho,dr.ortho,1s,DR ORTHO AYURVEDIC,,,295.0
16308,terbista 250mg 7s,,others,terbista,terbista 250 7s,0,terbista,terbista,terbista,terbista,7s,AVTIX HEALTHCARE,,,165.27
21526,durex con. extra thin 3 3pcs,,others,durex con. extra thin 3 3pcs,durex con. extra thin 3 3pcs,0,durex con. extra thin 3,durex con. extra thin,durex con. extra,durex con.,3pcs,RECKIT BENCKISER INDIA PVT LTD,,,77.0
359530750,vorteil ds 10s,,others,vorteil ds 10s,vorteil ds 10s,0,vorteil ds,vorteil,vorteil,vorteil,10s,Meghmani Lifesciences,,,575.0
17153,sarvaguard (epa) trigger 500ml,,others,sarvaguard epa trigger,sarvaguard epa trigger 500,0,sarvaguard epa,sarvaguard,sarvaguard,sarvaguard,500ml,ASARVA LIFESCIENCES,,,250.0
26690,amocus at 15s,,others,amocus at 15s,amocus at 15s,0,amocus at,amocus,amocus,amocus,15s,INFOCUS REMEDIES,,,66.0
22716,examination gloves nulife 1s,,others,examination,examination gloves nulife 1s,0,examination,examination,examination,examination,1s,NULIFE PHARMACEUTICALS LTD,,,900.0
24805,dithrocin-500tab 10s,,others,dithrocin,dithrocin 500tab 10s,0,dithrocin,dithrocin,dithrocin,dithrocin,10s,DEVANN PHARMACEUTICALS,,,79.0
30405,etoweb p 10s,,others,etoweb p 10s,etoweb p 10s,0,etoweb p,etoweb,etoweb,etoweb,10s,AXILGROW HEALTHCARE,,,124.6
26688,glucamet  v 10s,,others,glucamet v 10s,glucamet v 10s,0,glucamet v,glucamet,glucamet,glucamet,10s,INFOCUS REMEDIES,,,88.0
26698,inacita e dsr 10s,,others,inacita e dsr 10s,inacita e dsr 10s,0,inacita e dsr,inacita e,inacita,inacita,10s,INFOCUS REMEDIES,,,118.0
26697,inacita p dsr 10s,,others,inacita p dsr 10s,inacita p dsr 10s,0,inacita p dsr,inacita p,inacita,inacita,10s,INFOCUS REMEDIES,,,114.0
26696,inacita r dsr 10s,,others,inacita r dsr 10s,inacita r dsr 10s,0,inacita r dsr,inacita r,inacita,inacita,10s,INFOCUS REMEDIES,,,90.0
26694,napir 650 10s,,others,napir 650 10s,napir 650 10s,0,napir 650,napir,napir,napir,10s,INFOCUS REMEDIES,,,18.0
26695,napir cold 10s,,others,napir cold 10s,napir cold 10s,0,napir cold,napir,napir,napir,10s,INFOCUS REMEDIES,,,40.0
26691,napira a 10s,,others,napira a 10s,napira a 10s,0,napira a,napira,napira,napira,10s,INFOCUS REMEDIES,,,48.0
26693,napira d 10s,,others,napira d 10s,napira d 10s,0,napira d,napira,napira,napira,10s,OTHERS,,,27.0
26692,napira sa 10s,,others,napira sa 10s,napira sa 10s,0,napira sa,napira,napira,napira,10s,INFOCUS REMEDIES,,,89.0
30404,rabaxil l 10s,,others,rabaxil l 10s,rabaxil l 10s,0,rabaxil l,rabaxil,rabaxil,rabaxil,10s,AXILGROW HEALTHCARE,,,209.5
26689,telcv 40 15s,,others,telcv 40 15s,telcv 40 15s,0,telcv 40,telcv,telcv,telcv,15s,INFOCUS REMEDIES,,,79.0
22935,gal adv mv 15g 15gm,,others,gal adv mv 15g,gal adv mv 15g 15,0,gal adv mv,gal adv,gal,gal,15gm,HINDUSTAN UNILIVER LTD,,,20.0
22936,gal adv mv 25g rl 25gm,,others,gal adv mv 25g rl,gal adv mv 25g rl 25,0,gal adv mv 25g,gal adv mv,gal adv,gal,25gm,HINDUSTAN UNILIVER LTD,,,62.0
22937,gal adv mv 50g 50gm,,others,gal adv mv 50g,gal adv mv 50g 50,0,gal adv mv,gal adv,gal,gal,50gm,HINDUSTAN UNILIVER LTD,,,122.0
23857,garnier color bn-3 pouch natu 1pc,,others,garnier color bn 3 pouch natu 1pc,garnier color bn 3 pouch natu 1pc,0,garnier color bn 3 pouch natu,garnier color bn 3 pouch,garnier color bn 3,garnier color bn,1pc,GARNIER & LOREAL,,,39.0
17911,gentian violet solution 1s,,others,gentian violet,gentian violet solution 1s,0,gentian,gentian,gentian,gentian,1s,OTHERS,,,28.0
24555,gillete guard cart 3s 3pcs,,others,gillete guard cart 3s 3pcs,gillete guard cart 3s 3pcs,0,gillete guard cart 3s,gillete guard cart,gillete guard,gillete,3pcs,PROCTER AND GAMBLE,,,35.0
331631205,gillete series shave gel 60gm,,others,gillete series shave,gillete series shave gel 60,0,gillete series,gillete,gillete,gillete,60gm,PROCTER AND GAMBLE,,,90.0
30403,rabaxil dsr 10s,,others,rabaxil dsr 10s,rabaxil dsr 10s,0,rabaxil dsr,rabaxil,rabaxil,rabaxil,10s,AXILGROW HEALTHCARE,,,125.0
22031,h&s neem 72ml neem 1s,,others,h&s neem,h&s neem 72 1s,0,h&s,h&s,h&s,h&s,1s,PROCTER AND GAMBLE,,,89.0
11717,hajmola btl anardana 120,,others,hajmola btl anardana 120,hajmola btl anardana 120,0,hajmola btl anardana,hajmola btl,hajmola,hajmola,120,DABUR IN,,,49.0
22205,lifebuoy handwash total liq 190ml,,others,lifebuoy handwash total liquid,lifebuoy handwash total liquid 190,0,lifebuoy handwash total,lifebuoy handwash,lifebuoy,lifebuoy,190ml,LIFEBUOY,,,85.0
1834,rumalaya gel 30gm,,others,rumalaya,rumalaya gel 30,0,rumalaya,rumalaya,rumalaya,rumalaya,30gm,HIMALAYA DRUG CO.,,,120.0
21575,head & shold cool menthol sham 72ml,,others,head & shold cool menthol sham,head & shold cool menthol sham 72,0,head & shold cool menthol,head & shold cool,head & shold,head &,72ml,PROCTER AND GAMBLE,,,79.0
21467,infrared digitel thermo naulakha 50s,,others,,infrared digitel thermo naulakha 50s,0,,,,,50s,OTHERS,,,5499.0
23256,instant sugar free natura powder 1s,,others,instant sf natura,instant sf natura powder 1s,0,instant sf,instant,instant,instant,1s,ZYDUS WELLNES PRODUCT LTD.,,,0.01
26613,ayush kwath powder sachetgms 3*30gms,,others,ayush kwath,ayush kwath powder sachets 3 30s,0,ayush,ayush,ayush,ayush,3*30gms,AMIL PHARMACEUTICALS INDIA LTD,,,240.0
21848,jelly hot water bottle 1s,,others,jelly hot water bottle 1s,jelly hot water bottle 1s,0,jelly hot water bottle,jelly hot water,jelly hot,jelly,1s,OTHERS,,,550.0
24619,allay-d 10tab 10s,,others,allay d 10s 10s,allay d 10s,0,allay d 10s,allay d,allay,allay,10s,SANSTUTI PHARMACEUTICALS,,,195.0
17883,lactocalamine-oc aloe 120ml,,others,lactocalamine oc aloe vera,lactocalamine oc aloe vera 120,0,lactocalamine oc aloe,lactocalamine oc,lactocalamine,lactocalamine,120ml,PIRAMAL,,,198.0
21710,layerr wottagirl 135ml,,others,layerr wottagirl,layerr wottagirl 135,0,layerr,layerr,layerr,layerr,135ml,OTHERS,,,195.0
314031104,caldilose green granules 15g 15gm,,others,caldilose green,caldilose green granules 15g 15,0,caldilose,caldilose,caldilose,caldilose,15gm,CADILA HEALTHCARE LTD,,,46.5
31149,friendofer xt syp 150ml,,syrup,friendofer,friendofer syrup 150,1,friendofer,friendofer,friendofer,friendofer,150ml,FRIENDCURE PHARMACEUTICAL,,,149.0
317730918,hefcard 50tab 10s,,others,hefcard 50s 10s,hefcard 50s 10s,0,hefcard 50s,hefcard,hefcard,hefcard,10s,TORRENT,,,290.0
30406,hesotil-500 10s,,others,hesotil 500 10s,hesotil 500 10s,0,hesotil 500,hesotil,hesotil,hesotil,10s,AXILGROW HEALTHCARE,,,595.0
8824,oralb brush 1s,,others,oralb brush 1s,oralb brush 1s,0,oralb brush,oralb,oralb,oralb,1s,PROCTER AND GAMBLE,,,20.0
30543,bisot-5tab 10s,,others,bisot 5s 10s,bisot 5s 10s,0,bisot 5s,bisot,bisot,bisot,10s,MICRO,,,150.0
24808,asiliv-ds 200ml,,others,asiliv ds,asiliv ds 200,0,asiliv,asiliv,asiliv,asiliv,200ml,DEVANN PHARMACEUTICALS,,,139.0
27211,keshrock anti hair fall oil 100ml,,others,keshrock anti hair fall,keshrock anti hair fall oil 100,0,keshrock anti hair,keshrock anti,keshrock,keshrock,100ml,ASARVA LIFESCIENCES,,,318.0
26653,axospin 16 10s,,others,axospin 16 10s,axospin 16 10s,0,axospin 16,axospin,axospin,axospin,10s,AXONWAVE PHARMACEUTICALS,,,120.0
30399,uliphylline-200sr 10s,,others,uliphylline 200sr 10s,uliphylline 200sr 10s,0,uliphylline 200sr,uliphylline,uliphylline,uliphylline,10s,Ultimate Healthcare,,,136.0
24811,cefop-100 d/s 100ml,,others,cefop 100 d/s,cefop 100 d/s,0,cefop 100,cefop,cefop,cefop,100ml,DEVANN PHARMACEUTICALS,,,119.0
15867,nescafe rtd intense cafe 1s,,others,nescafe rtd intense cafe 1s,nescafe rtd intense cafe 1s,0,nescafe rtd intense cafe,nescafe rtd intense,nescafe rtd,nescafe,1s,NESTLE INDIA LTD,,,40.0
30586,ziavit d3 4s,,others,ziavit d3 4s,ziavit d3 4s,0,ziavit d3,ziavit,ziavit,ziavit,4s,SEQMED,,,120.0
29835,sitabite m 100/500 sr 10s,,others,,sitabite m 100/500 10s,0,,,,,10s,CORONA REMIDIES PVT.LTD,,,149.0
11912,c& c f/w 100ml dtv 100gm,,others,c& c f/w,c& c f/w 100 dtv,0,c& c,c&,c&,c&,100gm,BIO SWIZZ PHARMA,,,140.0
22777,safekind hand sanitizer 100ml,,others,safekind hand sanitizer,safekind hand sanitizer 100,0,safekind hand,safekind,safekind,safekind,100ml,MANKIND,,,50.0
27509,ultralight gold spf-40 gel 1,,others,ultralight gold spf 40,ultralight gold spf 40 gel 1,0,ultralight gold spf,ultralight gold,ultralight,ultralight,1,FIXDERMA INDIA PVT LTD,,,925.0
16585,oral b senstive whiting tb 1pcs,,others,oral b senstive whiting tb 1pcs,oral b senstive whiting tb 1pcs,0,oral b senstive whiting tb,oral b senstive whiting,oral b senstive,oral b,1pcs,PROCTER AND GAMBLE,,,98.0
332430512,mupinity 10s,,others,mupinity 10s,mupinity 10s,0,mupinity,mupinity,mupinity,mupinity,10s,KEPLER,,,135.0
22334,pad maxi xl 1s,,others,pad maxi 1s,pad maxi 1s,0,pad maxi,pad,pad,pad,1s,PROCTER AND GAMBLE,,,35.0
16297,nisdol plus 10s,,others,nisdol plus 10s,nisdol plus 10s,0,nisdol plus,nisdol,nisdol,nisdol,10s,AVTIX HEALTHCARE,,,42.0
22052,pantene 180ml ss 1s,,others,pantene,pantene 180 ss 1s,0,pantene,pantene,pantene,pantene,1s,PROCTER AND GAMBLE,,,145.0
21621,pantene shampoo long black 180ml,,others,pantene,pantene shampoo long black 180,0,pantene,pantene,pantene,pantene,180ml,PROCTER AND GAMBLE,,,159.0
7533,rega dsr 10s,,others,rega dsr 10s,rega dsr 10s,0,rega dsr,rega,rega,rega,10s,SUNCURE,,,110.0
29396,trushield lycopene vitamin k2 1s,,others,trushield,trushield lycopene vitamin k2 1s,0,trushield,trushield,trushield,trushield,1s,TRUHEALTHY LLP,,,0.0
30072,zenfibre jr-strabberry flavour 175gm,,others,zenfibre jr strabberry flavour,zenfibre jr strabberry flavour 175,0,zenfibre jr strabberry,zenfibre jr,zenfibre,zenfibre,175gm,TRUHEALTHY LLP,,,649.0
30984,4quin brom eye drop 5ml,,others,4quin brom eye,4quin brom eye drops 5,0,4quin brom,4quin,4quin,4quin,5ml,ENTOD PHARMACEUTICALS LTD,,,176.5
30924,beratoxid hc 10s,,others,beratoxid hc 10s,beratoxid hc 10s,0,beratoxid hc,beratoxid,beratoxid,beratoxid,10s,ZYDILLAC DERMACEUTICALS,,,154.0
23227,clobe 10 10s,,others,clobe 10 10s,clobe 10 10s,0,clobe 10,clobe,clobe,clobe,10s,AXONWAVE PHARMACEUTICALS,,,100.91
16249,petsaffa avd powder 120gm,,others,petsaffa avd,petsaffa avd powder 120,0,petsaffa,petsaffa,petsaffa,petsaffa,120gm,OTHERS,,,96.0
24891,deflapex-6 10s,,others,deflapex 6 10s,deflapex 6 10s,0,deflapex 6,deflapex,deflapex,deflapex,10s,NEUROPEX PHARMACEUTICAL,,,125.0
23653,deri enz gel 1*30gm,,others,deri enz,deri enz gel 1 30,0,deri,deri,deri,deri,1*30gm,DERMAJOINT INDIA,,,155.0
30929,fuzysone  m cream 10gm,,others,fuzysone m,fuzysone m cream 10,0,fuzysone,fuzysone,fuzysone,fuzysone,10gm,ZYDILLAC DERMACEUTICALS,,,181.0
30928,fuzysone cream 10gm,,others,fuzysone,fuzysone cream 10,0,fuzysone,fuzysone,fuzysone,fuzysone,10gm,ZYDILLAC DERMACEUTICALS,,,181.0
333431060,ginkotime 10,,others,ginkotime 10,ginkotime 10,0,ginkotime,ginkotime,ginkotime,ginkotime,10,RESOLUTE HEALTHCARE,,,390.0
16289,itconis 100mg 4s,,others,itconis,itconis 100 4s,0,itconis,itconis,itconis,itconis,4s,AVTIX HEALTHCARE,,,52.73
330231035,lotisol m eye drop 5ml,,others,lotisol m eye,lotisol m eye drops 5,0,lotisol m,lotisol,lotisol,lotisol,5ml,NRI,,,150.0
30930,mectiper lotion 50ml,,others,mectiper,mectiper lotion 50,0,mectiper,mectiper,mectiper,mectiper,50ml,ZYDILLAC DERMACEUTICALS,,,154.0
330631106,muscult forte oil spray 60ml,,others,muscult forte,muscult forte oil spray 60,0,muscult,muscult,muscult,muscult,60ml,AMIL PHARMACEUTICALS INDIA LTD,,,346.0
23856,niine naturally soft 35 35 rs,,others,niine naturally soft 35 35 rs,niine naturally soft 35 rs,0,niine naturally soft 35 35,niine naturally soft 35,niine naturally soft,niine naturally,35 rs,PROCTER AND GAMBLE,,,35.0
30933,shadelite cream 20gm,,others,shadelite,shadelite cream 20,0,shadelite,shadelite,shadelite,shadelite,20gm,ZYDILLAC DERMACEUTICALS,,,370.0
30001,trueye tm 10c,,others,trueye tm 10c,trueye tm 10c,0,trueye tm,trueye,trueye,trueye,10c,TRUHEALTHY LLP,,,799.0
30934,uvcote spf50 lotion 100ml,,others,uvcote spf50,uvcote spf50 lotion 100,0,uvcote,uvcote,uvcote,uvcote,100ml,ZYDILLAC DERMACEUTICALS,,,630.0
21381,sarvguard hand rub bagula hdpe rose 500ml,,others,sarvguard hand rub bagula hdpe rose,sarvguard hand rub bagula hdpe rose 500,0,sarvguard hand rub bagula hdpe,sarvguard hand rub bagula,sarvguard hand rub,sarvguard hand,500ml,ASARVA,,,250.0
30938,zydimoist mois.lotion 100gm,,others,zydimoist,zydimoist mois.lotion 100,0,zydimoist,zydimoist,zydimoist,zydimoist,100gm,ZYDILLAC DERMACEUTICALS,,,253.0
30939,zydinox 100mg 10s,,others,zydinox,zydinox 100 10s,0,zydinox,zydinox,zydinox,zydinox,10s,ZYDILLAC DERMACEUTICALS,,,140.0
30940,zydinox 200mg 10s,,others,zydinox,zydinox 200 10s,0,zydinox,zydinox,zydinox,zydinox,10s,ZYDILLAC DERMACEUTICALS,,,253.0
21706,serie expert liss unlimited 300ml,,others,serie expert liss unlimited,serie expert liss unlimited 300,0,serie expert liss,serie expert,serie,serie,300ml,OTHERS,,,635.0
21705,serie expert vitamino color 300ml,,others,serie expert vitamino color,serie expert vitamino color 300,0,serie expert vitamino,serie expert,serie,serie,300ml,OTHERS,,,635.0
16895,manforce wild condoms (black grapes) 10pcs,,others,manforce wild condoms black grapes 10pcs,manforce wild condoms black grapes 10pcs,0,manforce wild condoms black grapes,manforce wild condoms black,manforce wild condoms,manforce wild,10pcs,MANKIND OTC,,,80.0
23686,mlone 8mg 10,,others,mlone,one 8 10,0,mlone,mlone,mlone,mlone,10,MEDSTRY BIOTECH,,,57.2
24793,vocetamol-sp 10s,,others,vocetamol sp 10s,vocetamol sp 10s,0,vocetamol sp,vocetamol,vocetamol,vocetamol,10s,Voiceover Pharmaceuticals,,,115.0
21510,clean & clear face wash dtv 100 ml 100ml,,others,clean & clear face wash dtv,clean & clear face wash dtv 100,0,clean & clear face wash,clean & clear face,clean & clear,clean &,100ml,JOHNSON & JOHNSON CONSUMER CAR,,,140.0
23228,clobe 5 10s,,others,clobe 5 10s,clobe 5 10s,0,clobe 5,clobe,clobe,clobe,10s,AXONWAVE PHARMACEUTICALS,,,57.34
30932,rootbless lotion 60ml,,others,rootbless,rootbless lotion 60,0,rootbless,rootbless,rootbless,rootbless,60ml,ZYDILLAC DERMACEUTICALS,,,1009.0
21380,sarvguard hand rub bagula lavender 1,,others,sarvguard hand rub bagula lavender 1,sarvguard hand rub bagula lavender 1,0,sarvguard hand rub bagula lavender,sarvguard hand rub bagula,sarvguard hand rub,sarvguard hand,1,ASARVA,,,9999.0
21846,thumb spica tynor 1s,,others,thumb spica tynor 1s,thumb spica tynor 1s,0,thumb spica tynor,thumb spica,thumb,thumb,1s,TYNOR LT,,,235.0
29662,accufresh (mouthwash) 150ml,,others,accufresh mouthwash,accufresh mouthwash 150,0,accufresh,accufresh,accufresh,accufresh,150ml,ELTROPIX PHARMACEUTICALS,,,135.0
29672,eltrorich (chocolate power) 200gm,,others,eltrorich chocolate power,eltrorich chocolate power 200,0,eltrorich chocolate,eltrorich,eltrorich,eltrorich,200gm,ELTROPIX PHARMACEUTICALS,,,295.0
22934,fair and lovely face talc 21g 21000mg,,others,fair and lovely face talc 21g,fair and lovely face talc 21g 21000,0,fair and lovely face talc,fair and lovely face,fair and lovely,fair and,21000mg,HINDUSTAN UNILIVER LTD,,,25.0
22938,gal adv 9g trade offer 24+1 13,,others,gal adv 9g trade offer 24+1 13,gal adv 9g trade offer 24+1 13,0,gal adv 9g trade offer 24+1,gal adv 9g trade offer,gal adv 9g trade,gal adv 9g,13,HINDUSTAN UNILIVER LTD,,,9.0
30563,meluktor 500 15s,,others,meluktor 500 15s,meluktor 500 15s,0,meluktor 500,meluktor,meluktor,meluktor,15s,AKCENT HEALTHCARE,,,2990.0
23290,whispr ultra xl+7s 1s,,others,whispr ultra xl+7s 1s,whispr ultra xl+7s 1s,0,whispr ultra xl+7s,whispr ultra,whispr,whispr,1s,PROCTER AND GAMBLE,,,83.0
29661,accudent gel 100gm,,others,accudent,accudent gel 100,0,accudent,accudent,accudent,accudent,100gm,ELTROPIX PHARMACEUTICALS,,,120.0
26734,tynor walker invalid a pods-al l20 1,,others,tynor walker invalid a pods al l20 1,tynor walker invalid a pods al l20 1,0,tynor walker invalid a pods al l20,tynor walker invalid a pods al,tynor walker invalid a pods,tynor walker invalid a,1,TYNOR LTD,,,3390.0
19706,cerl sta3 whe ri maxdf poshan24*300g 300gm,,others,cerl sta3 whe ri maxdf poshan24 300g,cerl sta3 whe ri maxdf poshan24 300g 300,0,cerl sta3 whe ri maxdf poshan24,cerl sta3 whe ri maxdf,cerl sta3 whe ri,cerl sta3 whe,300gm,NESTLE INDIA LTD,,,274.0
21815,hepabliss 10s,,others,hepabliss 10s,hepabliss 10s,0,hepabliss,hepabliss,hepabliss,hepabliss,10s,ADZO LIFESCIENCES,,,150.0
29674,hepatopix sus 200ml,,others,hepatopix sus,hepatopix sus 200,0,hepatopix,hepatopix,hepatopix,hepatopix,200ml,ELTROPIX PHARMACEUTICALS,,,175.0
330230997,lotisol 2 eye drop 5ml,,others,lotisol 2 eye,lotisol 2 eye drops 5,0,lotisol 2,lotisol,lotisol,lotisol,5ml,NRI,,,90.0
330230998,lotisol 5 eye drop 5ml,,others,lotisol 5 eye,lotisol 5 eye drops,0,lotisol 5,lotisol,lotisol,lotisol,5ml,NRI,,,120.0
28690,mekored-xt syp 200ml,,syrup,mekored,mekored syrup 200,1,mekored,mekored,mekored,mekored,200ml,SUNMECK PHARMA PRIVATE LIMITED,,,195.0
16548,veet hrc normal skin 25g 1s,,others,veet hrc normal skin 25g 1s,veet hrc normal skin 25g 1s,0,veet hrc normal skin 25g,veet hrc normal skin,veet hrc normal,veet hrc,1s,RECKIT BENCKISER INDIA PVT LTD,,,55.0
330231037,nata  aid eye drop 5ml,,others,nata aid eye,nata aid eye drops 5,0,nata aid,nata,nata,nata,5ml,NRI,,,110.0
327431020,virsol gel 5g,,others,virsol,virsol gel 5g,0,virsol,virsol,virsol,virsol,5g,AJANTA PHARMA LTD,,,157.5
17355,viopatch back pain xl patch * 5*200 cm,,others,viopatch back pain patch 5 200 cm,viopatch back pain patch 5 200 cm,0,viopatch back pain patch 5 200,viopatch back pain patch 5,viopatch back pain patch,viopatch back pain,5*200 cm,OTHERS,,,500.0
30937,zydiglow face wash 100gm,,others,zydiglow face wash,zydiglow face wash 100,0,zydiglow face,zydiglow,zydiglow,zydiglow,100gm,ZYDILLAC DERMACEUTICALS,,,262.0
21847,wahoo soother 1s,,others,wahoo soother 1s,wahoo soother 1s,0,wahoo soother,wahoo,wahoo,wahoo,1s,OTHERS,,,300.0
15779,whisper choice wings 20s 20 pc,,others,whisper choice wings 20s 20 pc,whisper choice wings 20s 20 pc,0,whisper choice wings 20s 20,whisper choice wings 20s,whisper choice wings,whisper choice,20 pc,PROCTER AND GAMBLE,,,99.0
27479,eyegile cream -am&pm 30gm,,others,eyegile,eyegile cream am&pm 30,0,eyegile,eyegile,eyegile,eyegile,30gm,FIXDERMA INDIA PVT LTD,,,1485.0
23287,whispers liners 20 1s,,others,whispers liners 20 1s,whispers liners 20 1s,0,whispers liners 20,whispers liners,whispers,whispers,1s,PROCTER AND GAMBLE,,,105.0
23293,whispersoft nite xxxl+4 1s,,others,whispersoft nite xxxl+4 1s,whispersoft nite xxxl+4 1s,0,whispersoft nite xxxl+4,whispersoft nite,whispersoft,whispersoft,1s,PROCTER AND GAMBLE,,,125.0
25167,whispr ult on xl+7s 1,,others,whispr ult on xl+7s 1,whispr ult on xl+7s 1,0,whispr ult on xl+7s,whispr ult on,whispr ult,whispr,1,PROCTER AND GAMBLE,,,90.0
23295,whispr ult on xxl+6s 1s,,others,whispr ult on xxl+6s 1s,whispr ult on xxl+6s 1s,0,whispr ult on xxl+6s,whispr ult on,whispr ult,whispr,1s,PROCTER AND GAMBLE,,,110.0
21917,gillette presto  b3g1 1pcs,,others,gillette presto b3g1 1pcs,gillette presto b3g1 1pcs,0,gillette presto b3g1,gillette presto,gillette,gillette,1pcs,PROCTER AND GAMBLE,,,60.0
339931041,nepanac eye drop 5ml,,others,nepanac eye,nepanac eye drops 5,0,nepanac,nepanac,nepanac,nepanac,5ml,RAYMED PHARMACEUTICALS LTD,,,170.0
30527,neurotab-nt 100 10s,,others,,neurotab nt 100 10s,0,,,,,10s,VIGILANT LIFE SCIENCES PVT LTD,,,115.0
24601,sol-k cream 30gm 1,,others,solk,solk cream 30 1,0,solk,solk,solk,solk,1,SANSTUTI PHR,,,2330.0
