item_code,brand_x,brand_y,manufacturer,id,mrp
10169,grd powder chocolate 200gm,grd powder 200gm chocolate,ZYDUS CADILA HEALTHCARE LTD,205394.0,365.0
11440,piza-20mg 10s,piza 20mg tablet 10s,UNIMARK HEALTHCARE LTD,277060.0,44.0
13331,digene gel mint 450ml,digene gel 450ml mint,ABBOTT INDIA LIMITED,166643.0,218.05
15300,tugain gel 5% 60ml,tugain 5 gel 60gm,CIPLA LTD,331356.0,850.47
16263,enerzal powder lime 100gm,enerzal powder 100gm lime,FDC LTD.,363888.0,55.0
16830,anbid-250 mg 10s,anbid 250 tablet 10s,AN PHARMACEUTICALS,112695.0,385.0
16885,calodin 10ml eye drop,calodin eye drop 10ml,SYNTHO,144353.0,77.0
17501,mucaine gel mint 350ml,mucaine gel 350ml mint,PFIZER,245641.0,251.16
1913,meganeuron inj 500mcg 1ml,meganeuron 500mcg injection 1ml,GENETICA,237675.0,38.3
23505,onoff 200mg 10s,onoff 200mg tablet 10s,RANABXY GENRIC,264681.0,75.0
25708,kulfi susp 200ml,kulfi syrup 200ml,OBSURGE,377746.0,240.0
29830,arbitel-20mg 15tab 15s,arbitel 20mg tablet 15s,MICRO,377554.0,68.04
29836,cialis 10mg 2s,cialis 10mg tablet 2s,LUPIN LTD,151606.0,1096.0
30667,zytanix -5mg 15tab 15s,zytanix 5mg tablet 15s,ZYDUS CADILA HEALTHCARE LTD,377542.0,283.45
30692,myphenolet 500mg 10s,myphenolet 500 tablet 10s,AUBADE HEALTHCARE PVT.LTD,247342.0,767.4
30694,valbade 450mg 2s,valbade 450mg tablet 2s,AUBADE HEALTHCARE PVT.LTD,375703.0,860.0
30701,clomilent 50mg 10s,clomilent 50mg tablet 10s,TALENT INDIA LTD,155020.0,106.89
30712,olay 2.5mg 10s,olay 2.5 tablet 10s,TALENT INDIA LTD,261878.0,34.0
30715,preega sr 75mg 10s,preega 75mg tablet 10s,TALENT INDIA LTD,279408.0,125.0
30770,cpz 50mg 10s,cpz 50mg tablet 10s,SUN PHARMA 2,362220.0,6.9
320431114,claribid granules 125mg 30ml,claribid 125mg granules 30gm,ABBOTT INDIA LIMITED,153714.0,138.09
50030842,isac 10mg 10s,isac 10 capsule 10s,SYSTOPIC,216074.0,109.0
7143,ddr 60mg 10s,ddr 60mg capsule mr 10s,MSN LABORATORIES,162206.0,159.0
7912,sensur 50ml lotion,sensur lotion 50ml,Glenmark Pharmaceuticals Ltd,309965.0,145.5
8020,drotin syp 100ml,drotin suspension 100ml,WATER BUSHNELL,181555.0,185.23
12089,pediasure choco 400gm jar,pediasure chocolate jar 400gm,ABBOTT NUTRA,376799.0,725.0
23488,synofluid xt 14s,synofluid xt tablet 14s,CELL SALVE PHARMACEUTICALS,374864.0,829.0
27288,p zide 500mg 10s,p zide 500 tablet 10s,CADILA HEALTHCARE LTD,269242.0,49.31
27835,tenvir af 25mg 30s,tenvir af 25mg tablet 30s,CIPLA LTD,324572.0,1577.42
27961,p zide 1000mg 10s,p zide 1000 tablet 10s,CADILA HEALTHCARE LTD,269241.0,109.91
28942,macprot kesar powder 200gm,macprot powder 200gm kesar,MACLEODS,233340.0,322.0
29446,p zide 750mg 10s,p zide 750 tablet 10s,CADILA HEALTHCARE LTD,269243.0,74.97
30235,lmx forte susp 30ml,lmx forte syrup 30ml,CADILA HEALTHCARE LTD,229471.0,67.2
30745,telsar biso 2.5mg 10s,telsar biso 2.5mg tablet 10s,TORRENT,383142.0,120.0
30779,gluxit s-10/50 mg 10s,gluxit s 10mg/50mg tablet 10s,ERIS PHARMA,378065.0,180.0
3820,dolo 250 susp 60ml,dolo 250 oral suspension 60ml,MICRO,168668.0,44.35
4437,darolac z sachet 10*2gm,darolac z sachet 2gm 10,ARISTO,161922.0,199.5
6441,new dewsoft soap 75gm,dewsoft new soap 75gm,TORRENT,252081.0,230.0
10260,zapiz 2 10s,zapiz 2mg tablet 10s,INTAS PHARMACEUTICALS,345937.0,118.0
11430,piza- d 10s,piza d tablet 10s,UNIMARK HEALTHCARE LTD,277063.0,79.0
11438,piza-40 10s,piza 40mg tablet 10s,UNIMARK HEALTHCARE LTD,277061.0,65.0
14372,pramirol 0.5 10s,pramirol 0.5 tablet 10s,INTAS PHARMACEUTICALS,278958.0,168.0
22320,pregapex nt 10s,pregapex nt tablet 10s,NEUROPEX PHARMACEUTICAL,373450.0,200.0
22946,rovor 10 10s,rovor 10 tablet 10s,TORRENT,374243.0,192.3
23487,kneerol od 10s,kneerol od tablet sr 10s,CELL SALVE PHARMACEUTICALS,370953.0,599.0
23694,tsart 40 10s,tsart 40 tablet 10s,ALKEM,331247.0,122.91
23902,osteocoral ct 15s,osteocoral ct tablet 15s,WORIOX PHARMACEUTICALS,372967.0,225.0
24792,vitrozole-dsr 10s,vitrozole dsr capsule 10s,Voiceover Pharmaceuticals,376039.0,120.0
25158,accufitt-lc 10s,accufitt lc tablet 10s,ACCUFFY LIFESCIENCES,366179.0,307.8
25859,tolmove 450 10s,tolmove 450mg tablet 10s,LA RENON HEALTHCARE,327362.0,273.0
25924,pidotimune 800 10s,pidotimune 800 tablet 10s,LA RENON HEALTHCARE,373284.0,464.0
26130,tadazane-10 4s,tadazane 10 tablet 4s,CEZANE REMIDIES PVT LTD,374905.0,108.0
28178,usinacin 5 10s,usinacin 5 tablet 10s,YTILIGA PHARMACEUTICALS,334477.0,385.0
30194,neurobion alfa 20s,neurobion alfa capsule 20s,PROCTER AND GAMBLE HEALTHCARE LTD,372358.0,337.7
3040,amlosafe-h 10s,amlosafe h tablet 10s,GENETICA,111440.0,64.55
30705,glimital m2 10s,glimital m2 tablet sr 10s,TALENT INDIA LTD,202582.0,64.5
30714,olay plus 10s,olay plus tablet 10s,TALENT INDIA LTD,261884.0,90.0
30716,preega nt 10s,preega nt tablet 10s,TALENT INDIA LTD,279411.0,184.0
30718,telmital ct 10s,telmital ct tablet 10s,TALENT INDIA LTD,323623.0,99.0
30741,acogut 300 er 10s,acogut 300 er tablet 10s,LUPIN LTD,366247.0,384.8
319131134,nebilong 10tab 10s,nebilong tablet 10s,MICRO,250033.0,135.0
334230919,doloswift 50 10s,doloswift 50mg tablet 10s,CELL SALVE PHARMACEUTICALS,378823.0,279.0
361030941,liplac-le 10s,liplac le tablet 10s,MALOOK PHARMACEUTICALS,378718.0,495.0
8320,montair -10 15s,montair 10 tablet 15s,CIPLA LTD,243586.0,246.28
9681,threptin vanilla diskette 1kg,threptin diskette 1kg vanilla,RAPTAKOS BRETT & CO LTD,326066.0,1720.0
14605,tsart trio 12.5 10s,tsart trio 12.5 tablet 10s,ALKEM,331251.0,207.0
14606,tsart trio 6.25 10s,tsart trio 6.25 tablet 10s,ALKEM,331252.0,193.0
23232,divawave od 500 10s,divawave od 500 tablet er 10s,AXONWAVE PHARMACEUTICALS,368768.0,135.0
23386,amoxiris cv 625 10s,amoxiris cv 625 tablet 10s,OCURIS PHARMA,366602.0,210.0
24025,nvm  m12 od 10s,nvm  m12 od tablet 10s,SEAGULL LABORATORIES PVT LTD,362523.0,90.0
24257,h-vit hair 10s,h vit hair tablet 10s,SYSTOPIC,370392.0,110.0
24631,omega-4u 10tab 10s,omega 4u tablet 10s,SANSTUTI PHARMACEUTICALS,263180.0,160.0
25032,nflox tz 10tab 10s,nflox tz tablet 10s,CIPLA GENRIC,372461.0,107.5
29504,sitdc m  500 15s,sitdc m 500 tablet 15s,FDC LTD.,378445.0,119.0
30195,neurobion alfa-d 10s,neurobion alfa d tablet 10s,PROCTER AND GAMBLE HEALTHCARE LTD,372359.0,193.6
30286,siglyn d 50/5 10s,siglyn d 50mg/5mg tablet 10s,ZYDUS CADILA HEALTHCARE LTD,377490.0,170.0
30573,montek fx 15tab 15s,montek fx tablet 15s,RANBAXY,378069.0,278.0
30704,glimital m1 forte 10s,glimital m1 forte tablet sr 10s,TALENT INDIA LTD,202581.0,85.0
30739,sitamax d 10/100 10s,sitamax d 10mg/100mg tablet 10s,AJANTA PHARMA LTD,379630.0,180.0
317130852,calcimax p 30tab 30s,calcimax p tablet 30s,MEYER,143855.0,396.0
319131052,neurocetam 800 30tab 30s,neurocetam 800mg tablet 30s,MICRO,383739.0,675.0
319131069,petril plus 15tab 15s,petril plus tablet 15s,MICRO,377880.0,279.0
325630788,new gtn 6.4 10s,new gtn 6.4 tablet cr 10s,ERIS PHARMA,252099.0,99.82
24612,mela-g forte 10tab 10s,mela g forte tablet 10s,SANSTUTI PHARMACEUTICALS,371711.0,550.0
26805,telma mct 50/12.5  10tab 10s,telma mct 50/12.5 tablet er 10s,Glenmark Pharmaceuticals Ltd,375023.0,171.0
16975,cosvate-g cream 25gm,cosvate g cream 25gm,Oaknet Healthcare Pvt Ltd,158614.0,25.97
9814,monticope susp 30ml,monticope suspension 30ml,MANKIND,243777.0,43.0
25520,sinarest syp 75ml,sinarest syrup 75ml,CENTAUR PHARMA,374547.0,133.75
350531120,gemsoline d3 nano shot  5ml,gemsoline d3 nano shot 5ml,MEDLEY PHARMACEUTICALS LTD,369902.0,67.5
331331121,alkacip syp 100ml,alkacip syrup 100ml,CIPLA GENRIC,108276.0,77.0
579,ambrodil syp 100ml,ambrodil syrup 100ml,ARISTO,110311.0,76.0
8201,quadriderm rf cream 5gm,quadriderm rf cream 5gm,MSD,283760.0,74.0
14920,cof-ryl cough syp 100ml,cof ryl cough syrup 100ml,CIPLA GENRIC,156351.0,82.5
4853,bro-zedex  syp 100ml,bro zedex syrup 100ml,DR. REDDY LABORATORIES LTD,142302.0,142.5
314031102,cadihep syp 220ml,cadihep syrup 220ml,CADILA HEALTHCARE LTD,143370.0,257.8
23573,planokuf syp 100ml,planokuf syrup 100ml,SHREYA LIFESCIENCE,277280.0,181.7
330131018,lynx inj 2ml,lynx injection 2ml,WALLACE PHARMA,232808.0,20.5
30687,cosglo gel 15gm,cosglo gel 15gm,Oaknet Healthcare Pvt Ltd,158521.0,369.5
4966,silverex ionic gel 10gm,silverex ionic gel 10gm,RANBAXY,361970.0,93.0
30120,clobital nm cream  15gm,clobital nm cream 15gm,TALENT INDIA LTD,154763.0,46.75
30108,amrolstar cream 10gm,amrolstar cream 10gm,Oaknet Healthcare Pvt Ltd,112086.0,86.37
30111,b-oze cream 10gm,b oze cream 10gm,Oaknet Healthcare Pvt Ltd,367338.0,135.0
30139,efatop -pe cream 60gm,efatop pe cream 60gm,Oaknet Healthcare Pvt Ltd,184221.0,227.5
30525,etaze cream 20gm,etaze cream 20gm,MOHRISH PHARMACEUTICALS LTD,381461.0,166.0
16160,omnigel 75gm,omnigel 75gm,CIPLA GENRIC,263637.0,231.0
14760,omnigel 30gm,omnigel 30gm,CIPLA GENRIC,263640.0,121.0
30776,denoral tooth paste 70gm,denoral toothpaste 70gm,AUREATE HEALTHCARE PVT LTD,163483.0,195.0
10660,sorbiline syp 100ml,sorbiline syrup 100ml,FRANCO INDIA,314906.0,101.5
24636,bactiwash soap 75gm,bactiwash soap 75gm,SANSTUTI PHARMACEUTICALS,122286.0,117.0
17824,sumo gel 15gm,sumo gel 15gm,ALKEM GENRIC,318902.0,66.0
17086,omnigel 50gm,omnigel 50gm,CIPLA GENRIC,263636.0,162.8
18239,mederma advanced plus scar gel 10gm,mederma advanced plus scar gel 10gm,WIN MEDICARE OTC,381048.0,499.0
27166,otogesic ear drop 10ml,otogesic ear drop 10ml,ERIS PHARMA,267640.0,181.37
24913,tropicacyl plus eye drop 5ml,tropicacyl plus eye drops 5ml,SUNWAYS INDIA PVT LTD,330585.0,80.0
28347,hhfudic cream  10gm,hhfudic cream 10gm,H&H HEALTH CARE,210456.0,315.0
30130,cosvate-s lotion 30ml,cosvate s lotion 30ml,Oaknet Healthcare Pvt Ltd,158622.0,189.95
332830980,cosvate g cream 20gm,cosvate g cream 20gm,Oaknet Healthcare Pvt Ltd,158613.0,22.83
23594,dermadew shampoo 80ml,dermadew shampoo 80ml,H&H HEALTH CARE,163986.0,200.0
29768,dewderm soap 100gm,dewderm soap 100gm,MENARINI INDIA PVT LTD,164782.0,175.0
28918,e-zinc drop 30ml,e zinc drop 30ml,EAST AFRICAN,183238.0,0.0
28931,zincoriv syp 60ml,zincoriv syrup 60ml,EAST AFRICAN,348337.0,0.0
324730414,hicope lotion 100ml,hicope lotion 100ml,MANKIND,382379.0,339.0
29790,scabper soap 75gm,scabper soap 75gm,MENARINI INDIA PVT LTD,308842.0,80.0
24625,glare acne face wash 100ml,glare acne face wash 100gm,SANSTUTI PHARMACEUTICALS,369953.0,250.0
26420,cosmelite cream 25gm,cosmelite cream 25gm,Oaknet Healthcare Pvt Ltd,368197.0,334.48
30434,dosetil cream 15gm,dosetil cream 15gm,Glenmark Pharmaceuticals Ltd,368831.0,167.5
6039,mintop forte 5% solution 60ml,mintop forte 5% solution 60ml,DR. REDDY LABORATORIES LTD,362495.0,868.25
24911,suthin eye drop 10ml,suthin eye drop 10ml,OPTHO REMIDES,319720.0,75.0
30775,xerostene mouth gargle 15ml,xerostene mouth gargle 15ml,AUREATE HEALTHCARE PVT LTD,378574.0,136.67
17470,funzi nm cream 20gm,funzi nm cream 20gm,CORONA REMIDIES PVT.LTD,369786.0,119.75
17437,b 29 syp 200ml,b 29 syrup 200ml,CORONA REMIDIES PVT.LTD,121797.0,159.0
24641,fungidust dusting powder 100gm,fungidust dusting powder 100gm,SANSTUTI PHARMACEUTICALS,198517.0,140.0
27275,misty soft eye drop  10ml,misty soft eye drop 10ml,NRI,242272.0,240.0
318331184,new olesoft max cream 150gm,new olesoft max cream 150gm,ALKEM,372412.0,464.0
316230942,adliv drop 60ml,adliv drop 60ml,ALBERT DAVID,105472.0,72.61
29772,glyaha koj soap 75gm,glyaha koj soap 75gm,MENARINI INDIA PVT LTD,203818.0,175.0
28727,mac os susp 200ml,mac os suspension 200ml,CORONA REMIDIES PVT.LTD,371482.0,264.0
19985,oxum spray 100ml,oxum spray 100ml,ALKEM,362545.0,266.0
9302,xgain shampoo 100ml,xgain shampoo 100ml,CIPLA LTD,344130.0,414.75
24909,ccs gel 10gm,ccs gel 10ml,OPTHO REMIDES,146492.0,167.48
24642,glare glow face wash 100gm,glare glow face wash 100ml,SANSTUTI PHARMACEUTICALS,369954.0,295.0
6922,melgain lotion 2ml,melgain lotion 2ml,ZYDUS CADILA HEALTHCARE LTD,238056.0,490.0
29735,cetrilak soap 75gm,cetrilak soap 75gm,MENARINI INDIA PVT LTD,150463.0,75.0
24639,dermicee lotion 30ml,dermicee lotion 30ml,SANSTUTI PHARMACEUTICALS,164156.0,124.0
29778,ocona z soap 50gm,ocona  z soap 50gm,MENARINI INDIA PVT LTD,259667.0,107.0
16823,mintop yuva solution 60ml,mintop yuva solution 60ml,DR. REDDY LABORATORIES LTD,371911.0,1011.25
24187,sunban lotion 60ml,sunban lotion 60ml,H&H HEALTH CARE,318969.0,375.0
16752,digeplex  syp 200ml,digeplex syrup 200ml,PIRAMAL,363725.0,144.0
27471,fixderma moisturizing cream 60gm,fixderma moisturizing cream 60gm,FIXDERMA INDIA PVT LTD,194758.0,225.0
1274,senquel ad mouth wash 200ml,senquel ad mouth wash 200ml,DR. REDDY LABORATORIES LTD,361864.0,134.0
11058,sensoform dental cream 120gm,sensoform dental cream 120gm,INDOCO REMEDIES LTD,381457.0,142.0
28997,shecare syp 450ml,shecare syrup 450ml,TECHNO PHARMA PVT LTD,311299.0,182.0
16035,volini maxx gel 30gm,volini maxx gel 30gm,SUN PHARMA OTC,340553.0,163.0
24627,welapine cream 20gm,welapine cream 20gm,SANSTUTI PHARMACEUTICALS,376221.0,220.0
145,flexon susp 100ml,flexon suspension 100ml,ARISTO,195368.0,51.55
7710,mintop eva solution 60ml,mintop eva solution 60ml,DR. REDDY LABORATORIES LTD,241678.0,984.75
24633,sebo c lotion 50ml,sebo c lotion 50ml,SANSTUTI PHARMACEUTICALS,374421.0,138.0
24682,b4 nappi cream 75gm,b4 nappi cream 75gm,CURATIO HEALTHCARE IND LTD,121956.0,230.0
12693,sensodent kf dental gel 125gm,sensodent-kf dental gel 125gm,INDOCO REMEDIES LTD,379488.0,146.0
24635,arbiglow cream 20gm,arbiglow cream 20gm,SANSTUTI PHARMACEUTICALS,114533.0,255.0
28197,ambrolite d syp 60ml,ambrolite d syrup 60ml,TABLET INDIA,110349.0,77.0
24615,bio-c face serum 30ml,bio c face serum 30ml,SANSTUTI PHARMACEUTICALS,367213.0,660.0
27472,fixderma moisturizing lotion 500ml,fixderma moisturizing lotion 500ml,FIXDERMA INDIA PVT LTD,194759.0,760.0
7356,mintop forte 5% solution 120ml,mintop forte 5% solution 120ml,DR. REDDY LABORATORIES LTD,241682.0,1513.0
15574,omnigel spray 35gm,omnigel spray 35gm,CIPLA GENRIC,263642.0,119.35
30798,protar solution 100ml,protar solution 100ml,PERCOS INDIA PVT LTD,281640.0,159.0
10056,selsun shampoo 120ml,selsun shampoo 120ml,ABBOTT HEALTH CARE,309673.0,348.63
24650,adalia protein shampoo 200ml,adalia protein shampoo 200ml,SANSTUTI PHARMACEUTICALS,366279.0,260.0
25142,dilo ls syp 100ml,dilo ls syrup 100ml,CORONA REMIDIES PVT.LTD,166853.0,122.35
21638,fixderma salyzap body spray 50ml,fixderma salyzap body spray 50ml,FIXDERMA INDIA PVT LTD,380539.0,350.0
350231006,paknet creamy wash  50gm,paknet creamy wash 50gm,PERCOS INDIA PVT LTD,269622.0,264.0
343230697,benzer 2.5 gel  20gm,benzer 2.5 gel 20gm,TALENT INDIA LTD,367091.0,90.2
24638,dermicee cream 20gm,dermicee cream 20gm,SANSTUTI PHARMACEUTICALS,164155.0,120.0
316230947,evict fibre granules 100gm,evict fibre granules 100gm,ALBERT DAVID,190554.0,256.1
20893,ezanic 20% cream 15gm,ezanic 20% cream 15gm,INTAS PHARMACEUTICALS,191208.0,255.0
23588,propysalic nf oint 30gm,propysalic nf ointment 30gm,H&H HEALTH CARE,281484.0,265.0
28596,q-mek syp 200ml,q-mek syrup 200ml,SUNMECK PHARMA PRIVATE LIMITED,379447.0,549.0
20846,nmf e cream 150gm,nmf e cream 150gm,PALSONS DERMA,255098.0,440.0
341230778,radvera lotion 100ml,radvera lotion 100ml,AUREATE HEALTHCARE PVT LTD,380749.0,650.0
9714,thermokind f dental gel 50gm,thermokind  f dental gel 50gm,MANKIND,325815.0,80.0
29931,travisight eye  drop 3ml,travisight eye drop 3ml,ALEMBIC PHARMACEUTICALS LTD,328939.0,209.0
29978,vitcobin syrup 200ml,vitcobin syrup 200ml,FDC LTD.,377878.0,130.0
25150,xoxe dry syp 30ml,xoxe dry syrup 30ml,CORONA REMIDIES PVT.LTD,344587.0,153.0
28322,azithral eye ointment 5gm,azithral eye ointment 5gm,ALEMBIC PHARMACEUTICALS LTD,121152.0,146.0
28140,sebamed anti dandruff shampoo 200ml,sebamed anti dandruff shampoo 200ml,SEBAMED,309236.0,600.0
350231003,dermoys body wash  250ml,dermoys body wash 250ml,PERCOS INDIA PVT LTD,378252.0,399.0
30274,elovera pro lotion 100gm,elovera pro lotion 100gm,Glenmark Pharmaceuticals Ltd,369069.0,365.0
27470,fixderma moisturizing lotion 150ml,fixderma moisturizing lotion 150ml,FIXDERMA INDIA PVT LTD,194760.0,335.0
23158,impoyz cream 20gm,impoyz cream 20gm,DR. REDDY LABORATORIES LTD,370495.0,231.0
24637,clindwin gel 15gm,clindwin gel 15gm,SANSTUTI PHARMACEUTICALS,154473.0,108.0
6151,cosalic soap 75gm,cosalic soap 75gm,SALVE PHARMA,158472.0,98.0
6543,melgain lotion 5ml,melgain lotion 5ml,ZYDUS CADILA HEALTHCARE LTD,238058.0,964.0
30144,metasone f cream  10gm,metasone f cream 10gm,TALENT INDIA LTD,239356.0,188.0
27501,strengthening shampoo 300ml,strengthening shampoo 300ml,FIXDERMA INDIA PVT LTD,379919.0,1350.0
15107,sumo gel 30gm,sumo gel 30gm,ALKEM GENRIC,318903.0,115.0
15059,threptin lite diskette 275gm,threptin lite diskette 275gm,RAPTAKOS BRETT & CO LTD,326068.0,475.0
30330,akcuz syp 200ml,akcuz syrup 200ml,AKCENT HEALTHCARE,381355.0,256.0
20716,d acne soap 75gm,d acne soap 75gm,Glenmark Pharmaceuticals Ltd,160875.0,265.0
30142,lucee cream  50gm,lucee cream 50gm,TALENT INDIA LTD,231640.0,390.0
323431089,av-uti susp 200ml,av uti suspension 200ml,FDC LTD.,377941.0,250.0
30624,cloben g cream 15gm,cloben g cream 15gm,INDOCO REMEDIES LTD,154703.0,116.5
24640,dermicort cream 10gm,dermicort cream 10gm,SANSTUTI PHARMACEUTICALS,164172.0,99.0
30246,ketomar eye drop 5ml,ketomar opthalmic solution 5ml,ALLERGAN INDIA PVT LTD,221230.0,220.87
27339,pacroma cream 30gm,pacroma cream 30gm,AJANTA PHARMA LTD,269476.0,1313.0
29598,peroclin 5% gel 15gm,peroclin 5% gel 15gm,AJANTA PHARMA LTD,275012.0,520.0
322631169,solvin ls syp 100ml,solvin ls syrup 100ml,IPCA LABORATORIES LTD,314708.0,111.2
24634,acnebenz gel 20gm,acnebenz gel 20gm,SANSTUTI PHARMACEUTICALS,102887.0,90.0
328330995,desosoft cream  10gm,desosoft cream 10gm,KLM LABORATORIES,164372.0,115.0
30493,glambak gel 20gm,glambak gel 20gm,KEPLER,385685.0,317.0
4205,halox s oint 20gm,halox s ointment 20gm,RANBAXY,206552.0,270.0
16883,kz soap 125gm,kz soap 125gm,H&H HEALTH CARE,371002.0,240.0
326031027,logidruf  shampoo 100ml,logidruf shampoo 100ml,CANIXA LIFE SCIIENCES PVT LTD,229746.0,350.0
328331151,lulizol lotion  20ml,lulizol lotion 20ml,KLM LABORATORIES,231872.0,285.0
24646,metafine cream 15gm,metafine cream 15gm,SANSTUTI PHARMACEUTICALS,239247.0,142.0
10186,momoz cream 10gm,momoz cream 10gm,TORRENT,243119.0,181.45
321030989,biluma advance day cream  50gm,biluma advance day cream 50gm,GALDERMA,378212.0,1185.0
321030990,biluma advance night cream  45gm,biluma advance night cream 45gm,GALDERMA,378213.0,1325.0
26121,cetaphil daily exfoliating cleanser 178ml,cetaphil daily exfoliating cleanser 178ml,GALDERMA,377147.0,850.0
26275,mlobe-lp eye drop  5ml,mlobe lp eye drop 5ml,SAPIENT LABROTORIES LTD,242475.0,178.0
28150,sebamed baby cleansing bar 100gm,sebamed baby cleansing bar 100gm,SEBAMED,309245.0,285.0
28146,sebamed baby cleansing bar 150gm,sebamed baby cleansing bar 150gm,SEBAMED,309244.0,410.0
24601,sol-k cream 30gm,sol k cream 30gm,SANSTUTI PHARMACEUTICALS,374618.0,180.0
8077,budesal 0.5mg respules 2ml,budesal 0.5mg respules 2ml,CIPLA LTD,377961.0,43.92
11131,aclaim toothpaste 70gm,aclaim toothpaste 70gm,GROUP PHARMACEUTICALS,102687.0,218.0
11419,betamil gm cream 30gm,betamil gm cream 30gm,PROCTER AND GAMBLE HEALTHCARE LTD,377593.0,43.4
8528,tusq dx liquid 100ml,tusq dx liquid 100ml,BLUE CROSS,331555.0,96.0
18227,gas-o-fast sachet  5 gm lemon 5gm,gas o fast sachet 5gm lemon,MANKIND,199777.0,10.0
1048,monocef o 50 oral susp 30ml,monocef o 50 oral suspension 30ml,ARISTO,243326.0,99.95
4854,bro-zedex sf syp 100ml,bro zedex sf syrup 100 ml,DR. REDDY LABORATORIES LTD,376745.0,150.5
7327,flextor sachet 12gm,flextor sachet 12gm,AKSIGEN HOSPITAL CARE,363942.0,98.0
14993,ketomac shampoo 110ml,ketomac shampoo 110ml,TORQUE PHARMACEUTICALS,221229.0,234.0
7846,o2 susp 60ml,o2 suspension 60ml,MEDLEY PHARMACEUTICALS LTD,382016.0,62.6
10657,nasivion paediatric nasal drops 10ml,nasivion child nasal drops 10ml,PROCTER AND GAMBLE HEALTHCARE LTD,372217.0,80.5
17333,t-minic syp 60ml,t minic syrup 60ml,GALAXO SMITH KLINE OTC,327016.0,99.82
21551,rabivax s vaccine 1ml,rabivax s vaccine 1ml,SERUM INSTITUTE OF INDIA LTD,285415.0,398.37
9754,t-98 paediatric drop 15ml,t 98 paediatric drops 15ml,MANKIND,320915.0,29.99
6300,bro-zedex ls syp 100ml,bro zedex ls syrup 100ml,DR. REDDY LABORATORIES LTD,142307.0,145.25
9755,t-98 ds susp. 60ml,t 98 ds suspension 60ml,MANKIND,320914.0,40.32
16040,torex junior syp 60ml,torex junior syrup 60ml,TORQUE PHARMACEUTICALS,327963.0,75.0
6593,hemfer syp 225ml,hemfer syrup 225ml,ALKEM,362040.0,162.0
8823,tetmosol medicated soap 100gm,tetmosol medicated soap 100gm,PIRAMAL,377179.0,92.0
10208,ambrodil plus rf syp 100ml,ambrodil plus rf syrup 100ml,ARISTO,110317.0,89.75
13259,misty eye drop 10ml,misty eye drop 10ml,NRI,242269.0,110.0
3758,teczine syp 60ml,teczine syrup 60ml,RANBAXY,322722.0,115.0
4857,nadoxin cream 10gm,nadoxin cream 10gm,DR. REDDY LABORATORIES LTD,247888.0,162.75
18087,optimoist eye drop 10ml,optimoist eye drop 10ml,NEOMEDIX HEALTHCARE LTD.,265252.0,132.0
208,practin syp 200ml,practin syrup 200ml,DR. REDDY LABORATORIES LTD,278648.0,145.0
7954,scalpe + anti dandruff shampoo 75ml,scalpe plus anti dandruff shampoo 75ml,Glenmark Pharmaceuticals Ltd,365674.0,280.0
9609,lycored syp 200ml,lycored syrup 200ml,JAGSONPAL PHARMACEUTICALS LTD,232645.0,242.0
23623,bignac gel 30gm,bignac gel 30gm,RONYD HEALTHCARE PVT LTD,126573.0,99.0
16042,torex syp 100ml,torex ap syrup 100ml,TORQUE PHARMACEUTICALS,327957.0,120.0
9020,oflox d eye drop 5ml,oflox d eye drop 5ml,CIPLA LTD,261104.0,20.49
8218,ondem syp 30ml,ondem syrup 30ml,ALKEM,264206.0,41.72
13870,pegclear oral solution 200ml,pegclear oral solution 200ml,ZUVENTUS,273849.0,369.25
19049,lacarnit injection 5ml,lacarnit injection 5ml,LA RENON HEALTHCARE,223888.0,151.0
30226,medkin ad shampoo 200ml,medkin ad shampoo 200ml,MEDISTE PHARMA,236917.0,785.0
16166,powergyl  oral susp 30ml,powergyl oral suspension 30ml,CIPLA GENRIC,278478.0,72.5
5569,calcimax p susp 200ml,calcimax  p suspension 200ml,MEYER,143853.0,171.0
10119,metrogyl p 2% oint 20gm,metrogyl p 2% ointment 20gm,J.B.CHEMICALS & PHARMACEUTICAL,240049.0,152.83
6139,pmt soap 75gm,pmt soap 75gm,SALVE PHARMA,277618.0,79.0
8066,saslic ds foaming face wash 60ml,saslic ds foaming face wash 60ml,CIPLA LTD,296910.0,435.0
9490,volitra aps spray 30ml,volitra aps spray 30ml,RANBAXY,340569.0,295.0
29996,vigoquin-t eye drop 5ml,vigoquin t eye drop 5ml,NEOMEDIX HEALTHCARE LTD.,337892.0,245.0
8843,wikoryl oral drop 15ml,wikoryl oral drops 15ml,ALEMBIC PHARMACEUTICALS LTD,342751.0,96.3
16629,hexilak gel 20gm,hexilak gel 20gm,MENARINI INDIA PVT LTD,210352.0,445.0
7172,elocon cream 10gm,elocon cream 10gm,FULFORD,185324.0,265.0
5531,husky isabgol powder 100gm,husky isabgol powder 100gm,KARNATKA,212040.0,155.0
29981,brimosoft-t eye drop 5ml,brimosoft t eye drop 5ml,NEOMEDIX HEALTHCARE LTD.,367368.0,345.0
14320,latoprost rt bkc free e/d 2.5ml,latoprost rt bkc free eye drop 2.5ml,SUN PHARMA 2,225029.0,649.0
16894,manforce staylong gel 8gm,manforce staylong gel 8gm,MANKIND OTC,365333.0,110.0
620,aristozyme drop 15ml,aristozyme drop 15ml,ARISTO,115033.0,60.8
13975,nasivion 0.05% nasal solution 10ml,nasivion 0.05% nasal solution 10ml,PROCTER AND GAMBLE HEALTHCARE LTD,248452.0,96.3
28721,kevon lotion 75ml,kevon lotion 75ml,GLODERMA PHARMA,370926.0,260.0
10018,nuforce soap 75gm,nuforce soap 75gm,MANKIND,257372.0,99.0
13051,ocuvir skin cream 5gm,ocuvir skin cream 5gm,FDC LTD.,259840.0,99.0
13050,surfaz topical solution 15ml,surfaz topical solution 15ml,FRANCO INDIA,319555.0,73.5
9622,microcef 100 oral susp 30ml,microcef  100 oral suspension 30ml,MICRO,240706.0,164.0
29482,opticool eye drop 10ml,opticool eye drop 10ml,ENTOD PHARMACEUTICALS LTD,265204.0,109.0
10680,flutiflo nasal spray 10ml,flutiflo nasal spray 10ml,LUPIN LTD,196488.0,391.1
14116,misty gel 10ml,misty gel 10ml,NRI,242271.0,130.0
20351,melbild solution 5ml,melbild solution 5ml,ALKEM,238030.0,1040.0
13868,normet syp 60ml,normet syrup 60ml,ZUVENTUS,255851.0,57.95
9075,simyl mct oil 100ml,simyl mct oil 100ml,FDC LTD.,312406.0,275.0
11459,mezol eye drop 10ml,mezol eye drop 10ml,SYNTHO,240345.0,82.0
30227,medpro a hair serum 60ml,medpro a hair serum 60ml,MEDISTE PHARMA,371667.0,1496.0
16847,oscarflam gel 30gm,oscarflam gel 30gm,AN PHARMACEUTICALS,266992.0,65.0
14773,clearwax ear drop 10ml,clearwax ear drop 10ml,CIPLA GENRIC,154227.0,73.15
6752,minoz-bpo gel 15gm,minoz bpo gel 15gm,RANBAXY,241640.0,435.0
1948,nasoclear  gel 15gm,nasoclear gel 15gm,ZYDUS CADILA HEALTHCARE LTD,248488.0,112.35
8065,saslic foaming face wash 60ml,saslic foaming face wash 60ml,CIPLA LTD,296911.0,399.99
1277,stolin oral gel 100gm,stolin oral gel 100gm,DR. REDDY LABORATORIES LTD,317743.0,135.0
17954,omnix 50 dry syp 30ml,omnix 50 dry syrup 30ml,CIPLA LTD,263691.0,53.84
24167,planokuf d syp 60ml,planokuf d syrup 60ml,SHREYA LIFESCIENCE,277279.0,93.9
17442,respicure d syp 100ml,respicure d syrup 100ml,CORONA REMIDIES PVT.LTD,289852.0,95.0
10138,scabelice new medicated soap 75gm,scabelice new medicated soap 75gm,MANKIND,374397.0,80.0
14282,toff dc syp 100ml,toff dc syrup 100ml,MANKIND,327250.0,102.05
24804,utimack syp 200ml,utimack syrup 200ml,DEVANN PHARMACEUTICALS,375676.0,149.0
17449,mac mps susp 200ml,mac mps suspension 200ml,CORONA REMIDIES PVT.LTD,233175.0,127.2
18322,mosi  eye drop 5ml,mosi eye drop 5ml,FDC LTD.,244337.0,92.0
29987,nepavon eye drop 5ml,nepavon eye drop 5ml,NEOMEDIX HEALTHCARE LTD.,250873.0,185.0
13316,noblok af drop 15ml,noblok af drops 15ml,MANKIND,255196.0,57.97
49831017,ns-aid eye drop 5ml,ns aid eye drop 5ml,SYNTHO,257004.0,60.0
322531063,t bact cream 7.5gm,t bact cream 7.5gm,GALAXO SMITH KLINE LTD,322435.0,218.3
10872,ahaglow acne control moisturizing gel 50gm,ahaglow acne control moisturizing gel 50gm,TORRENT,106723.0,575.0
27607,anaboom ad lotion 50ml,anaboom ad lotion 50ml,SUN PHARMA 2,112535.0,324.0
23587,dermadew soap 75gm,dermadew soap 75gm,H&H HEALTH CARE,163988.0,160.0
21488,misty fresh eye drop 10ml,misty fresh eye drop 10ml,NRI,242270.0,360.0
27692,neph m plus  eye drop 10ml,neph m plus eye drop 10ml,ALLERGAN INDIA PVT LTD,250889.0,79.0
17982,neph-m eye drop 10ml,neph m eye drop 10ml,ALLERGAN INDIA PVT LTD,250888.0,70.0
8838,new hair 4u 10% solution 60ml,new hair 4u 10% solution 60ml,Glenmark Pharmaceuticals Ltd,252101.0,928.0
21374,no scars cream 20gm,no scars cream 20gm,TORQUE PHARMACEUTICALS,255137.0,259.0
16069,purodil syp 200ml,purodil syrup 200ml,AMIL PHARMACEUTICALS INDIA LTD,282942.0,248.0
29991,travstar-pf eye drop 5ml,travstar pf eye drop 5ml,NEOMEDIX HEALTHCARE LTD.,375418.0,690.0
9174,otiflox ear drop 5ml,otiflox ear drop 5ml,CENTAUR PHARMA,267602.0,94.44
17739,otrivin baby saline nasal spray 10ml,otrivin baby saline nasal spray 10ml,GALAXO SMITH KLINE OTC,372984.0,62.68
6974,moisturex soft lotion 100ml,moisturex soft lotion 100ml,RANBAXY,242870.0,355.0
21281,p-120 susp 60ml,p 120 suspension 60ml,APEX PHAMACEUTICALS,269123.0,39.65
8524,o2 derm cream 15gm,o2 derm cream 15gm,MEDLEY PHARMACEUTICALS LTD,259259.0,76.0
17444,respicure ls junior syp 60ml,respicure ls junior syrup 60ml,CORONA REMIDIES PVT.LTD,289855.0,85.8
6135,parasoft emollient lotion 100ml,parasoft emollient lotion 100ml,SALVE PHARMA,271868.0,308.0
24201,ad mela tx cream 30gm,ad mela  tx cream 30gm,ADONIS PHYTOCEUTICALS PVT. LTD,103723.0,550.0
330230996,bepotime eye drop 5ml,bepotime eye drop 5ml,NRI,125165.0,198.0
339931011,cataray eye drop 10ml,cataray eye drop 10ml,RAYMED PHARMACEUTICALS LTD,146258.0,88.0
3815,coverit 10% solution 60ml,coverit 10% solution 60ml,MICRO,158739.0,872.0
31009,kitmox eye drop 5ml,kitmox eye drop 5ml,PROVIS BIOLABS,222237.0,167.34
351131016,lubryl-ultra  eye drop 10ml,lubryl ultra eye drop 10ml,SAPIENT LABROTORIES LTD,231632.0,250.0
19506,lupitros-tz eye drop 3ml,lupitros tz eye drop 3ml,LUPIN LTD,371427.0,347.1
10190,momoz t cream 10gm,momoz t cream 10gm,TORRENT,243123.0,203.2
340931030,occumox-kt eye drop 5ml,occumox kt eye drop 5ml,SUNWAYS INDIA PVT LTD,259530.0,148.0
6131,parasoft baby bathing bar 75gm,parasoft baby bathing bar 75gm,SALVE PHARMA,271861.0,135.0
26034,proanagen solution  100 ml 100ml,proanagen solution 100ml,CURATIO HEALTHCARE IND LTD,280621.0,950.0
29412,saptob f eye drop 5ml,saptob f eye drop 5ml,SAPIENT LABROTORIES LTD,362267.0,118.0
6060,seacod cod liver oil 60ml,seacod cod liver oil 60ml,AVENTIS,309186.0,233.09
7811,yugard anti -ageing cream 30gm,yugard anti ageing cream 30gm,RANBAXY,345303.0,1650.0
8858,zocef dry syp 30ml,zocef dry syrup 30ml,ALKEM,349050.0,155.0
15162,brinzagan opthalmic drop 5ml,brinzagan opthalmic solution 5ml,ALLERGAN INDIA PVT LTD,141841.0,498.4
7168,bro-zedex ls drop 15ml,bro zedex ls drops 15ml,DR. REDDY LABORATORIES LTD,142304.0,70.5
20083,lupitros-z eye drop bkc free 3ml,lupitros z eye drop bkc free 3ml,LUPIN LTD,371428.0,365.0
23866,mo-4 eye drop 5ml,mo 4 eye drop 5ml,NRI,242514.0,99.0
330131019,persol  ac 5 gel 30gm,persol ac 5 gel 30gm,WALLACE PHARMA,275044.0,211.0
339931042,raymoxi eye drop 5ml,raymoxi eye drop 5ml,RAYMED PHARMACEUTICALS LTD,287233.0,127.0
23435,ryzodeg 100iu/ml penfill 3ml,ryzodeg 100iu/ml penfill 3ml,NOVO NORDISK INDIA PVT LTD,295224.0,5630.0
14323,sensur rub oint 30gm,sensur rub ointment 30gm,Glenmark Pharmaceuticals Ltd,309967.0,140.5
25833,skinelle cream 20gm,skinelle cream 20gm,CHARAK PHARMA PVT LTD,313292.0,77.0
19284,xalacom eye drop 2.5ml,xalacom eye drop 2.5ml,PFIZER,343805.0,682.44
29349,candid gold cream 50gm,candid gold cream 50gm,Glenmark Pharmaceuticals Ltd,144878.0,180.88
29896,levilex oral solution 100ml,levilex oral solution 100ml,MSN LABORATORIES,362346.0,390.2
351131046,mlobe eye drop 5ml,mlobe eye drop 5ml,SAPIENT LABROTORIES LTD,242471.0,92.0
17894,novamox paediatric drop 10ml,novamox paediatric drops 10ml,CIPLA LTD,256415.0,59.29
13318,paragreat 250 susp 60ml,paragreat 250mg suspension 60ml,MANKIND,271750.0,40.32
17599,betonin ast syp 400 ml 400ml,betonin ast syrup 400ml,ABBOTT HEALTH CARE,125884.0,277.79
25831,takzema oint 30gm,takzema ointment 30gm,CHARAK PHARMA PVT LTD,321337.0,94.0
19899,greyex solution 30ml,greyex solution 30ml,INTAS PHARMACEUTICALS,370203.0,650.0
23407,hayo eye drop 10ml,hayo eye drop 10ml,OCURIS PHARMA,370285.0,380.0
31032,hyla-fusion eye drop 10ml,hyla fusion eye drop 10ml,ENTOD PHARMACEUTICALS LTD,212265.0,515.0
351131014,hyloaid eye drop 5ml,hyloaid eye drop 5ml,SAPIENT LABROTORIES LTD,370412.0,195.0
19933,iobet eye drop 5ml,iobet eye drop 5ml,FDC LTD.,215747.0,60.5
2310,mms cream 10gm,mms cream 10gm,ZYDUS CADILA HEALTHCARE LTD,242496.0,180.0
13746,nezaflo nasal spray 12ml,nezaflo nasal spray 12ml,SUN PHARMA 2,252893.0,344.0
15120,novomix 30 flexpens 100iu/ml 3ml,novomix 30 flexpen 100iu/ml 3ml,E-LILLY,256652.0,957.0
7963,onabet dusting powder 50gm,onabet dusting powder 50gm,Glenmark Pharmaceuticals Ltd,263974.0,199.0
29451,systane complete eye drop 10ml,systane complete eye drop 10ml,ALCON,377907.0,595.0
10036,tresiba 100iu/ml flextouch 3ml,tresiba 100iu/ml flextouch 3ml,ABBOTT INDIA LIMITED,329175.0,1942.0
21076,aquasoft max moisturising cream 100gm,aquasoft max moisturising cream 100gm,AJANTA PHARMA LTD,114427.0,381.0
351131013,brag eye drop 5ml,brag eye drops 5ml,SAPIENT LABROTORIES LTD,141566.0,125.0
30013,d3 must nano oral solution 5ml,d3-must nano oral solution 5ml,MANKIND,380104.0,64.99
4373,travo z eye drop 3ml,travo z eye drop 3ml,MICRO,328951.0,585.0
23867,mo-4 kt eye drop 5ml,mo 4 kt eye drops 5ml,NRI,242516.0,110.0
22541,nazomac af nasal drop 15ml,nazomac af nasal drops 15ml,MACLEODS,249884.0,329.25
8866,sitcom cream 30gm,sitcom cream 30gm,MANKIND,313054.0,239.8
30988,adbrom eye drop 5ml,adbrom eye drop 5ml,ENTOD PHARMACEUTICALS LTD,103769.0,150.5
330131007,brite eye drop 10ml,brite eye drop 10ml,WALLACE PHARMA,141888.0,165.0
328330991,desosoft lotion 30ml,desosoft lotion 30ml,KLM LABORATORIES,164373.0,140.0
314530994,dortim eye drop 5ml,dortim eye drop 5ml,JAWA PHARMACEUTICALS PVT.LTD,169635.0,415.0
20741,ga -12 cream 30gm,ga  12 cream 30gm,KLM LABORATORIES,199163.0,175.0
332931038,lubrinac eye drop 10ml,lubrinac eye drop 10ml,OPTHO REMIDES,231622.0,218.9
20350,minokem 5% spray 60ml,minokem 5% spray 60ml,ALKEM,241568.0,820.0
351131047,mlobe-kt eye drop 5ml,mlobe kt eye drop 5ml,SAPIENT LABROTORIES LTD,242473.0,125.0
330231036,mo 4 dx eye drop 5ml,mo 4 dx eye drop 5ml,NRI,242513.0,99.0
326031045,raysoft eye drop 10ml,raysoft eye drop 10ml,RAYMED PHARMACEUTICALS LTD,373822.0,220.0
21727,suncros matte finish soft gel 50gm,suncros matte finish soft gel 50gm,RANBAXY,361929.0,799.0
26029,ega cream  30 gm 30gm,ega cream 30gm,CURATIO HEALTHCARE IND LTD,184477.0,1400.0
6159,eyez gel 40 plus 15ml,eyez gel 40 plus 15ml,SALVE PHARMA,191193.0,798.0
19523,golite skin lightening cream 15gm,golite skin lightening cream 15gm,USV,204844.0,499.0
17512,huminsulin 30/70 solution for injection 40iu/ml 10ml,huminsulin 30/70 solution for injection 40iu/ml 10ml,E-LILLY,212007.0,174.0
21450,xlha eye drop 10ml,xlha eye drop 10ml,SUNWAYS INDIA PVT LTD,376320.0,450.0
10189,momoz s oint 15gm,momoz s ointment 15gm,TORRENT,243122.0,179.65
316931034,nepablu eye drop 5ml,nepablu eye drop 5ml,LUPIN LTD,250839.0,229.7
20451,powercort-s 3% oint 30gm,powercort s 3% ointment 30gm,Glenmark Pharmaceuticals Ltd,373389.0,114.0
14583,scarend silicone gel 10gm,scarend silicone gel 10gm,MANKIND,308888.0,469.0
20608,sensoform gum paint 20ml,sensoform gum paint 20ml,INDOCO REMEDIES LTD,309940.0,100.0
18091,zoline plus eye drop 10ml,zoline plus eye drops 10ml,AJANTA PHARMA LTD,349430.0,104.0
351131048,zonafresh eye drop 10ml,zonafresh eye drop 10ml,SAPIENT LABROTORIES LTD,349620.0,154.0
13537,tear drop gel 10ml,tear drops gel 10ml,SUN PHARMA 2,322601.0,220.15
17238,trigaine caffeine shampoo 200ml,trigaine caffeine shampoo 200ml,APPLE THERAPEUTICS LTD,329688.0,723.0
29645,murine-300 cap 10s,murine 300 capsule 10s,AKCENT HEALTHCARE,246134.0,1550.0
29920,budamate 100 transcap 30s,budamate 100 transcaps 30s,LUPIN LTD,142588.0,141.41
29985,macuvon cap 10s,macuvon capsule 10s,NEOMEDIX HEALTHCARE LTD.,233447.0,245.0
29992,vcofol cap 10s,vcofol capsule 10s,NEOMEDIX HEALTHCARE LTD.,379134.0,245.0
25162,oxilyk cap 10s,oxilyk capsule 10s,ACCUFFY LIFESCIENCES,373013.0,387.0
325330884,palmova cap 10s,palmova capsule 10s,ALNICHE LIFE SCIENCES PVT LTD,379458.0,395.0
28423,suncumin cap 10s,suncumin capsule 10s,A.R PHARMACEUTICALS,380759.0,549.0
17880,distone cap 24s,distone capsule 24s,IND SWIFT LABORATORIES LTD,167638.0,216.0
29858,krimega softgel cap 10s,krimega softgel capsule 10s,MOREPEN LABORATORIES LTD.,381113.0,690.0
24685,liqui d3 cap 4tab 4s,liqui d3 capsule 4s,TROIKAA PHARMACEUTICALS LTD,228734.0,146.6
30367,r-site cap 10s,r site capsule 10s,RAYMED PHARMACEUTICALS LTD,284460.0,190.0
25137,dosin-d cap 10s,dosin d capsule 10s,CORONA REMIDIES PVT.LTD,169659.0,425.9
29859,rabipen plus cap 10s,rabipen plus capsule 10s,MOREPEN LABORATORIES LTD.,285291.0,172.7
30166,supranerv cap 10s,supranerv capsule 10s,Oaknet Healthcare Pvt Ltd,319405.0,212.64
10304,clavix  gold 10 cap 15s,clavix gold 10 capsule 15s,INTAS PHARMACEUTICALS,153986.0,81.5
194,libotryp 5mg/12.5mg tab 30s,libotryp 12.5 mg/5 mg tablet 30s,DR. REDDY LABORATORIES LTD,227869.0,130.5
7939,telma am 80 tab 15s,telma 80 am tablet 15s,Glenmark Pharmaceuticals Ltd,323245.0,413.0
30007,glucreta s (10+50) tab 10s,glucreta s 10mg/50mg tablet 10s,TORRENT,377869.0,185.0
30008,glucreta s (5+100)tab 10s,glucreta s 5mg/100mg tablet 10s,TORRENT,377868.0,185.0
30009,sitaxa d (10+50) tab 10s,sitaxa d 10mg/50mg tablet 10s,TORRENT,377861.0,185.0
6537,sumo tab 15s,sumo tablet 15s,ALKEM,318922.0,136.0
15334,telma h tab 15s,telma h tablet 15s,Glenmark Pharmaceuticals Ltd,323253.0,290.0
14861,telma 40 tab 15tab 15s,telma 40 tablet 15s,Glenmark Pharmaceuticals Ltd,323241.0,101.3
14964,fluka 150 tab 1s,fluka 150 tablet 1s,CIPLA GENRIC,196177.0,13.29
11984,crocin 650 advance tab 15s,crocin 650 advance tablet 15s,GALAXO SMITH KLINE OTC,368256.0,29.9
2818,h-vit tab 10s,h vit tablet 10s,SYSTOPIC,361796.0,55.0
1111,nise tab 15s,nise tablet 15s,DR. REDDY LABORATORIES LTD,254548.0,108.0
14422,azax 500 tab 3s,azax 500 tablet 3s,RANABXY GENRIC,120065.0,79.3
4860,nuroday tab 10s,nuroday tablet 10s,DR. REDDY LABORATORIES LTD,257746.0,235.0
10176,primolut n tab 10s,primolut n tablet 10s,CADILA HEALTHCARE LTD,280393.0,63.46
8472,glucoryl mv 2 tab 15s,glucoryl mv 2 tablet sr 15s,ALKEM,203600.0,370.0
314031097,rabeloc 40 tab 10s,rabeloc 40 tablet 10s,CADILA HEALTHCARE LTD,284753.0,253.0
2687,nebi 2.5 tab 10s,nebi 2.5 tablet 10s,GENETICA,249998.0,67.85
400,parkin tab 10s,parkin tablet 10s,MICRO,272083.0,13.66
13836,augpen lb 1g bid tab 10s,augpen lb 1g bid tablet 10s,ZUVENTUS,118328.0,536.4
30176,polybion czs active defense tab 30s,polybion czs active defense tablet 30s,PROCTER AND GAMBLE HEALTHCARE LTD,378577.0,184.4
17078,b -active tab 15s,b active tablet 15s,DELVIN FORMULATIONS PVT LTD,122281.0,284.0
22757,tusq dx dt tab 10s,tusq dx dt tablet 10s,BLUE CROSS,375529.0,53.0
9439,telsar 40 tab 15s,telsar 40 tablet 15s,TORRENT,323822.0,101.3
19,mucolite tab 10s,mucolite tablet 10s,DR. REDDY LABORATORIES LTD,245735.0,43.92
2009,nebi 5 tab 10s,nebi 5 tablet 10s,GENETICA,249999.0,98.2
29459,ticavic 60mg tab 10s,ticavic 60 tablet 10s,ALKEM,375250.0,165.0
11002,triglimisave 2 tab 10s,triglimisave 2 tablet sr 10s,ERIS PHARMA,329747.0,227.95
9433,trika 0.25 tab 15s,trika 0.25mg tablet 15s,TORRENT,329815.0,29.2
30236,esiloc 40mg tab 15s,esiloc 40mg tablet 15s,CADILA HEALTHCARE LTD,380417.0,82.0
30351,mexate 15 tab 10tab 10s,mexate 15 tablet 10s,ZYDUS CADILA HEALTHCARE LTD,377115.0,466.05
9434,trika 0.5 tab 15s,trika 0.5mg tablet 15s,TORRENT,329816.0,60.85
11437,nuromark tab 10s,nuromark tablet 10s,UNIMARK HEALTHCARE LTD,257821.0,29.0
9980,terbinaforce 250 tab 7s,terbinaforce 250mg tablet 7s,MANKIND,324729.0,100.14
18701,torleva xr 500 tab 10s,torleva xr 500 tablet 10s,OTHERS,328027.0,208.7
8994,orofer xt tab 10s,orofer xt tablet 10s,Emcure Pharmaceuticals Ltd,266626.0,189.45
7659,storvas 5 tab 15s,storvas 5 tablet 15s,RANBAXY,317855.0,105.0
9374,mox cv 625 tab 10s,mox cv 625 tablet 10s,RANBAXY,244667.0,223.35
15113,recofast tab 10s,recofast tablet 10s,SHREYA LIFESCIENCE,287867.0,51.65
30391,new improved cellforte tab 10s,new improved cellforte tablet 10s,Ultimate Healthcare,372397.0,342.0
327131094,proxym er 300 tab 15s,proxym er 300mg tablet 15s,Emcure Pharmaceuticals Ltd,383824.0,426.6
8265,solonex tab 10s,solonex tablet 10s,MACLEODS,314496.0,13.9
14453,dilnip t 40 tab 15s,dilnip t 40 tablet 15s,LUPIN LTD,368730.0,237.2
30162,prugo 25mg tab 15s,prugo 25 tablet 15s,Oaknet Healthcare Pvt Ltd,282305.0,71.75
7444,stamlo 5 tab 30s,stamlo 5 tablet 30s,DR. REDDY LABORATORIES LTD,317005.0,74.9
9432,ranx 500 tab 15s,ranx 500 tablet er 15s,TORRENT,286846.0,296.9
8446,saaz tab 10s,saaz tablet 10s,IPCA LABORATORIES LTD,374320.0,68.15
21411,linox 600 tab 10s,linox 600 tablet 10s,TORRENT,228418.0,356.27
9643,cremalax tab 18s,cremalax tablet 18s,ABBOTT INDIA LIMITED,382832.0,201.33
8169,norflox tz rf tab 10s,norflox tz rf tablet 10s,CIPLA LTD,255706.0,107.48
7504,rosuvas f 5 tab 15s,rosuvas f 5 tablet 15s,RANBAXY,293734.0,226.0
15156,cetcip-l tab 10s,cetcip l tablet 10s,CIPLA GENRIC,150214.0,67.1
16159,okacet l tab 10s,okacet l tablet 10s,CIPLA GENRIC,261629.0,62.7
719,serta 100 tab 15s,serta 100 tablet 15s,TORRENT,310681.0,312.4
30122,cocid 40 tab 10s,cocid 40mg tablet 10s,TALENT INDIA LTD,156062.0,80.0
27203,ata tablet 10s,ata tablet 10s,FDC LTD.,366820.0,89.0
8666,nimulid tab 15s,nimulid md tablet 15s,MANKIND,254186.0,84.8
17111,recofast plus tab 10s,recofast plus tablet 10s,SHREYA LIFESCIENCE,287863.0,72.15
21853,amyron tab 30s,amyron tablet 30s,AMIL PHARMACEUTICALS INDIA LTD,106778.0,198.0
30337,sitaxa dm(10/100/1000)tab 10s,sitaxa dm 10mg/100mg/1000mg tablet 10s,TORRENT,383122.0,230.0
29847,sitapride-d 100/10 tab 15s,sitapride d 100mg/10mg tablet 15s,MICRO,377532.0,299.0
2635,terbest tab 7s,terbest tablet 7s,SYSTOPIC,324651.0,91.0
29845,sitanorm m 50/1000 tab 15s,sitanorm m 50mg/1000mg tablet 15s,MICRO,377390.0,164.0
14038,trivolib 1 tab 10s,trivolib 1 tablet er 10s,SUN PHARMA 2,330349.0,244.5
29911,dapaone 10mg tab 10s,dapaone 10mg tablet 10s,MSN LABORATORIES,368444.0,150.0
13410,lonazep 0.5mg tab 10s,lonazep md 0.5 tablet 10s,SUN PHARMA 2,229943.0,51.74
10855,monit 30 sr tab 15s,monit 30 sr tablet 15s,INTAS PHARMACEUTICALS,243245.0,87.55
14596,ticavic 90mg  tab 10s,ticavic 90 tablet 10s,ALKEM,375251.0,225.0
29652,veinosil forte tab 6s,veinosil  forte tablet 6s,AKCENT HEALTHCARE,336528.0,474.0
13516,aztor 40mg tab 15s,aztor 40 tablet 15s,SUN PHARMA 2,121634.0,359.8
22313,benfopex tab 10s,benfopex tablet 10s,NEUROPEX PHARMACEUTICAL,367074.0,250.0
17503,sazo 500 tab 15s,sazo 500 tablet 15s,WALLACE PHARMA,374396.0,74.24
9444,telsar a tab 15s,telsar a tablet 15s,TORRENT,323826.0,254.8
29815,samliza 6 tab 10s,samliza 6mg tablet 10s,ROCKMED PHARMA PVT. LTD,296227.0,85.0
17386,trazer f forte tab 10s,trazer f forte tablet 10s,CORONA REMIDIES PVT.LTD,329054.0,275.0
9205,zocon 400 tab 1s,zocon 400 tablet 1s,FDC LTD.,349093.0,38.75
9024,meftal-250 tab 10s,meftal 250mg tablet dt 10s,BLUE CROSS,237420.0,22.5
29148,doxolin 200mg tab 30s,doxolin 200mg tablet 30s,ZYDUS CADILA HEALTHCARE LTD,170018.0,87.8
14415,amlip at tab 10s,amlip at tablet 10s,CIPLA GENRIC,111242.0,72.6
30454,rispond 2 tab(15tab) 15s,rispond 2mg tablet 15s,MICRO,378267.0,76.88
10472,sartel h tab 15s,sartel h tablet 15s,INTAS PHARMACEUTICALS,376730.0,250.0
22903,pearl d3 forte tab 10s,pearl d3 forte tablet 10s,DRIGHYAM PHARMACEUTICALS,373186.0,225.0
21656,prenatal tab 10s,prenatal tablet 10s,Fourrts India Laboratories,279933.0,178.0
14141,sgltr tab 10s,sgltr tablet 10s,MANKIND,374491.0,131.0
23142,sgltr v tab 10s,sgltr v tablet 10s,MANKIND,374493.0,149.0
23628,sonirab d tab 10s,sonirab d tablet 10s,RONYD HEALTHCARE PVT LTD,314842.0,65.9
334230920,fosabond tab 4s,fosabond tablet 4s,CELL SALVE PHARMACEUTICALS,369735.0,552.0
30262,netazox 200 dt tab 6s,netazox 200mg tablet dt 6s,IND SWIFT LABORATORIES LTD,251249.0,73.2
18217,sobisis 500 tab 10s,sobisis 500mg tablet 10s,LA RENON HEALTHCARE,361867.0,41.0
7704,volix m 0.3mg tab 10s,volix m 0.3 tablet 10s,RANBAXY,340585.0,179.0
12906,1-al 10mg tab 15s,1 al 10 tablet 15s,FDC LTD.,100021.0,84.0
195,libotryp ds 25mg/10mg tab 30s,libotryp ds 25 mg/10 mg tablet 30s,DR. REDDY LABORATORIES LTD,227873.0,207.25
22317,esmopex 40 tab 10s,esmopex 40mg tablet 10s,NEUROPEX PHARMACEUTICAL,369227.0,84.0
29706,spirodin-650 tab 10s,spirodin 650 tablet mr 10s,KOYE PHARMACEUTICALS PVT.LTD,316065.0,152.0
7366,tenefit m tab 15s,tenefit m tablet sr 15s,SYSTOPIC,375105.0,141.0
23246,toll d tab 10s,toll d tablet 10s,AXONWAVE PHARMACEUTICALS,375328.0,162.0
22144,trika 1 tab 10s,trika sr 1 tablet 10s,TORRENT,329821.0,59.7
30390,boneshell plus tab 10s,boneshell plus tablet 10s,Ultimate Healthcare,367323.0,187.0
30216,cell cure tab 10s,cell cure tablet 10s,MEDISTE PHARMA,367760.0,695.0
30805,feromost xt tab 10s,feromost xt tablet 10s,AAREEN HEALTHCARE PVT LTD,369532.0,108.9
6781,janumet xr cp tab 14s,janumet xr cp tablet 14s,MSD,217375.0,289.0
17510,nor tz tab 6s,nor tz tablet 6s,ALKEM GENRIC,255973.0,42.0
10648,phostat tab 10s,phostat tablet 10s,ZYDUS CADILA HEALTHCARE LTD,362549.0,42.3
329331108,solhike-d3 60k tab 4s,solhike d3 60k tablet 4s,LA RENON HEALTHCARE,380367.0,108.0
9596,tydol 50 tab 10s,tydol 50 tablet 10s,RANBAXY,331787.0,177.0
22242,vista q10 tab 10s,vista q10 tablet 10s,V R MED HEALTHCARE,338859.0,599.0
29918,pulmofib 801 mg tab 10s,pulmofib 801mg tablet 10s,MSN LABORATORIES,373580.0,660.0
29924,tapfree er 50mg tab 15s,tapfree er 50 tablet 15s,MSN LABORATORIES,321792.0,257.0
22315,dvpex 50 tab 10s,dvpex 50 tablet er 10s,NEUROPEX PHARMACEUTICAL,368966.0,120.0
15290,mmf tab 10s,mmf tablet 10s,IPCA LABORATORIES LTD,242488.0,741.62
30392,curcuhip plus tab 10s,curcuhip plus tablet 10s,Ultimate Healthcare,368286.0,298.0
9143,lcz plus tab 10s,lcz plus tablet 10s,RAPROSS,225455.0,69.0
13869,normet tab 10s,normet tablet 10s,ZUVENTUS,255853.0,112.35
8713,olmy 20 tab 10s,olmy 20 tablet 10s,ZYDUS CADILA HEALTHCARE LTD,262630.0,155.2
23485,bonserum tab 10s,bonserum tablet 10s,CELL SALVE PHARMACEUTICALS,141211.0,229.0
23370,cyonase-xt tab 10s,cyonase xt tablet 10s,CELL SALVE PHARMACEUTICALS,160470.0,179.0
8864,sitcom tab 7s,sitcom tablet 7s,MANKIND,313057.0,319.55
10017,t-98 tab 15s,t 98 tablet 15s,MANKIND,374888.0,16.63
16027,gramogyl tab 10s,gramogyl tablet 10s,RANABXY GENRIC,205221.0,90.0
6359,ccd max tab 10s,ccd max tablet 10s,SUNCURE,146465.0,150.0
19100,glycomet-gp 1/850 tab 10s,glycomet gp 1/850 tablet pr 10s,USV,204020.0,75.35
15728,ppg 0.2 tab 30s,ppg 0.2 tablet 30s,ABBOTT HEALTH CARE,278569.0,197.3
7647,tenefit m forte tab 10s,tenefit m forte tablet sr 10s,SYSTOPIC,324342.0,106.0
10760,tenlimac tab 10s,tenlimac tablet 10s,MACLEODS,324448.0,83.0
28239,zomelis d tab 10s,zomelis d tablet sr 10s,ERIS PHARMA,378035.0,200.0
29827,dhup 60 k tab 4 tablet,dhup 60 k tablet 4s,ALBERT DAVID,165458.0,117.9
30596,febuday 80 tab 10s,febuday 80 tablet 10s,MSN LABORATORIES,192481.0,144.0
7326,osedrate tab 10s,osedrate tablet 10s,AKSIGEN HOSPITAL CARE,267011.0,155.0
14414,amlip 5 tab 10s,amlip 5 tablet 10s,CIPLA GENRIC,111241.0,32.36
8298,atorlip 40 tab 10s,atorlip 40 tablet 10s,CIPLA LTD,117874.0,239.9
29917,mirabig s 25mg tab 10s,mirabig s 25 tablet 10s,MSN LABORATORIES,379520.0,385.0
9438,telsar 20 tab 15s,telsar 20 tablet 15s,TORRENT,323821.0,58.12
9440,telsar 80 tab 10s,telsar 80 tablet 10s,TORRENT,323824.0,103.93
16933,nvm-m12 tab 10s,nvm  m12 tablet 10s,SEAGULL LABORATORIES PVT LTD,258948.0,55.0
18717,olmark 20 tab 15s,olmark 20 tablet 15s,INTAS PHARMACEUTICALS,262284.0,185.0
30474,sgltd-s 5/50 tab 10s,sgltd s 5mg/50mg tablet 10s,MANKIND,382532.0,128.0
28181,utiriga tab 10s,utiriga tablet 10s,YTILIGA PHARMACEUTICALS,334570.0,398.0
27598,zolax 0.25 tab 10s,zolax 0.25mg tablet sr 10s,INTAS PHARMACEUTICALS,349305.0,16.0
319431066,aldosmin 1000mg tab 10s,aldosmin 1000mg tablet 10s,RANBAXY,366424.0,238.0
30814,ancal tab 10s,ancal tablet 10s,AN PHARMACEUTICALS,362075.0,121.0
16132,cefix -200mg tab 10s,cefix 200mg tablet 10s,CIPLA GENRIC,147644.0,107.74
6362,levosiz-m kid tab 10s,levosiz m kid tablet 10s,SYSTOPIC,227397.0,38.0
30141,litholent sr 400 tab 10s,litholent sr 400 tablet 10s,TALENT INDIA LTD,228880.0,62.9
19362,migrabeta-tr 20 tab 10s,migrabeta tr 20 tablet 10s,ALKEM,241030.0,35.0
9548,olsar ch 40/12.5 tab 10s,olsar ch 40mg/12.5mg tablet 10s,TORRENT,262775.0,223.35
20288,ranx 1000 tab 10s,ranx 1000 tablet er 10s,TORRENT,286845.0,219.4
345230301,rockcef 500 tab 4s,rockcef 500mg tablet 4s,AAREEN HEALTHCARE PVT LTD,292379.0,219.6
20638,rumalef 10 tab 30s,rumalef 10 tablet 30s,ZYDUS CADILA HEALTHCARE LTD,294949.0,244.8
16169,suhagra 50 tab 4s,suhagra 50 tablet 4s,CIPLA GENRIC,318619.0,121.0
27159,tolol h 50 tab 10s,tolol h 50mg tablet 10s,TORRENT,327379.0,110.4
18289,vidaglo-m 50/500 tab 10s,vidaglo m 50/500 tablet 10s,MEDLEY PHARMACEUTICALS LTD,375853.0,83.0
350531119,vogliboz 0.3 tab 10s,vogliboz 0.3 tablet 10s,MEDLEY PHARMACEUTICALS LTD,340072.0,110.0
9056,amodep tmh tab 10s,amodep tmh tablet 10s,FDC LTD.,111588.0,79.75
29839,gliaren d tab 10s,gliaren d tablet 10s,LA RENON HEALTHCARE,369981.0,179.0
13065,letrohope 2.5 tab 5s,letrohope 2.5 tablet 5s,MANKIND,226537.0,118.26
29900,levilex 750mg tab 10s,levilex 750 tablet 10s,MSN LABORATORIES,226805.0,187.46
29929,lurata 80mg tab 10s,lurata 80 tablet 10s,MSN LABORATORIES,232332.0,298.0
15303,metride 2 tab 15s,metride 2 tablet pr 15s,TORRENT,239999.0,159.5
318331191,meltolan-10 tab 10s,meltolan 10 tablet 10s,ALKEM,371728.0,95.5
18657,oleanz rt 10 tab 10s,oleanz rt 10 mg tablet 10s,SUN PHARMA 2,261963.0,91.0
15427,olmark 40 tab 15s,olmark 40 tablet 15s,INTAS PHARMACEUTICALS,262286.0,300.0
19600,ozomet 500 tab 15s,ozomet 500 tablet er 15s,OZONE,268967.0,26.77
2238,pio m 15 tab 15s,pio m 15 tablet sr 15s,SYSTOPIC,362550.0,70.5
14058,pramipex 0.5 tab 10s,pramipex 0.5 tablet 10s,SUN PHARMA 2,278947.0,155.0
14281,toff dc tab 10s,toff dc tablet 10s,MANKIND,327251.0,56.95
7703,volix m 0.2mg tab 10s,volix m 0.2 tablet 10s,RANBAXY,340584.0,129.0
14375,pramirol  sr 0.26 tab 10s,pramirol sr 0.26 tablet 10s,INTAS PHARMACEUTICALS,278961.0,110.0
20515,tg-tor 40 tab 10s,tg tor 40 tablet 10s,TORRENT,325281.0,216.5
30811,torglip dm 100/10/500 tab 10s,torglip dm 100mg/10mg/500mg tablet 10s,TORRENT,383054.0,199.0
10444,zolax sr 0.5mg tab 10s,zolax 0.5mg tablet sr 10s,INTAS PHARMACEUTICALS,349307.0,42.5
15975,acemiz s tab 10s,acemiz s tablet 10s,LUPIN LTD,101845.0,115.44
1694,minoz 50 tab 10s,minoz 50 tablet 10s,RANBAXY,241634.0,285.0
7200,nulong trio tab 10s,nulong trio tablet 10s,MICRO,257515.0,155.0
7832,serta 25 tab 15s,serta 25 tablet 15s,TORRENT,310683.0,100.0
10136,bengreat 4 tab 10s,bengreat 4 tablet 10s,MANKIND,124850.0,51.18
10689,glador-3 tab 10s,glador 3 tablet 10s,LUPIN LTD,201800.0,144.3
2794,nebi am tab 10s,nebi am tablet 10s,GENETICA,250001.0,115.0
14364,olkem 40 tab 15s,olkem 40 tablet 15s,ALKEM,262249.0,358.0
30302,rockcef-cv tab 6s,rockcef cv tablet 6s,AAREEN HEALTHCARE PVT LTD,292380.0,359.4
18637,supra plus tab 15s,supra plus tablet 15s,ABBOTT HEALTH CARE,319345.0,56.0
2775,telsartan h tab 14s,telsartan h tablet 14s,DR. REDDY LABORATORIES LTD,323871.0,266.0
14404,mycept-s 360 tab 10s,mycept s 360 tablet 10s,MANKIND,246795.0,600.0
7844,o2h tab 10s,o2h tablet 10s,MEDLEY PHARMACEUTICALS LTD,259270.0,98.75
19897,nicardia xl 60 tab 10s,nicardia xl 60 tablet 10s,J.B.CHEMICALS & PHARMACEUTICAL,252987.0,180.85
29257,p-250 tab 10s,p 250 tablet dt 10s,APEX PHAMACEUTICALS,269130.0,13.2
8919,rosave 5 tab 10s,rosave 5mg tablet 10s,ALEMBIC PHARMACEUTICALS LTD,293099.0,113.7
30303,safefrac tab 30s,safefrac tablet 30s,AAREEN HEALTHCARE PVT LTD,295556.0,477.0
19482,telsar 80 h tab 10s,telsar 80 h tablet 10s,TORRENT,323823.0,269.0
19774,tricinod 10/12.5 tab 15s,tricinod 10/12.5 tablet 15s,AJANTA PHARMA LTD,329485.0,314.0
7124,turbovas 40 tab 10s,turbovas 40 tablet 10s,MICRO,331433.0,356.0
30311,calgrow-as tab 10s,calgrow as tablet 10s,AAREEN HEALTHCARE PVT LTD,144159.0,129.0
19870,novalgin nu tab 10s,novalgin nu tablet 10s,AVENTIS,256376.0,35.36
19609,euclide m tablet 15s,euclide m tablet 15s,ALKEM,377153.0,236.0
18414,novonorm 0.5mg tablet 30s,novonorm 0.5mg tablet 30s,NOVO NORDISK INDIA PVT LTD,372591.0,264.0
15280,ppg-0.3 tab 30s,ppg 0.3 tablet 30s,ABBOTT HEALTH CARE,278570.0,300.2
14374,pramirol 0.25 tab 10s,pramirol 0.25 tablet 10s,INTAS PHARMACEUTICALS,278957.0,110.0
2084,retoz 90 tab 10s,retoz 90 tablet 10s,DR. REDDY LABORATORIES LTD,290193.0,153.5
25916,rifaxigress 400 tab 10s,rifaxigress 400 tablet 10s,LA RENON HEALTHCARE,291319.0,311.0
20197,nuroday-h tab 10s,nuroday h tablet 10s,DR. REDDY LABORATORIES LTD,257749.0,251.0
9462,teneza m 1000 tab 10s,teneza m 1000 tablet er 10s,TORRENT,324387.0,267.35
30551,trivolib 1 tab 15tab 15s,trivolib 1 tablet 15s,SUN PHARMA 2,377701.0,244.5
9204,turbo 600 tab 10s,turbo 600 tablet 10s,FDC LTD.,375521.0,356.25
19455,xilia m 1 tab 10s,xilia m 1 tablet er 10s,Emcure Pharmaceuticals Ltd,344194.0,122.7
14410,aim7 60 xr tab 15s,aim7 60 xr tablet 15s,ERIS PHARMA,106766.0,185.35
17917,obetohep 10mg tab 10s,obetohep 10mg tablet 10s,ALKEM,372719.0,360.0
5702,frisium 20 tab 10s,frisium 20mg tablet 10s,AVENTIS,198141.0,378.74
6780,glimiprex mf forte 1 tab 10s,glimiprex mf forte 1 tablet sr 10s,GENETICA,202479.0,73.05
11016,olmin trio tab 10s,olmin trio tablet 10s,ERIS PHARMA,262579.0,176.19
9538,olsar a 40 tab 10s,olsar a 40 tablet 10s,TORRENT,262778.0,243.6
29491,olmark 20 tab 15tab 15s,olmark 20 tablet 15s,INTAS PHARMACEUTICALS,262284.0,0.0
1550,petril 1 tab 10s,petril 1 tablet 10s,MICRO,275135.0,47.48
7969,olmax h tab 15s,olmax h tablet 15s,Glenmark Pharmaceuticals Ltd,262325.0,222.0
3380,olsar 20 tab 15s,olsar 20 tablet 15s,TORRENT,262771.0,221.35
1856,s-amlosafe 5 tab 10s,s amlosafe 5 tablet 10s,GENETICA,296247.0,55.0
5821,telday h tab 15s,telday h tablet 15s,TORRENT,374980.0,257.25
8731,tg tor 5 tab 10s,tg tor 5 tablet 10s,TORRENT,325282.0,77.4
10959,vogli 0.3 tab 10s,vogli 0.3 tablet md 10s,MEDLEY PHARMACEUTICALS LTD,340047.0,163.5
10446,zolax sr 1.5mg tab 10s,zolax 1.5mg tablet sr 10s,INTAS PHARMACEUTICALS,349308.0,106.5
24630,bio-c tab 10tab 10s,bio c tablet 10s,SANSTUTI PHARMACEUTICALS,367214.0,240.0
6971,oro-cv 625 tab 10s,oro cv 625 tablet 10s,DR. REDDY LABORATORIES LTD,266605.0,194.97
16744,glisen mf forte 2 tab 10s,glisen mf forte 2 tablet pr 10s,ALEMBIC PHARMACEUTICALS LTD,202920.0,216.5
14014,ozomet g1 tab 15s,ozomet g1 tablet pr 15s,OZONE,268970.0,43.92
19926,p 650 tab 10s,p 650 tablet 10s,APEX PHAMACEUTICALS,269137.0,22.85
30237,naprosyn sr tab 10s,naprosyn sr tablet 10s,RPG LIFE SCIENCE LIMITED,248377.0,76.1
19836,pexep 10 tab 10s,pexep 10 tablet 10s,INTAS PHARMACEUTICALS,275178.0,188.0
5972,prax 10 tab 10s,prax 10 tablet 10s,TORRENT,279096.0,311.0
5599,ultra d3 4k tab 15s,ultra d3 4k tablet 15s,MEYER,366113.0,175.0
25146,xoclave 375 tab 10s,xoclave 375 tablet 10s,CORONA REMIDIES PVT.LTD,344423.0,193.2
24203,adnurve sr tab 10s,adnurve sr tablet 10s,ADONIS PHYTOCEUTICALS PVT. LTD,105527.0,220.0
24162,amloz ts tab 10s,amloz ts tablet 10s,SHREYA LIFESCIENCE,111526.0,159.0
20393,bizlo od tab 10s,bizlo od tablet er 10s,TORRENT,128408.0,165.25
29007,btn pro tab 15s,btn pro tablet 15s,ZYDUS CADILA HEALTHCARE LTD,380310.0,0.0
20308,c-pram s 20 tablet 10s,c pram s 20 tablet 10s,TORRENT,159001.0,143.47
25127,cinod beta 10/50 mg tab 15s,cinod beta 10/50 tablet pr 15s,AJANTA PHARMA LTD,152270.0,164.0
30759,cospiaq 25 tab 10s,cospiaq 25mg tablet 10s,TORRENT,383138.0,647.0
20032,embeta-tm 25 tab 15s,embeta tm 25 tablet er 15s,INTAS PHARMACEUTICALS,185673.0,247.0
10945,pinom a 40 tab 15s,pinom a 40 tablet 15s,LUPIN LTD,373300.0,374.85
314031098,faxicad 200mg tab 10s,faxicad 200mg tablet 10s,CADILA HEALTHCARE LTD,192226.0,177.5
314031099,faxicad 400mg tab 10s,faxicad 400 tablet 10s,CADILA HEALTHCARE LTD,192227.0,349.5
314031100,faxicad 550mg tab 10s,faxicad 550 tablet 10s,CADILA HEALTHCARE LTD,192228.0,388.0
316230948,fbx  80 tab 10s,fbx 80 tablet 10s,ALBERT DAVID,192313.0,187.4
30319,gabafix nt tab 10s,gabafix nt tablet 10s,AAREEN HEALTHCARE PVT LTD,199223.0,209.0
334230921,gliforium tab 10s,gliforium tablet 10s,CELL SALVE PHARMACEUTICALS,378824.0,399.0
17647,glypten m tab 10s,glypten m tablet sr 10s,FRANCO INDIA,204176.0,142.5
19849,glypten tab 10s,glypten tablet 10s,FRANCO INDIA,204174.0,131.0
357030241,hakotam tab 10s,hakotam tablet mr 10s,YTILIGA PHARMACEUTICALS,206374.0,155.0
30810,imextor 1000mg tab 10s,imextor 1000mg tablet 10s,TORRENT,382778.0,290.0
18359,k-pio-m tablet 10s,k pio m tablet er 10s,BLUE CROSS,223013.0,50.0
18889,pregadoc  nt 75mg/10mg tab 10s,pregadoc nt 75mg/10mg tablet 10s,LUPIN LTD,279534.0,192.75
6717,kneeton tab 30s,kneeton tablet 30s,SUNCURE,222584.0,799.0
326330952,metosartan ch 25mg tab 10s,metosartan ch 25 tablet er 10s,SUN PHARMA 2,371819.0,131.0
21874,muscalt forte tab 30s,muscalt forte tablet 30s,AMIL PHARMACEUTICALS INDIA LTD,246143.0,149.0
30379,new-ch 6.25 tab 10s,new ch 6.25mg tablet 10s,SYSTOPIC,252068.0,15.5
19693,newtel-h 80 tab 10s,newtel h 80 tablet 10s,SYSTOPIC,252589.0,75.0
19505,numlo-at tab 15s,numlo at tablet 15s,Emcure Pharmaceuticals Ltd,257559.0,191.65
10394,olmark-h tab 15s,olmark h tablet 15s,INTAS PHARMACEUTICALS,372817.0,226.0
316230949,open up 150 tab 10s,open up 150 tablet 10s,ALBERT DAVID,372896.0,190.7
316230950,open up 300 tab 10s,open up 300 tablet 10s,ALBERT DAVID,372897.0,316.6
28306,oriel tab 10s,oriel tablet 10s,INTAS PHARMACEUTICALS,266280.0,53.0
29216,peptopill 40 tab 10s,peptopill 40 tablet 10s,VIGILANT LIFE SCIENCES PVT LTD,373227.0,0.0
319131068,petril 2 tab 15s,petril 2mg tablet 15s,MICRO,377930.0,193.0
29370,phoslamer-400 tab 10s,phoslamer 400mg tablet 10s,YTILIGA PHARMACEUTICALS,275674.0,0.0
19336,ramistar-h 2.5  tab 15s,ramistar h 2.5 tablet 15s,LUPIN LTD,286527.0,177.5
357030243,phoslamer-800 tab 10s,phoslamer 800mg tablet 10s,YTILIGA PHARMACEUTICALS,275675.0,445.0
10949,pinom h 40 tab 15s,pinom h 40 tablet 15s,LUPIN LTD,373301.0,381.5
16820,ppg met 0.2 tab 10s,ppg met 0.2 tablet sr 10s,ABBOTT HEALTH CARE,278573.0,123.36
G089,proanagen tab 10s,proanagen tablet 10s,CURATIO HEALTHCARE IND LTD,280622.0,220.0
27122,q-mind 25 tab 10s,q mind 25 tablet 10s,TORRENT,283578.0,50.2
7699,razel f5 tab 15s,razel f5 tablet 15s,Glenmark Pharmaceuticals Ltd,287309.0,278.0
19360,rosave d 10 tab 10s,rosave d 10 tablet 10s,ALEMBIC PHARMACEUTICALS LTD,293103.0,258.45
19504,rosuless 40 tab 15s,rosuless 40 tablet 15s,CORONA REMIDIES PVT.LTD,374202.0,274.35
1858,s-amlosafe at 2.5/50 tab 10s,s amlosafe at 2.5/50 tablet 10s,GENETICA,296248.0,54.5
30152,resque ls tab 10s,resque ls tablet 10s,TALENT INDIA LTD,289977.0,65.0
345230304,safefrac plus tab 10s,safefrac plus tablet 10s,AAREEN HEALTHCARE PVT LTD,295555.0,239.0
1535,shuddha guggulu tab 60s,shuddha guggulu tablet 60s,HIMALAYA DRUG CO.,311626.0,250.0
18865,tah 80 tab 15s,tah 80 tablet 15s,INTAS PHARMACEUTICALS,374910.0,306.0
15697,telpres amh tab 10s,telpres amh tablet 10s,ABBOTT HEALTH CARE,323780.0,203.12
8702,tetan 40 tab 15s,tetan 40 tablet 15s,ALEMBIC PHARMACEUTICALS LTD,325069.0,122.9
2361,torsid 10 tab 10s,torsid 10 tablet 10s,GENETICA,328116.0,50.9
22480,trapic e tab 10s,trapic e tablet 10s,SUN PHARMA 2,328885.0,271.0
22155,trend xr 250 tab 10s,trend xr 250 tablet 10s,TORRENT,329153.0,94.95
10811,tri azulix-ds -2 tab 10s,tri azulix ds 2 tablet sr 10s,TORRENT,329370.0,164.0
1855,s-amlosafe 2.5 tab 10s,s amlosafe 2.5 tablet 10s,GENETICA,296246.0,40.5
10960,vogli 0.2 tab 10s,vogli 0.2 tablet md 10s,MEDLEY PHARMACEUTICALS LTD,340045.0,121.0
30800,arophyll m tab 10s,arophyll m tablet sr 10s,AAREEN HEALTHCARE PVT LTD,366756.0,207.0
30801,arophyll sr 200 tab 10s,arophyll sr 200 tablet 10s,AAREEN HEALTHCARE PVT LTD,115551.0,189.9
6530,criz- m tab 10s,criz m tablet 10s,ALKEM,159329.0,158.0
2856,duopil-hs 2/850 tab 10s,duopil hs 2/850 tablet sr 10s,ARISTO,182281.0,87.0
22101,glimiprex-mf 3/500 tab 10s,glimiprex mf 3mg/500mg tablet pr 10s,ARISTO,370026.0,95.0
319130841,hicet ax tab 10s,hicet ax tablet sr 10s,MICRO,210528.0,69.0
10371,lipi ez 40mg tab 10s,lipi ez 40 tablet 10s,INTAS PHARMACEUTICALS,228522.0,436.0
16746,olmecip h tab 10s,olmecip h tablet 10s,CIPLA LTD,262351.0,142.41
16821,ppg met 0.3 tab 10s,ppg met 0.3 tablet sr 10s,ABBOTT HEALTH CARE,278574.0,154.55
29903,pulmofib 267 mg tab 10s,pulmofib 267mg tablet 10s,MSN LABORATORIES,373579.0,230.0
7833,serta 50 tab 15s,serta 50 tablet 15s,TORRENT,310684.0,184.2
14330,soliact 5mg tab 10s,soliact 5 tablet 10s,CIPLA LTD,314396.0,590.96
21492,sporidex cv 750 tab 10s,sporidex cv 750 tablet er 10s,RANBAXY,374676.0,425.0
14155,starpress r xl 25 tab 10s,starpress r xl 25 tablet 10s,LUPIN LTD,317225.0,184.6
10829,stimuliv tab 60s,stimuliv tablet 60s,FRANCO INDIA,317691.0,148.5
30784,tendia p tab 15s,tendia p tablet 15s,ERIS PHARMA,377947.0,165.0
19958,voglibite-m 0.3 tab 10s,voglibite m 0.3 tablet sr 10s,CORONA REMIDIES PVT.LTD,340066.0,88.55
10435,zen-100mg tab 10s,zen 100mg tablet 10s,INTAS PHARMACEUTICALS,376420.0,12.66
30309,banoflam forte tab 10s,banoflam forte tablet 10s,AAREEN HEALTHCARE PVT LTD,367023.0,289.0
30802,banoflam tab 10s,banoflam tablet 10s,AAREEN HEALTHCARE PVT LTD,123489.0,159.0
17415,c hop 200 sr tab 10s,c hop 200mg tablet sr 10s,CORONA REMIDIES PVT.LTD,151452.0,434.5
49431056,dydrojoy 10 tab 10s,dydrojoy 10mg tablet 10s,ARISTO,377836.0,550.0
17321,euthyrox 25mcg tab 100tablet,euthyrox 25mcg tablet 100s,MERCK,190286.0,144.4
16264,sporidex cv 375 tab 10s,sporidex cv 375 tablet er 10s,RANBAXY,374675.0,240.0
16667,sporlac tab  20`s 20s,sporlac tablet 20s,J.B.CHEMICALS & PHARMACEUTICAL,316195.0,219.46
319430877,mox p 500mg tab 15s,mox p 500 tablet 15s,RANBAXY,244680.0,260.0
2688,nebi h tab 10s,nebi h tablet 10s,GENETICA,250021.0,109.45
15102,stugil tab 10s,stugil tablet 10s,ERIS PHARMA,362060.0,158.51
22271,nostra cr 10 tab 10s,nostra 10mg tablet cr 10s,CORONA REMIDIES PVT.LTD,256073.0,215.0
10184,oflox tz tab 10s,oflox tz tablet 10s,CIPLA LTD,261089.0,155.05
9546,olsar ch 20/6.25 tab 10s,olsar ch 20mg/6.25mg tablet 10s,TORRENT,262774.0,126.1
13893,pari 10 tab 15s,pari 10 tablet 15s,IPCA LABORATORIES LTD,373145.0,268.4
28780,picrogard lc tab 10s,picrogard lc tablet 10s,V R MED HEALTHCARE,275873.0,269.0
7990,razel 20 tab 15s,razel 20 tablet 15s,Glenmark Pharmaceuticals Ltd,287285.0,298.0
15099,sporlac ds tab 20s,sporlac   ds tablet 20s,J.B.CHEMICALS & PHARMACEUTICAL,361884.0,143.92
24020,t glip m 1000 tab 20s,t glip-m 1000 tablet er 20s,INTAS PHARMACEUTICALS,376728.0,368.0
13299,tazloc h tab 10s,tazloc h tablet 10s,USV,322282.0,155.8
19265,tellzy mt 50 tab 15s,tellzy mt 50 tablet er 15s,ALEMBIC PHARMACEUTICALS LTD,323235.0,371.3
30332,telmikind-ln tab 10s,telmikind ln tablet 10s,MANKIND,381480.0,107.14
9468,tolol am 25 tab 10s,tolol am 25mg tablet 10s,TORRENT,327376.0,106.1
10508,topaz 100 tab 15s,topaz 100 tablet 15s,INTAS PHARMACEUTICALS,327588.0,360.0
9780,vertistar md 4 tab 10s,vertistar 4mg tablet 10s,MANKIND,337347.0,0.0
20269,zindee chewable tablet 4s,zindee chewable tablet 4s,FRANCO INDIA,348424.0,115.7
30436,zita d 10 tab 15s,zita d 10 tablet 15s,Glenmark Pharmaceuticals Ltd,381399.0,223.5
325630962,zomelis sr 100 tab 15s,zomelis sr 100mg tablet 15s,ERIS PHARMA,377612.0,179.85
29909,almotan 12.5 tab 4s,almotan 12.5 tablet 4s,MSN LABORATORIES,108927.0,367.58
30308,arorab-40 tab 10s,arorab 40mg tablet 10s,AAREEN HEALTHCARE PVT LTD,366757.0,149.0
20334,tamdosin 0.4 tab 10s,tamdosin 0.4 tablet pr 10s,CORONA REMIDIES PVT.LTD,374914.0,78.45
25160,calove tab 10s,calove tablet 10s,ACCUFFY LIFESCIENCES,367557.0,207.8
30789,duloxee 60mg tablet 10s,duloxee 60mg tablet 10s,TALENT INDIA LTD,182122.0,205.0
19541,tellzy mt 25 tab 15s,tellzy mt 25 tablet er 15s,ALEMBIC PHARMACEUTICALS LTD,323234.0,290.8
1695,minoz 100 tab 10s,minoz 100 tablet 10s,RANBAXY,241633.0,440.0
22277,new gtn-2.6 tab 10s,new gtn 2.6 tablet cr 10s,ERIS PHARMA,252098.0,68.97
23670,ten  cgm  tab 10s,ten cgm tablet 10s,DERMAJOINT INDIA,324266.0,650.0
17377,obimet gx forte 2mg tab 10s,obimet gx forte 2mg tablet sr 10s,CORONA REMIDIES PVT.LTD,259421.0,123.05
18661,oleanz rt 5 tab 10s,oleanz rt 5 tablet 10s,SUN PHARMA 2,261967.0,47.0
24124,oxipod cv tab 10s,oxipod cv tablet 10s,INDOCO REMEDIES LTD,268398.0,352.0
30149,preega m 75 sr  tab 10s,preega m 75mg sr tablet 10s,TALENT INDIA LTD,378852.0,155.0
29601,presidio 75/60mg tab 10s,presidio 75mg/60mg tablet 10s,AJANTA PHARMA LTD,373475.0,249.0
30357,reclimet-pg 30 tab 10s,reclimet pg 30 tablet sr 10s,DR. REDDY LABORATORIES LTD,373852.0,80.75
30160,telmital a tab 10s,telmital a tablet 10s,TALENT INDIA LTD,323622.0,91.0
9445,telsar a 80 tab 10s,telsar a 80 tablet 10s,TORRENT,323825.0,222.9
20867,thyrocal d3 tab 30s,thyrocal d3 tablet 30s,ABBOTT INDIA LIMITED,326176.0,343.49
14597,tigatel am 40mg/5mg tab 10s,tigatel am 40mg/5mg tablet 10s,RANBAXY,326498.0,247.0
9665,amlosafe mt 50 tab 10s,amlosafe mt 50 tablet pr 10s,ARISTO,111441.0,83.0
30116,bilajoy 20 tab 10s,bilajoy 20 tablet 10s,TALENT INDIA LTD,367155.0,122.0
30310,calgrow tab 10s,calgrow tablet 10s,AAREEN HEALTHCARE PVT LTD,144158.0,99.0
19390,cinod-t tab 15s,cinod t tablet 15s,AJANTA PHARMA LTD,152277.0,227.0
18824,depranex 5 tab 10s,depranex 5 tablet 10s,INTAS PHARMACEUTICALS,163784.0,0.0
324730979,glizid-xr 60 tab 10s,glizid xr 60 tablet 10s,MANKIND,370077.0,99.0
2360,torsid tab 5mg 10s,torsid 5 tablet 10s,GENETICA,328118.0,32.6
19444,maxvoid 8 tab 15s,maxvoid 8 tablet 15s,ALKEM,235793.0,505.0
7242,minoz er 45 tab 10s,minoz er 45 tablet 10s,RANBAXY,241635.0,260.0
3114,olmat-h tab 10s,olmat h tablet 10s,MICRO,262307.0,146.0
3188,olmesafe tab 20mg 10s,olmesafe 20 tablet 10s,GENETICA,262421.0,100.4
19941,tricinod 10/6.25 tab 15s,tricinod 10/6.25 tablet 15s,AJANTA PHARMA LTD,329488.0,280.0
9537,olsar 10 tab 10s,olsar 10 tablet 10s,TORRENT,262770.0,107.55
17484,p 500 tab 15s,p 500 tablet 15s,APEX PHAMACEUTICALS,269133.0,16.97
9615,telsar h tab 15s,telsar h tablet 15s,TORRENT,323833.0,281.75
20602,tricium xt tab 30s,tricium xt tablet 30s,CORONA REMIDIES PVT.LTD,362114.0,288.2
7151,ultra d3 10k tab 15s,ultra d3 10k tablet 15s,MEYER,333096.0,178.0
29463,brivasure 50mg tab 10s,brivasure 50mg tablet 10s,ALKEM,367414.0,163.0
27222,decmax 4mg tab 8s,decmax 4mg tablet 8s,GLS PHARMA LTD,162466.0,40.0
17311,etrik-mr tab 10s,etrik mr tablet 10s,ALEMBIC PHARMACEUTICALS LTD,189982.0,246.8
8785,imdur 30mg tab 30s,imdur 30mg tablet pr 30s,ASTRAZENECA,213634.0,174.3
15281,met xl 25 tab 20s,met xl 25 tablet 20s,AJANTA PHARMA LTD,371757.0,100.12
7243,minoz er 65 tab 10s,minoz er 65 tablet 10s,RANBAXY,241636.0,418.0
7195,neksium 40mg tab 10s,neksium 40mg tablet 10s,PFIZER,250382.0,129.11
9575,newtel beta 50 tab 10s,newtel beta 50 tablet pr 10s,SYSTOPIC,252585.0,71.0
3299,nurocol tab 10s,nurocol tablet 10s,MICRO,257737.0,700.0
9539,olsar-m 25 tab 10s,olsar m 25 tablet er 10s,TORRENT,262782.0,174.5
46,phytoral tab 10s,phytoral tablet 10s,MICRO,275775.0,430.0
30163,vildee m 1000  tab 15s,vildee m 1000 tablet 15s,TALENT INDIA LTD,375924.0,165.0
29927,vilodon 20mg tab 10s,vilodon 20 tablet 10s,MSN LABORATORIES,337974.0,156.15
7857,roxid m tab 10s,roxid m tablet 10s,ALEMBIC PHARMACEUTICALS LTD,293996.0,220.2
30233,vita 21 tab 10s,vita 21 tablet 10s,MEDISTE PHARMA,380014.0,290.0
10962,vogli gm 2 tab 10s,vogli gm 2 tablet 10s,MEDLEY PHARMACEUTICALS LTD,340116.0,196.0
17363,tenebite m 20/500 tab 15s,tenebite m 20/500 tablet sr 15s,CORONA REMIDIES PVT.LTD,324326.0,256.9
26060,tremendus sp tab 10s,tremendus sp tablet 10s,GRANDCURE HEALTHCARE PVT LTD,329128.0,92.95
30165,voglital 0.3 tab 10s,voglital gm 0.3 tablet sr 10s,TALENT INDIA LTD,340242.0,92.85
5885,voglitor mf 0.3 tab 10s,voglitor mf 0.3 tablet 10s,TORRENT,340256.0,132.85
30316,gabafix-m tab 10s,gabafix m sr tablet 10s,AAREEN HEALTHCARE PVT LTD,199222.0,134.9
16892,immu c plus tab 10s,immu c  plus tablet 10s,MANKIND,370485.0,70.0
10682,l-cin 250 tab 10s,l cin 250 tablet 10s,LUPIN LTD,225413.0,53.44
8017,martifur tab 14s,martifur tablet 14s,WATER BUSHNELL,235100.0,79.57
6429,nuroday-d3 tab 15s,nuroday d3 tablet 15s,DR. REDDY LABORATORIES LTD,257747.0,315.0
18658,oleanz rt 15 tab 10s,oleanz rt 15 tablet 10s,SUN PHARMA 2,261964.0,163.0
18656,oleanz rt 20 tab 10s,oleanz rt 20 tablet dt 10s,SUN PHARMA 2,261966.0,197.0
14545,olkem trio 40 tab 10s,olkem trio 40mg tablet 10s,ALKEM,381011.0,255.0
17007,pansec  tab 10s,pansec tablet 10s,CIPLA LTD,270599.0,198.07
14271,tenepan tab 10s,tenepan tablet 10s,MANKIND,324371.0,108.9
15425,atorva  80mg 10s,atorva 80 md tablet 10s,ZYDUS CADILA HEALTHCARE LTD,117974.0,405.32
15425,atorva  80mg 10s,atorva 80 tablet 10s,ZYDUS CADILA HEALTHCARE LTD,117975.0,405.32
17048,levacetam 1000mg 10s,levacetam 1000 tablet 10s,MICRO,226610.0,298.0
17048,levacetam 1000mg 10s,levacetam 1000mg tablet xr 10s,MICRO,226611.0,298.0
30098,macgest sr 200mg 10s,macgest 200 capsule 10s,MACLEODS,233253.0,416.9
30098,macgest sr 200mg 10s,macgest sr 200 tablet 10s,MACLEODS,233256.0,416.9
30288,maxgalin m er 75mg 10s,maxgalin m 75 capsule 10s,SUN PHARMA 2,235475.0,169.0
30288,maxgalin m er 75mg 10s,maxgalin m er 75 tablet 10s,SUN PHARMA 2,235477.0,169.0
13845,efnocar 40 10s,efnocar 40 tablet 10s,ZUVENTUS,184403.0,131.85
25466,walaphage sr 500 10s,walaphage 500 tablet 10s,WALLACE PHARMA,341588.0,29.73
25466,walaphage sr 500 10s,walaphage  sr 500 tablet 10s,WALLACE PHARMA,341596.0,29.73
30265,suprox 10tab 10s,suprox sr tablet 10s,IND SWIFT LABORATORIES LTD,319483.0,42.07
30265,suprox 10tab 10s,suprox tablet 10s,IND SWIFT LABORATORIES LTD,319484.0,42.07
8896,mox 125 dry syp 60ml,mox 125mg dry suspension 60ml,RANBAXY,382158.0,62.0
9942,ranidom o oral susp. 200ml,ranidom o suspension 200ml,MANKIND,286711.0,155.0
28224,dapavel m 10/500 10s,dapavel m 10/500 tablet er 10s,INTAS PHARMACEUTICALS,368470.0,125.0
28224,dapavel m 10/500 10s,dapavel m 10mg/500mg tablet 10s,INTAS PHARMACEUTICALS,368472.0,125.0
6887,pregalin x 75 10s,pregalin x 75 capsule 10s,TORRENT,279578.0,158.75
6887,pregalin x 75 10s,pregalin x sr 75 tablet 10s,TORRENT,279580.0,158.75
