item_code,brand_x,Master Catalogue name,medicine_type_x,exp_sku_brand,mod_brand,count_syp,exp_sku_brand2,exp_sku_brand3,exp_sku_brand4,exp_sku_brand5,id,brand_y,medicine_type_y,sku_brand,new_brand,new_brand2,cosine,max_cosine,salt_flag,mod_brand2,uom_flag,uom_x,uom_y,pack,manufacturer,catg,subcatg,mrp,medicine_type_flag,count_cap,count_tab,count,mod_cosine
33426,parasoft soap combipack 4*100gm,,others,parasoft,parasoft soap combipack 4 100,0,parasoft,parasoft,parasoft,parasoft,373139.0,parasoft bar (100gm each) 4gm,others,parasoft,parasoft soap 100 each 4,parasoft soap 100gm each 4gm ,0.7999999999999998,0.7999999999999998,0,parasoft soap combipack 4 100gm ,0.0,gm ,gm ,100gm,Salve Pharmaceuticals Pvt Ltd,,,500,0,,,3,0.7999999999999998
33426,parasoft soap combipack 4*100gm,,others,parasoft,parasoft soap combipack 4 100,0,parasoft,parasoft,parasoft,parasoft,271872.0,parasoft soap 4,others,parasoft,parasoft soap 4,parasoft soap 4 ,0.7745966692414834,0.7999999999999998,0,parasoft soap combipack 4 100gm ,2.0,gm ,,100gm,Salve Pharmaceuticals Pvt Ltd,,,500,0,,,3,0.7745966692414834
33426,parasoft soap combipack 4*100gm,,others,parasoft,parasoft soap combipack 4 100,0,parasoft,parasoft,parasoft,parasoft,362547.0,parasoft soap 100gm,others,parasoft,parasoft soap 100,parasoft soap 100gm ,0.7745966692414834,0.7999999999999998,0,parasoft soap combipack 4 100gm ,0.0,gm ,gm ,100gm,Salve Pharmaceuticals Pvt Ltd,,,500,0,,,3,0.7745966692414834
33457,dolopar syp 250mg 60ml,,syrup,dolopar,dolopar 250 60,1,dolopar,dolopar,dolopar,dolopar,168821.0,dolopar 250 suspension 60ml,others,dolopar,dolopar 250 60,dolopar 250 suspension 60ml ,0.75,0.75,0,dolopar syrup 250mg 60ml ,0.0,ml ,ml ,60ml,Micro Labs Ltd,,,44.35,1,,,3,1.0000000000000002
33457,dolopar syp 250mg 60ml,,syrup,dolopar,dolopar syrup 250 60,1,dolopar,dolopar,dolopar,dolopar,377501.0,dolopar 120mg syrup 60ml,syrup,dolopar,dolopar 120 syrup 60,dolopar 120mg syrup 60ml ,0.75,0.75,0,dolopar syrup 250mg 60ml ,0.0,ml ,ml ,60ml,Micro Labs Ltd,,,44.35,0,,,3,0.75
33457,dolopar syp 250mg 60ml,,syrup,dolopar,dolopar syrup 250 60,1,dolopar,dolopar,dolopar,dolopar,382476.0,dolopar 250mg syrup 120ml,syrup,dolopar,dolopar 250 syrup 120,dolopar 250mg syrup 120ml ,0.75,0.75,0,dolopar syrup 250mg 60ml ,0.0,ml ,ml ,60ml,Micro Labs Ltd,,,44.35,0,,,3,0.75
33633,cetrizine syrup 60ml,,syrup,cetrizine,cetrizine syrup 60,1,cetrizine,cetrizine,cetrizine,cetrizine,150535.0,cetrizine 5 mg/ 5 ml 60ml,others,cetrizine,cetrizine 5 / 60,cetrizine 5 mg/ 5 ml 60ml ,0.6666666666666667,0.6666666666666667,0,cetrizine syrup 60ml ,0.0,ml ,ml ,60ml,NUKIND HEALTHCARE PVT LTD,,,43.6,1,,,3,0.6666666666666667
33633,cetrizine syrup 60ml,,syrup,cetrizine,cetrizine syrup 60,1,cetrizine,cetrizine,cetrizine,cetrizine,150537.0,cetrizine syrup 30ml,syrup,cetrizine,cetrizine syrup 30,cetrizine syrup 30ml ,0.6666666666666667,0.6666666666666667,0,cetrizine syrup 60ml ,0.0,ml ,ml ,60ml,NUKIND HEALTHCARE PVT LTD,,,43.6,0,,,3,0.6666666666666667
33633,cetrizine syrup 60ml,,syrup,cetrizine,cetrizine syrup 60,1,cetrizine,cetrizine,cetrizine,cetrizine,382038.0,cetrizine 5mg/5ml syrup 60ml,syrup,cetrizine,cetrizine 5/5 syrup 60,cetrizine 5mg/5ml syrup 60ml ,0.6546536707079772,0.6666666666666667,0,cetrizine syrup 60ml ,1.0,ml ,mg/5ml ,60ml,NUKIND HEALTHCARE PVT LTD,,,43.6,0,,,3,0.6546536707079772
33657,biotique shampoo &conditioner fresh henna 180ml,,others,biotique,biotique shampoo &conditioner fresh henna 180,0,biotique,biotique,biotique,biotique,127781.0,biotique bio henna leaf fresh texture shampoo & conditioner 190ml,others,biotique,biotique bio henna leaf fresh texture shampoo & conditioner 190,biotique bio henna leaf fresh texture shampoo & conditioner 190ml ,0.6804138174397718,0.6804138174397718,0,biotique shampoo &conditioner fresh henna 180ml ,0.0,ml ,ml ,180ml',BIO VEDA ACTION RESERCH COMPNEY,,,165,0,,,2,0.6804138174397718
33657,biotique shampoo &conditioner fresh henna 180ml,,others,biotique,biotique shampoo &conditioner fresh henna 180,0,biotique,biotique,biotique,biotique,127782.0,biotique bio henna leaf fresh texture shampoo & conditioner 800ml,others,biotique,biotique bio henna leaf fresh texture shampoo & conditioner 800,biotique bio henna leaf fresh texture shampoo & conditioner 800ml ,0.6804138174397718,0.6804138174397718,0,biotique shampoo &conditioner fresh henna 180ml ,0.0,ml ,ml ,180ml',BIO VEDA ACTION RESERCH COMPNEY,,,165,0,,,2,0.6804138174397718
33682,natures gel face wash papaya 50gm,,others,natures,natures gel face wash papaya 50,0,natures,natures,natures,natures,249033.0,natures aid vegan vitamin d3 liquid 50ml,others,natures,natures aid vegan vitamin d3 liquid 50,natures aid vegan vitamin d3 liquid 50ml ,0.3086066999241838,0.3086066999241838,0,natures gel face wash papaya 50gm ,1.0,gm ,ml ,50gm,ESME CONSUMER PVT LTD,,,65,0,,,3,0.3086066999241838
33682,natures gel face wash papaya 50gm,,others,natures,natures gel face wash papaya 50,0,natures,natures,natures,natures,249037.0,natures aid vitamin d3 mini drops 50ml,others,natures,natures aid vitamin d3 mini drops 50,natures aid vitamin d3 mini drops 50ml ,0.3086066999241838,0.3086066999241838,0,natures gel face wash papaya 50gm ,1.0,gm ,ml ,50gm,ESME CONSUMER PVT LTD,,,65,0,,,3,0.3086066999241838
33682,natures gel face wash papaya 50gm,,others,natures,natures gel face wash papaya 50,0,natures,natures,natures,natures,249019.0,natures aid multi vitamin mini drops 50ml orange,others,natures,natures aid multi vitamin mini drops 50 orange,natures aid multi vitamin mini drops 50ml orange ,0.2886751345948129,0.3086066999241838,0,natures gel face wash papaya 50gm ,1.0,gm ,ml ,50gm,ESME CONSUMER PVT LTD,,,65,0,,,3,0.2886751345948129
33413,himalaya tulasi syp 200ml,,syrup,himalaya tulasi,himalaya tulasi syrup 200,1,himalaya,himalaya,himalaya,himalaya,211130.0,himalaya wellness tulasi respiratory wellness syrup 200ml,syrup,himalaya,himalaya wellness tulasi respiratory syrup 200,himalaya wellness tulasi respiratory wellness syrup 200ml ,0.8164965809277261,0.8164965809277261,0,himalaya tulasi syrup 200ml ,0.0,ml ,ml ,200ml,Himalaya Drug Company,,,130,0,,,9,0.8164965809277261
33413,himalaya tulasi syp 200ml,,syrup,himalaya tulasi,himalaya tulasi syrup 200,1,himalaya,himalaya,himalaya,himalaya,210855.0,himalaya cystone syrup 200ml,syrup,himalaya,himalaya cystone syrup 200,himalaya cystone syrup 200ml ,0.75,0.8164965809277261,0,himalaya tulasi syrup 200ml ,0.0,ml ,ml ,200ml,Himalaya Drug Company,,,130,0,,,9,0.75
33413,himalaya tulasi syp 200ml,,syrup,himalaya tulasi,himalaya tulasi syrup 200,1,himalaya,himalaya,himalaya,himalaya,210877.0,himalaya evecare syrup 200ml,syrup,himalaya,himalaya evecare syrup 200,himalaya evecare syrup 200ml ,0.75,0.8164965809277261,0,himalaya tulasi syrup 200ml ,0.0,ml ,ml ,200ml,Himalaya Drug Company,,,130,0,,,9,0.75
33413,himalaya tulasi syp 200ml,,syrup,himalaya tulasi,himalaya tulasi syrup 200,1,himalaya,himalaya,himalaya,himalaya,210970.0,himalaya lukol syrup 200ml,syrup,himalaya,himalaya lukol syrup 200,himalaya lukol syrup 200ml ,0.75,0.8164965809277261,0,himalaya tulasi syrup 200ml ,0.0,ml ,ml ,200ml,Himalaya Drug Company,,,130,0,,,9,0.75
33413,himalaya tulasi syp 200ml,,syrup,himalaya tulasi,himalaya tulasi syrup 200,1,himalaya,himalaya,himalaya,himalaya,364489.0,himalaya septilin syrup 200ml,syrup,himalaya,himalaya septilin syrup 200,himalaya septilin syrup 200ml ,0.75,0.8164965809277261,0,himalaya tulasi syrup 200ml ,0.0,ml ,ml ,200ml,Himalaya Drug Company,,,130,0,,,9,0.75
33413,himalaya tulasi syp 200ml,,syrup,himalaya tulasi,himalaya tulasi syrup 200,1,himalaya,himalaya,himalaya,himalaya,376680.0,himalaya bresol syrup 200ml,syrup,himalaya,himalaya bresol syrup 200,himalaya bresol syrup 200ml ,0.75,0.8164965809277261,0,himalaya tulasi syrup 200ml ,0.0,ml ,ml ,200ml,Himalaya Drug Company,,,130,0,,,9,0.75
33413,himalaya tulasi syp 200ml,,syrup,himalaya tulasi,himalaya tulasi syrup 200,1,himalaya,himalaya,himalaya,himalaya,376686.0,himalaya renalka syrup 200ml,syrup,himalaya,himalaya renalka syrup 200,himalaya renalka syrup 200ml ,0.75,0.8164965809277261,0,himalaya tulasi syrup 200ml ,0.0,ml ,ml ,200ml,Himalaya Drug Company,,,130,0,,,9,0.75
33413,himalaya tulasi syp 200ml,,syrup,himalaya tulasi,himalaya tulasi syrup 200,1,himalaya,himalaya,himalaya,himalaya,376926.0,himalaya lukol syrup 200ml,syrup,himalaya,himalaya lukol syrup 200,himalaya lukol syrup 200ml ,0.75,0.8164965809277261,0,himalaya tulasi syrup 200ml ,0.0,ml ,ml ,200ml,Himalaya Drug Company,,,130,0,,,9,0.75
33413,himalaya tulasi syp 200ml,,syrup,himalaya tulasi,himalaya tulasi syrup 200,1,himalaya,himalaya,himalaya,himalaya,376927.0,himalaya geriforte syrup 200ml,syrup,himalaya,himalaya geriforte syrup 200,himalaya geriforte syrup 200ml ,0.75,0.8164965809277261,0,himalaya tulasi syrup 200ml ,0.0,ml ,ml ,200ml,Himalaya Drug Company,,,130,0,,,9,0.75
33417,polybion active syp 150ml,,syrup,polybion active,polybion active syrup 150,1,polybion,polybion,polybion,polybion,379692.0,polybion active mango sugar free syrup 150ml,syrup,polybion,polybion active mango sf syrup 150,polybion active mango sf syrup 150ml ,0.8164965809277261,0.8164965809277261,0,polybion active syrup 150ml ,0.0,ml ,ml ,150ml,Procter & Gamble Hygiene and Health Care Ltd,,,135.3,0,,,3,0.8164965809277261
33417,polybion active syp 150ml,,syrup,polybion active,polybion active syrup 150,1,polybion,polybion,polybion,polybion,373355.0,polybion active syrup 250ml,syrup,polybion,polybion active syrup 250,polybion active syrup 250ml ,0.75,0.8164965809277261,0,polybion active syrup 150ml ,0.0,ml ,ml ,150ml,Procter & Gamble Hygiene and Health Care Ltd,,,135.3,0,,,3,0.75
33417,polybion active syp 150ml,,syrup,polybion active,polybion active syrup 150,1,polybion,polybion,polybion,polybion,376989.0,polybion lc syrup 150ml,syrup,polybion,polybion lc syrup 150,polybion lc syrup 150ml ,0.75,0.8164965809277261,0,polybion active syrup 150ml ,0.0,ml ,ml ,150ml,Procter & Gamble Hygiene and Health Care Ltd,,,135.3,0,,,3,0.75
33428,u frag injection 5000iu 1s,,injection,u frag,u frag injection 5000 1s,0,u,u,u,u,332381.0,u frag 250000iu injection 1,injection,u,u frag 250000iu injection 1,u frag 250000iu injection 1 ,0.5999999999999999,0.5999999999999999,0,u frag injection 5000iu 1s ,0.0,iu ,iu ,1s,Bharat Serums & Vaccines Ltd,,,782.1,0,,,4,0.5999999999999999
33428,u frag injection 5000iu 1s,,injection,u frag,u frag injection 5000 1s,0,u,u,u,u,332382.0,u frag 500000iu injection 1,injection,u,u frag 500000iu injection 1,u frag 500000iu injection 1 ,0.5999999999999999,0.5999999999999999,0,u frag injection 5000iu 1s ,0.0,iu ,iu ,1s,Bharat Serums & Vaccines Ltd,,,782.1,0,,,4,0.5999999999999999
33428,u frag injection 5000iu 1s,,injection,u frag,u frag injection 5000 1s,0,u,u,u,u,332383.0,u frag 5000iu injection 1,injection,u,u frag 5000iu injection 1,u frag 5000iu injection 1 ,0.5999999999999999,0.5999999999999999,0,u frag injection 5000iu 1s ,0.0,iu ,iu ,1s,Bharat Serums & Vaccines Ltd,,,782.1,0,,,4,0.5999999999999999
33428,u frag injection 5000iu 1s,,injection,u frag,u frag injection 5000 1s,0,u,u,u,u,332384.0,u frag 750000iu injection 1,injection,u,u frag 750000iu injection 1,u frag 750000iu injection 1 ,0.5999999999999999,0.5999999999999999,0,u frag injection 5000iu 1s ,0.0,iu ,iu ,1s,Bharat Serums & Vaccines Ltd,,,782.1,0,,,4,0.5999999999999999
33450,dabur hingoli sachet jar 120s,,others,dabur hingoli,dabur hingoli sachet jar 120s,0,dabur,dabur,dabur,dabur,362455.0,dabur hajmola 120s,others,dabur,dabur hajmola 120s,dabur hajmola 120s ,0.5163977794943222,0.5163977794943222,0,dabur hingoli sachet jar 120s ,2.0,,,120s,Dabur India Limited,,,120,0,,,2,0.5163977794943222
33450,dabur hingoli sachet jar 120s,,others,dabur hingoli,dabur hingoli sachet jar 120s,0,dabur,dabur,dabur,dabur,363550.0,dabur hingoli 120,others,dabur,dabur hingoli 120,dabur hingoli 120 ,0.5163977794943222,0.5163977794943222,0,dabur hingoli sachet jar 120s ,2.0,,,120s,Dabur India Limited,,,120,0,,,2,0.5163977794943222
33814,cresp pfs injection 100mcg 1s,,injection,cresp pfs,cresp pfs injection 100 1s,0,cresp,cresp,cresp,cresp,159200.0,cresp onco 100mcg injection 1,injection,cresp,cresp onco 100 injection 1,cresp onco 100mcg injection 1 ,0.5999999999999999,0.5999999999999999,0,cresp pfs injection 100mcg 1s ,0.0,mcg ,mcg ,1s,Dr Reddy's Laboratories Ltd,,,5690,0,,,3,0.5999999999999999
33814,cresp pfs injection 100mcg 1s,,injection,cresp pfs,cresp pfs injection 100 1s,0,cresp,cresp,cresp,cresp,378523.0,cresp 100mg injection 0.5ml,injection,cresp,cresp 100 injection 0.5,cresp 100mg injection 0.5ml ,0.5999999999999999,0.5999999999999999,0,cresp pfs injection 100mcg 1s ,1.0,mcg ,ml ,1s,Dr Reddy's Laboratories Ltd,,,5690,0,,,3,0.5999999999999999
33814,cresp pfs injection 100mcg 1s,,injection,cresp pfs,cresp pfs injection 100 1s,0,cresp,cresp,cresp,cresp,383434.0,cresp 200mcg pfs injection 0.4ml,injection,cresp,cresp 200 pfs injection 0.4,cresp 200mcg pfs injection 0.4ml ,0.5477225575051661,0.5999999999999999,0,cresp pfs injection 100mcg 1s ,1.0,mcg ,ml ,1s,Dr Reddy's Laboratories Ltd,,,5690,0,,,3,0.5477225575051661
33823,foracort respules 0.5mg 5x2ml,,others,foracort respules,foracort respules 0.5 5x2,0,foracort,foracort,foracort,foracort,197216.0,foracort 0.5mg respules 2ml,others,foracort,foracort 0.5 respules 2,foracort 0.5mg respules 2ml ,0.7999999999999998,0.7999999999999998,0,foracort respules 0.5mg 5x2ml ,0.0,ml ,ml ,5*2ml,Cipla Ltd,,,364.2,0,,,3,0.7999999999999998
33823,foracort respules 0.5mg 5x2ml,,others,foracort respules,foracort respules 0.5 5x2,0,foracort,foracort,foracort,foracort,197214.0,foracort 0.5mg respules 2ml 5,others,foracort,foracort 0.5 respules 2 5,foracort 0.5mg respules 2ml 5 ,0.7905694150420948,0.7999999999999998,0,foracort respules 0.5mg 5x2ml ,0.0,ml ,ml ,5*2ml,Cipla Ltd,,,364.2,0,,,3,0.7905694150420948
33823,foracort respules 0.5mg 5x2ml,,others,foracort respules,foracort respules 0.5 5x2,0,foracort,foracort,foracort,foracort,197215.0,foracort 0.5mg respules 2ml 10,others,foracort,foracort 0.5 respules 2 10,foracort 0.5mg respules 2ml 10 ,0.7302967433402214,0.7999999999999998,0,foracort respules 0.5mg 5x2ml ,0.0,ml ,ml ,5*2ml,Cipla Ltd,,,364.2,0,,,3,0.7302967433402214
33824,foracort respules 1mg 5x2ml,,others,foracort respules,foracort respules 1 5x2,0,foracort,foracort,foracort,foracort,197219.0,foracort 1mg respules 2ml 10,others,foracort,foracort 1 respules 2 10,foracort 1mg respules 2ml 10 ,0.6708203932499369,0.6708203932499369,0,foracort respules 1mg 5x2ml ,0.0,ml ,ml ,5*2ml,Cipla Ltd,,,409.35,0,,,2,0.6708203932499369
33824,foracort respules 1mg 5x2ml,,others,foracort respules,foracort respules 1 5x2,0,foracort,foracort,foracort,foracort,361818.0,foracort 1mg respules 2ml 5,others,foracort,foracort 1 respules 2 5,foracort 1mg respules 2ml 5 ,0.6708203932499369,0.6708203932499369,0,foracort respules 1mg 5x2ml ,0.0,ml ,ml ,5*2ml,Cipla Ltd,,,409.35,0,,,2,0.6708203932499369
33857,sensoform toothpaste 120gm,,others,sensoform toothpaste,sensoform toothpaste 120,0,sensoform,sensoform,sensoform,sensoform,309945.0,sensoform toothpaste 60gm,others,sensoform,sensoform toothpaste 60,sensoform toothpaste 60gm ,0.6666666666666667,0.6666666666666667,0,sensoform toothpaste 120gm ,0.0,gm ,gm ,120gm,Indoco Remedies Ltd,,,,0,,,3,0.6666666666666667
33857,sensoform toothpaste 120gm,,others,sensoform toothpaste,sensoform toothpaste 120,0,sensoform,sensoform,sensoform,sensoform,309946.0,sensoform toothpaste 50gm,others,sensoform,sensoform toothpaste 50,sensoform toothpaste 50gm ,0.6666666666666667,0.6666666666666667,0,sensoform toothpaste 120gm ,0.0,gm ,gm ,120gm,Indoco Remedies Ltd,,,,0,,,3,0.6666666666666667
33857,sensoform toothpaste 120gm,,others,sensoform toothpaste,sensoform toothpaste 120,0,sensoform,sensoform,sensoform,sensoform,361951.0,sensoform toothpaste 100gm,others,sensoform,sensoform toothpaste 100,sensoform toothpaste 100gm ,0.6666666666666667,0.6666666666666667,0,sensoform toothpaste 120gm ,0.0,gm ,gm ,120gm,Indoco Remedies Ltd,,,,0,,,3,0.6666666666666667
33921,mnx 5 solution 60ml,,others,mnx 5,mnx 5 solution 60,0,mnx,mnx,mnx,mnx,242511.0,mnx 5 lotion 60ml,others,mnx,mnx 5 lotion 60,mnx 5 lotion 60ml ,0.75,0.75,0,mnx 5 solution 60ml ,0.0,ml ,ml ,60ml,Salve Pharmaceuticals Pvt Ltd,,,60ml,0,,,2,0.75
33921,mnx 5 solution 60ml,,others,mnx 5,mnx 5 solution 60,0,mnx,mnx,mnx,mnx,242512.0,mnx forte solution 60ml,others,mnx,mnx forte solution 60,mnx forte solution 60ml ,0.75,0.75,0,mnx 5 solution 60ml ,0.0,ml ,ml ,60ml,Salve Pharmaceuticals Pvt Ltd,,,60ml,0,,,2,0.75
33999,digeraft xt mint suspension 150ml,,others,digeraft mint,digeraft mint suspension 150,0,digeraft,digeraft,digeraft,digeraft,368717.0,digeraft oral suspension mint 150ml,others,digeraft,digeraft suspension mint 150,digeraft oral suspension mint 150ml ,0.8944271909999159,0.8944271909999159,0,digeraft mint suspension 150ml ,0.0,ml ,ml ,150ml,ABBOTT HEALTHCARE PRIVATE LIMITED,,,210,0,,,2,1.0
33999,digeraft xt mint suspension 150ml,,others,digeraft mint,digeraft mint suspension 150,0,digeraft,digeraft,digeraft,digeraft,377702.0,digeraft xt oral suspension mint 150ml,others,digeraft,digeraft suspension mint 150,digeraft oral suspension mint 150ml ,0.8944271909999159,0.8944271909999159,0,digeraft mint suspension 150ml ,0.0,ml ,ml ,150ml,ABBOTT HEALTHCARE PRIVATE LIMITED,,,210,0,,,2,1.0
33429,biotique winter body lotion cherry 190ml,,others,biotique winter body,biotique winter body lotion cherry 190,0,biotique winter,biotique,biotique,biotique,127749.0,biotique bio aloe vera face & body sun lotion spf 75+ 190ml,others,biotique,biotique bio aloe vera face & body sun lotion spf 75+ 190,biotique bio aloe vera face & body sun lotion spf 75+ 190ml ,0.492365963917331,0.492365963917331,0,biotique winter body lotion cherry 190ml ,0.0,ml ,ml ,190 ml,Biotique Botanical Extracts,,,189,0,,,3,0.492365963917331
33429,biotique winter body lotion cherry 190ml,,others,biotique winter body,biotique winter body lotion cherry 190,0,biotique winter,biotique,biotique,biotique,127739.0,biotique bio apricot refreshing body wash 190ml,others,biotique,biotique bio apricot refreshing body wash 190,biotique bio apricot refreshing body wash 190ml ,0.4629100498862757,0.492365963917331,0,biotique winter body lotion cherry 190ml ,0.0,ml ,ml ,190 ml,Biotique Botanical Extracts,,,189,0,,,3,0.4629100498862757
33429,biotique winter body lotion cherry 190ml,,others,biotique winter body,biotique winter body lotion cherry 190,0,biotique winter,biotique,biotique,biotique,127855.0,biotique bio wintercherry rejuvenating body nourisher 190ml,others,biotique,biotique bio wintercherry rejuvenating body nourisher 190,biotique bio wintercherry rejuvenating body nourisher 190ml ,0.4629100498862757,0.492365963917331,0,biotique winter body lotion cherry 190ml ,0.0,ml ,ml ,190 ml,Biotique Botanical Extracts,,,189,0,,,3,0.4629100498862757
33462,solvin cold af drop 15ml,,others,solvin cold af,solvin cold af drops 15,0,solvin cold,solvin,solvin,solvin,314694.0,solvin cold af oral drops 15ml,others,solvin,solvin cold af oral drops 15,solvin cold af oral drops 15ml ,0.9128709291752768,0.9128709291752768,0,solvin cold af drops 15ml ,0.0,ml ,ml ,15ml,Ipca Laboratories Ltd,,,77.3,0,,,2,0.9128709291752768
33462,solvin cold af drop 15ml,,others,solvin cold af,solvin cold af drops 15,0,solvin cold,solvin,solvin,solvin,314696.0,solvin cold drop 15ml,others,solvin,solvin cold drops 15,solvin cold drops 15ml ,0.8944271909999159,0.9128709291752768,1,solvin cold af drops 15ml ,0.0,ml ,ml ,15ml,Ipca Laboratories Ltd,,,77.3,0,,,2,0.8944271909999159
33645,cal-c d3 syp 200ml,,syrup,cal c d3,cal c d3 syrup 200,1,cal c,cal,cal,cal,143553.0,cal d 3 syrup 200ml,syrup,cal,cal d 3 syrup 200,cal d 3 syrup 200ml ,0.5999999999999999,0.5999999999999999,1,cal c d3 syrup 200ml ,0.0,ml ,ml ,200ml,Mediste Pharmaceuticals Pvt Ltd,,,135,0,,,3,0.5999999999999999
33645,cal-c d3 syp 200ml,,syrup,cal c d3,cal c d3 syrup 200,1,cal c,cal,cal,cal,143567.0,cal o lip syrup 200ml,syrup,cal,cal o lip syrup 200,cal o lip syrup 200ml ,0.5999999999999999,0.5999999999999999,1,cal c d3 syrup 200ml ,0.0,ml ,ml ,200ml,Mediste Pharmaceuticals Pvt Ltd,,,135,0,,,3,0.5999999999999999
33645,cal-c d3 syp 200ml,,syrup,cal c d3,cal c d3 syrup 200,1,cal c,cal,cal,cal,144361.0,cal o nal syrup 200ml,syrup,cal,cal o nal syrup 200,cal o nal syrup 200ml ,0.5999999999999999,0.5999999999999999,1,cal c d3 syrup 200ml ,0.0,ml ,ml ,200ml,Mediste Pharmaceuticals Pvt Ltd,,,135,0,,,3,0.5999999999999999
33667,bio spring gold sachet 1s,,others,bio spring gold,bio spring gold sachet 1s,0,bio spring,bio,bio,bio,126864.0,bio resurge anashwara black gold cream 50gm,others,bio,bio resurge anashwara black gold cream 50,bio resurge anashwara black gold cream 50gm ,0.3380617018914065,0.3380617018914065,0,bio spring gold sachet 1s ,2.0,,gm ,1s,Bio Zenisis,,,199,0,,,3,0.3380617018914065
33667,bio spring gold sachet 1s,,others,bio spring gold,bio spring gold sachet 1s,0,bio spring,bio,bio,bio,126875.0,bio resurge biojunior 5gm sachet 30 chocolate,others,bio,bio resurge biojunior 5 sachet 30 chocolate,bio resurge biojunior 5gm sachet 30 chocolate ,0.3380617018914065,0.3380617018914065,0,bio spring gold sachet 1s ,2.0,,gm ,1s,Bio Zenisis,,,199,0,,,3,0.3380617018914065
33667,bio spring gold sachet 1s,,others,bio spring gold,bio spring gold sachet 1s,0,bio spring,bio,bio,bio,126901.0,bio resurge rajo free 5gm sachet 30 strawberry,others,bio,bio resurge rajo free 5 sachet 30 strawberry,bio resurge rajo free 5gm sachet 30 strawberry ,0.31622776601683794,0.3380617018914065,0,bio spring gold sachet 1s ,2.0,,gm ,1s,Bio Zenisis,,,199,0,,,3,0.31622776601683794
33790,pee safe disposable toilet seat cover 10s,,others,pee safe disposable,pee safe disposable toilet seat cover 10s,0,pee safe,pee,pee,pee,273727.0,pee 40mg tablet 10s,tablet,pee,pee 40 10s,pee 40mg tablet 10s ,0.3779644730092272,0.3779644730092272,0,pee safe disposable toilet seat cover 10s ,2.0,,mg ,10s,Jai Shree Balaji Industries Pvt Ltd,,,99,1,,,2,0.4364357804719848
33790,pee safe disposable toilet seat cover 10s,,others,pee safe disposable,pee safe disposable toilet seat cover 10s,0,pee safe,pee,pee,pee,273728.0,pee cee tablet 10s,tablet,pee,pee cee 10s,pee cee tablet 10s ,0.3779644730092272,0.3779644730092272,0,pee safe disposable toilet seat cover 10s ,2.0,,,10s,Jai Shree Balaji Industries Pvt Ltd,,,99,1,,,2,0.4364357804719848
33890,t-98 oral suspension 15ml,,others,t 98 oral,t 98 suspension 15,0,t 98,t,t,t,320805.0,t 98 plus suspension 60ml,others,t,t 98 plus suspension 60,t 98 plus suspension 60ml ,0.5999999999999999,0.5999999999999999,0,t 98 oral suspension 15ml ,0.0,ml ,ml ,15ml,Mankind Pharma Ltd,,,29.99,0,,,8,0.6708203932499369
33890,t-98 oral suspension 15ml,,others,t 98 oral,t 98 suspension 15,0,t 98,t,t,t,320914.0,t 98 ds suspension 60ml,others,t,t 98 ds suspension 60,t 98 ds suspension 60ml ,0.5999999999999999,0.5999999999999999,0,t 98 oral suspension 15ml ,0.0,ml ,ml ,15ml,Mankind Pharma Ltd,,,29.99,0,,,8,0.6708203932499369
33890,t-98 oral suspension 15ml,,others,t 98 oral,t 98 oral suspension 15,0,t 98,t,t,t,320915.0,t 98 paediatric drops 15ml,others,t,t 98 paediatric drops 15,t 98 paediatric drops 15ml ,0.5999999999999999,0.5999999999999999,0,t 98 oral suspension 15ml ,0.0,ml ,ml ,15ml,Mankind Pharma Ltd,,,29.99,0,,,8,0.5999999999999999
33890,t-98 oral suspension 15ml,,others,t 98 oral,t 98 suspension 15,0,t 98,t,t,t,320916.0,t 98 paediatric suspension 60ml,others,t,t 98 paediatric suspension 60,t 98 paediatric suspension 60ml ,0.5999999999999999,0.5999999999999999,0,t 98 oral suspension 15ml ,0.0,ml ,ml ,15ml,Mankind Pharma Ltd,,,29.99,0,,,8,0.6708203932499369
33890,t-98 oral suspension 15ml,,others,t 98 oral,t 98 oral suspension 15,0,t 98,t,t,t,322480.0,t cool oral drops 15ml,others,t,t cool oral drops 15,t cool oral drops 15ml ,0.5999999999999999,0.5999999999999999,0,t 98 oral suspension 15ml ,0.0,ml ,ml ,15ml,Mankind Pharma Ltd,,,29.99,0,,,8,0.5999999999999999
33890,t-98 oral suspension 15ml,,others,t 98 oral,t 98 suspension 15,0,t 98,t,t,t,327034.0,t mycitin oral suspension 60ml,others,t,t mycitin suspension 60,t mycitin oral suspension 60ml ,0.5999999999999999,0.5999999999999999,0,t 98 oral suspension 15ml ,0.0,ml ,ml ,15ml,Mankind Pharma Ltd,,,29.99,0,,,8,0.5
33890,t-98 oral suspension 15ml,,others,t 98 oral,t 98 oral suspension 15,0,t 98,t,t,t,327013.0,t minic cold oral drops 15ml,others,t,t minic cold oral drops 15,t minic cold oral drops 15ml ,0.5477225575051661,0.5999999999999999,0,t 98 oral suspension 15ml ,0.0,ml ,ml ,15ml,Mankind Pharma Ltd,,,29.99,0,,,8,0.5477225575051661
33890,t-98 oral suspension 15ml,,others,t 98 oral,t 98 oral suspension 15,0,t 98,t,t,t,361948.0,t minic oral drops 15ml orange,others,t,t minic oral drops 15 orange,t minic oral drops 15ml orange ,0.5477225575051661,0.5999999999999999,0,t 98 oral suspension 15ml ,0.0,ml ,ml ,15ml,Mankind Pharma Ltd,,,29.99,0,,,8,0.5477225575051661
33898,setu biotin boost powder lemon flavour 150gm,,others,setu biotin boost,setu biotin boost powder lemon flavour 150,0,setu biotin,setu,setu,setu,310975.0,setu beat it capsule 30s,capsule,setu,setu beat it 30s,setu beat it capsule 30s ,0.16903085094570328,0.16903085094570328,0,setu biotin boost powder lemon flavour 150gm ,2.0,gm ,,150gm,SETU NUTRATION PVT LTD,,,1000,1,,,12,0.1889822365046136
33898,setu biotin boost powder lemon flavour 150gm,,others,setu biotin boost,setu biotin boost powder lemon flavour 150,0,setu biotin,setu,setu,setu,310976.0,setu counter cholesterol tablet 60s,tablet,setu,setu counter cholesterol 60s,setu counter cholesterol tablet 60s ,0.16903085094570328,0.16903085094570328,0,setu biotin boost powder lemon flavour 150gm ,2.0,gm ,,150gm,SETU NUTRATION PVT LTD,,,1000,1,,,12,0.1889822365046136
33898,setu biotin boost powder lemon flavour 150gm,,others,setu biotin boost,setu biotin boost powder lemon flavour 150,0,setu biotin,setu,setu,setu,310977.0,setu eye max tablet 30s,tablet,setu,setu eye max 30s,setu eye max tablet 30s ,0.16903085094570328,0.16903085094570328,0,setu biotin boost powder lemon flavour 150gm ,2.0,gm ,,150gm,SETU NUTRATION PVT LTD,,,1000,1,,,12,0.1889822365046136
33898,setu biotin boost powder lemon flavour 150gm,,others,setu biotin boost,setu biotin boost powder lemon flavour 150,0,setu biotin,setu,setu,setu,310979.0,setu liver lift tablet 30s,tablet,setu,setu liver lift 30s,setu liver lift tablet 30s ,0.16903085094570328,0.16903085094570328,0,setu biotin boost powder lemon flavour 150gm ,2.0,gm ,,150gm,SETU NUTRATION PVT LTD,,,1000,1,,,12,0.1889822365046136
33898,setu biotin boost powder lemon flavour 150gm,,others,setu biotin boost,setu biotin boost powder lemon flavour 150,0,setu biotin,setu,setu,setu,310981.0,setu pressure pal tablet 30s,tablet,setu,setu pressure pal 30s,setu pressure pal tablet 30s ,0.16903085094570328,0.16903085094570328,0,setu biotin boost powder lemon flavour 150gm ,2.0,gm ,,150gm,SETU NUTRATION PVT LTD,,,1000,1,,,12,0.1889822365046136
33898,setu biotin boost powder lemon flavour 150gm,,others,setu biotin boost,setu biotin boost powder lemon flavour 150,0,setu biotin,setu,setu,setu,310982.0,setu silymarin life tablet 30s,tablet,setu,setu silymarin life 30s,setu silymarin life tablet 30s ,0.16903085094570328,0.16903085094570328,0,setu biotin boost powder lemon flavour 150gm ,2.0,gm ,,150gm,SETU NUTRATION PVT LTD,,,1000,1,,,12,0.1889822365046136
33898,setu biotin boost powder lemon flavour 150gm,,others,setu biotin boost,setu biotin boost powder lemon flavour 150,0,setu biotin,setu,setu,setu,310983.0,setu sugar shield tablet 30s,tablet,setu,setu sugar shield 30s,setu sugar shield tablet 30s ,0.16903085094570328,0.16903085094570328,0,setu biotin boost powder lemon flavour 150gm ,2.0,gm ,,150gm,SETU NUTRATION PVT LTD,,,1000,1,,,12,0.1889822365046136
33898,setu biotin boost powder lemon flavour 150gm,,others,setu biotin boost,setu biotin boost powder lemon flavour 150,0,setu biotin,setu,setu,setu,310984.0,setu sugar soldier tablet 30s,tablet,setu,setu sugar soldier 30s,setu sugar soldier tablet 30s ,0.16903085094570328,0.16903085094570328,0,setu biotin boost powder lemon flavour 150gm ,2.0,gm ,,150gm,SETU NUTRATION PVT LTD,,,1000,1,,,12,0.1889822365046136
33898,setu biotin boost powder lemon flavour 150gm,,others,setu biotin boost,setu biotin boost powder lemon flavour 150,0,setu biotin,setu,setu,setu,310985.0,setu your gut capsule 30s,capsule,setu,setu your gut 30s,setu your gut capsule 30s ,0.16903085094570328,0.16903085094570328,0,setu biotin boost powder lemon flavour 150gm ,2.0,gm ,,150gm,SETU NUTRATION PVT LTD,,,1000,1,,,12,0.1889822365046136
33898,setu biotin boost powder lemon flavour 150gm,,others,setu biotin boost,setu biotin boost powder lemon flavour 150,0,setu biotin,setu,setu,setu,310974.0,setu alpha lipoic acid tablet 60s,tablet,setu,setu alpha lipoic acid 60s,setu alpha lipoic acid tablet 60s ,0.1543033499620919,0.16903085094570328,0,setu biotin boost powder lemon flavour 150gm ,2.0,gm ,,150gm,SETU NUTRATION PVT LTD,,,1000,1,,,12,0.16903085094570328
33898,setu biotin boost powder lemon flavour 150gm,,others,setu biotin boost,setu biotin boost powder lemon flavour 150,0,setu biotin,setu,setu,setu,310978.0,setu fish oil soft gelatin capsule 60s,capsule,setu,setu fish oil sg 60s,setu fish oil sg capsule 60s ,0.1543033499620919,0.16903085094570328,0,setu biotin boost powder lemon flavour 150gm ,2.0,gm ,,150gm,SETU NUTRATION PVT LTD,,,1000,1,,,12,0.16903085094570328
33898,setu biotin boost powder lemon flavour 150gm,,others,setu biotin boost,setu biotin boost powder lemon flavour 150,0,setu biotin,setu,setu,setu,310980.0,setu lutein + zeaxanthin tablet 60s,tablet,setu,setu lutein plus zeaxanthin 60s,setu lutein plus zeaxanthin tablet 60s ,0.1543033499620919,0.16903085094570328,0,setu biotin boost powder lemon flavour 150gm ,2.0,gm ,,150gm,SETU NUTRATION PVT LTD,,,1000,1,,,12,0.16903085094570328
33341,fast&up daily protein choco 150gm,,others,fast&up daily protein chocolate,fast&up daily protein chocolate 150,0,fast&up daily protein,fast&up daily,fast&up,fast&up,363930.0,fast&up vegan sports energy gel 30gm chocolate,others,fast&up,fast&up vegan sports energy gel 30 chocolate,fast&up vegan sports energy gel 30gm chocolate ,0.43301270189221935,0.43301270189221935,0,fast&up daily protein chocolate 150gm ,0.0,gm ,gm ,150gm,AERONUTRIX SPORTS LTD,,,499,0,,,2,0.43301270189221935
33341,fast&up daily protein choco 150gm,,others,fast&up daily protein chocolate,fast&up daily protein chocolate 150,0,fast&up daily protein,fast&up daily,fast&up,fast&up,192122.0,fast&up vegan sports energy gel 150gm strawberry banana,others,fast&up,fast&up vegan sports energy gel 150 strawberry banana,fast&up vegan sports energy gel 150gm strawberry banana ,0.4082482904638631,0.43301270189221935,0,fast&up daily protein chocolate 150gm ,0.0,gm ,gm ,150gm,AERONUTRIX SPORTS LTD,,,499,0,,,2,0.4082482904638631
33423,biotique lip balm berry 4gm,,others,biotique lip balm berry,biotique lip balm berry 4,0,biotique lip balm,biotique lip,biotique,biotique,127755.0,biotique bio berry plumping lip balm 12gm,others,biotique,biotique bio berry plumping lip balm 12,biotique bio berry plumping lip balm 12gm ,0.6761234037828131,0.6761234037828131,0,biotique lip balm berry 4gm ,0.0,gm ,gm ,4gm,BIOVEDA TECHNOLOGIES,,,175,0,,,2,0.6761234037828131
33423,biotique lip balm berry 4gm,,others,biotique lip balm berry,biotique lip balm berry 4,0,biotique lip balm,biotique lip,biotique,biotique,127756.0,biotique bio berry plumping lip balm 5gm,others,biotique,biotique bio berry plumping lip balm 5,biotique bio berry plumping lip balm 5gm ,0.6761234037828131,0.6761234037828131,0,biotique lip balm berry 4gm ,0.0,gm ,gm ,4gm,BIOVEDA TECHNOLOGIES,,,175,0,,,2,0.6761234037828131
33477,dettol hand sanitizer original 25ml,,others,dettol hand sanitizer original,dettol hand sanitizer original 25,0,dettol hand sanitizer,dettol hand,dettol,dettol,164470.0,dettol instant hand sanitizer original liquid 200ml,others,dettol,dettol instant hand sanitizer original liquid 200,dettol instant hand sanitizer original liquid 200ml ,0.6761234037828131,0.6761234037828131,0,dettol hand sanitizer original 25ml ,0.0,ml ,ml ,25ml,Reckitt Benckiser (india) Ltd.,,,11,0,,,2,0.6761234037828131
33477,dettol hand sanitizer original 25ml,,others,dettol hand sanitizer original,dettol hand sanitizer original 25,0,dettol hand sanitizer,dettol hand,dettol,dettol,362360.0,dettol instant hand sanitizer original liquid 50ml,others,dettol,dettol instant hand sanitizer original liquid 50,dettol instant hand sanitizer original liquid 50ml ,0.6761234037828131,0.6761234037828131,0,dettol hand sanitizer original 25ml ,0.0,ml ,ml ,25ml,Reckitt Benckiser (india) Ltd.,,,11,0,,,2,0.6761234037828131
33605,manforce epic lube strawberry 60ml,,others,manforce epic lube strawberry,manforce epic lube strawberry 60,0,manforce epic lube,manforce epic,manforce,manforce,234794.0,manforce wild condom 20 strawberry,others,manforce,manforce wild condom 20 strawberry,manforce wild condom 20 strawberry ,0.3999999999999999,0.3999999999999999,0,manforce epic lube strawberry 60ml ,2.0,ml ,,60ml,Mankind Pharma Ltd,,,500,0,,,5,0.3999999999999999
33605,manforce epic lube strawberry 60ml,,others,manforce epic lube strawberry,manforce epic lube strawberry 60,0,manforce epic lube,manforce epic,manforce,manforce,365337.0,manforce wild condom 10 strawberry,others,manforce,manforce wild condom 10 strawberry,manforce wild condom 10 strawberry ,0.3999999999999999,0.3999999999999999,0,manforce epic lube strawberry 60ml ,2.0,ml ,,60ml,Mankind Pharma Ltd,,,500,0,,,5,0.3999999999999999
33605,manforce epic lube strawberry 60ml,,others,manforce epic lube strawberry,manforce epic lube strawberry 60,0,manforce epic lube,manforce epic,manforce,manforce,377422.0,manforce wild strawberry condom 20s,others,manforce,manforce wild strawberry condom 20s,manforce wild strawberry condom 20s ,0.3999999999999999,0.3999999999999999,0,manforce epic lube strawberry 60ml ,2.0,ml ,,60ml,Mankind Pharma Ltd,,,500,0,,,5,0.3999999999999999
33605,manforce epic lube strawberry 60ml,,others,manforce epic lube strawberry,manforce epic lube strawberry 60,0,manforce epic lube,manforce epic,manforce,manforce,377413.0,manforce epic hot dots condom 10,others,manforce,manforce epic hot dots condom 10,manforce epic hot dots condom 10 ,0.3651483716701107,0.3999999999999999,0,manforce epic lube strawberry 60ml ,2.0,ml ,,60ml,Mankind Pharma Ltd,,,500,0,,,5,0.3651483716701107
33605,manforce epic lube strawberry 60ml,,others,manforce epic lube strawberry,manforce epic lube strawberry 60,0,manforce epic lube,manforce epic,manforce,manforce,377414.0,manforce epic hot dots condoms 3s,others,manforce,manforce epic hot dots condoms 3s,manforce epic hot dots condoms 3s ,0.3651483716701107,0.3999999999999999,0,manforce epic lube strawberry 60ml ,2.0,ml ,,60ml,Mankind Pharma Ltd,,,500,0,,,5,0.3651483716701107
33683,natures gold crãme bleach 43gm,,others,natures gold crãme bleach,natures gold crãme bleach 43,0,natures gold crãme,natures gold,natures,natures,249101.0,natures velvet lifecare 100% gold standard whey protein 2lb double rich chocolate,others,natures,natures velvet lifecare 100% gold standard whey protein 2lb double rich chocolate,natures velvet lifecare 100% gold standard whey protein 2lb double rich chocolate ,0.2357022603955159,0.2357022603955159,0,natures gold crãme bleach 43gm ,2.0,gm ,,43gm,ESME CONSUMER PVT LTD,,,80,0,,,2,0.2357022603955159
33683,natures gold crãme bleach 43gm,,others,natures gold crãme bleach,natures gold crãme bleach 43,0,natures gold crãme,natures gold,natures,natures,249102.0,natures velvet lifecare 100% gold standard whey protein 1lb double rich chocolate,others,natures,natures velvet lifecare 100% gold standard whey protein 1lb double rich chocolate,natures velvet lifecare 100% gold standard whey protein 1lb double rich chocolate ,0.2357022603955159,0.2357022603955159,0,natures gold crãme bleach 43gm ,2.0,gm ,,43gm,ESME CONSUMER PVT LTD,,,80,0,,,2,0.2357022603955159
33719,kapiva panch dal ubtan 100gm,,others,kapiva panch dal ubtan,kapiva panch dal ubtan 100,0,kapiva panch dal,kapiva panch,kapiva,kapiva,219875.0,kapiva ayurveda neem oil 100ml,others,kapiva,kapiva ayurveda neem oil 100,kapiva ayurveda neem oil 100ml ,0.3999999999999999,0.3999999999999999,0,kapiva panch dal ubtan 100gm ,1.0,gm ,ml ,100gm,Adret Retail Pvt. Ltd. (Kapiva),,,399,0,,,10,0.3999999999999999
33719,kapiva panch dal ubtan 100gm,,others,kapiva panch dal ubtan,kapiva panch dal ubtan 100,0,kapiva panch dal,kapiva panch,kapiva,kapiva,219892.0,kapiva ayurveda shankhapushpi sharbat 100ml,others,kapiva,kapiva ayurveda shankhapushpi sharbat 100,kapiva ayurveda shankhapushpi sharbat 100ml ,0.3999999999999999,0.3999999999999999,0,kapiva panch dal ubtan 100gm ,1.0,gm ,ml ,100gm,Adret Retail Pvt. Ltd. (Kapiva),,,399,0,,,10,0.3999999999999999
33719,kapiva panch dal ubtan 100gm,,others,kapiva panch dal ubtan,kapiva panch dal ubtan 100,0,kapiva panch dal,kapiva panch,kapiva,kapiva,219900.0,kapiva ayurveda sriparni tel 100ml,others,kapiva,kapiva ayurveda sriparni tel 100,kapiva ayurveda sriparni tel 100ml ,0.3999999999999999,0.3999999999999999,0,kapiva panch dal ubtan 100gm ,1.0,gm ,ml ,100gm,Adret Retail Pvt. Ltd. (Kapiva),,,399,0,,,10,0.3999999999999999
33719,kapiva panch dal ubtan 100gm,,others,kapiva panch dal ubtan,kapiva panch dal ubtan 100,0,kapiva panch dal,kapiva panch,kapiva,kapiva,219812.0,kapiva ayurveda 100% organic juice 1ltr,others,kapiva,kapiva ayurveda 100% organic juice 1ltr,kapiva ayurveda 100% organic juice 1ltr ,0.3651483716701107,0.3999999999999999,0,kapiva panch dal ubtan 100gm ,2.0,gm ,,100gm,Adret Retail Pvt. Ltd. (Kapiva),,,399,0,,,10,0.3651483716701107
33719,kapiva panch dal ubtan 100gm,,others,kapiva panch dal ubtan,kapiva panch dal ubtan 100,0,kapiva panch dal,kapiva panch,kapiva,kapiva,219826.0,kapiva ayurveda artho sure oil 100ml,others,kapiva,kapiva ayurveda artho sure oil 100,kapiva ayurveda artho sure oil 100ml ,0.3651483716701107,0.3999999999999999,0,kapiva panch dal ubtan 100gm ,1.0,gm ,ml ,100gm,Adret Retail Pvt. Ltd. (Kapiva),,,399,0,,,10,0.3651483716701107
33719,kapiva panch dal ubtan 100gm,,others,kapiva panch dal ubtan,kapiva panch dal ubtan 100,0,kapiva panch dal,kapiva panch,kapiva,kapiva,219842.0,kapiva ayurveda dhatu paushtik churna 100gm,others,kapiva,kapiva ayurveda dhatu paushtik churna 100,kapiva ayurveda dhatu paushtik churna 100gm ,0.3651483716701107,0.3999999999999999,0,kapiva panch dal ubtan 100gm ,0.0,gm ,gm ,100gm,Adret Retail Pvt. Ltd. (Kapiva),,,399,0,,,10,0.3651483716701107
33719,kapiva panch dal ubtan 100gm,,others,kapiva panch dal ubtan,kapiva panch dal ubtan 100,0,kapiva panch dal,kapiva panch,kapiva,kapiva,219868.0,kapiva ayurveda masala ayurvedic tea 100gm,others,kapiva,kapiva ayurveda masala ayurvedic tea 100,kapiva ayurveda masala ayurvedic tea 100gm ,0.3651483716701107,0.3999999999999999,0,kapiva panch dal ubtan 100gm ,0.0,gm ,gm ,100gm,Adret Retail Pvt. Ltd. (Kapiva),,,399,0,,,10,0.3651483716701107
33719,kapiva panch dal ubtan 100gm,,others,kapiva panch dal ubtan,kapiva panch dal ubtan 100,0,kapiva panch dal,kapiva panch,kapiva,kapiva,219879.0,kapiva ayurveda no stress oil 100ml,others,kapiva,kapiva ayurveda no stress oil 100,kapiva ayurveda no stress oil 100ml ,0.3651483716701107,0.3999999999999999,0,kapiva panch dal ubtan 100gm ,1.0,gm ,ml ,100gm,Adret Retail Pvt. Ltd. (Kapiva),,,399,0,,,10,0.3651483716701107
33719,kapiva panch dal ubtan 100gm,,others,kapiva panch dal ubtan,kapiva panch dal ubtan 100,0,kapiva panch dal,kapiva panch,kapiva,kapiva,219890.0,kapiva ayurveda rogan badam oil 100ml,others,kapiva,kapiva ayurveda rogan badam oil 100,kapiva ayurveda rogan badam oil 100ml ,0.3651483716701107,0.3999999999999999,0,kapiva panch dal ubtan 100gm ,1.0,gm ,ml ,100gm,Adret Retail Pvt. Ltd. (Kapiva),,,399,0,,,10,0.3651483716701107
33719,kapiva panch dal ubtan 100gm,,others,kapiva panch dal ubtan,kapiva panch dal ubtan 100,0,kapiva panch dal,kapiva panch,kapiva,kapiva,219913.0,kapiva ayurveda wheat grass powder 100gm,others,kapiva,kapiva ayurveda wheat grass powder 100,kapiva ayurveda wheat grass powder 100gm ,0.3651483716701107,0.3999999999999999,0,kapiva panch dal ubtan 100gm ,0.0,gm ,gm ,100gm,Adret Retail Pvt. Ltd. (Kapiva),,,399,0,,,10,0.3651483716701107
33831,biotique lip balm cherry 4gm,,others,biotique lip balm cherry,biotique lip balm cherry 4,0,biotique lip balm,biotique lip,biotique,biotique,127790.0,biotique bio lip sunflower lip balm 12gm,others,biotique,biotique bio lip sunflower balm 12,biotique bio lip sunflower lip balm 12gm ,0.5477225575051661,0.5477225575051661,0,biotique lip balm cherry 4gm ,0.0,gm ,gm ,4gm,BIOVEDA TECHNOLOGIES,,,175,0,,,4,0.5477225575051661
33831,biotique lip balm cherry 4gm,,others,biotique lip balm cherry,biotique lip balm cherry 4,0,biotique lip balm,biotique lip,biotique,biotique,127755.0,biotique bio berry plumping lip balm 12gm,others,biotique,biotique bio berry plumping lip balm 12,biotique bio berry plumping lip balm 12gm ,0.5070925528371099,0.5477225575051661,0,biotique lip balm cherry 4gm ,0.0,gm ,gm ,4gm,BIOVEDA TECHNOLOGIES,,,175,0,,,4,0.5070925528371099
33831,biotique lip balm cherry 4gm,,others,biotique lip balm cherry,biotique lip balm cherry 4,0,biotique lip balm,biotique lip,biotique,biotique,127756.0,biotique bio berry plumping lip balm 5gm,others,biotique,biotique bio berry plumping lip balm 5,biotique bio berry plumping lip balm 5gm ,0.5070925528371099,0.5477225575051661,0,biotique lip balm cherry 4gm ,0.0,gm ,gm ,4gm,BIOVEDA TECHNOLOGIES,,,175,0,,,4,0.5070925528371099
33831,biotique lip balm cherry 4gm,,others,biotique lip balm cherry,biotique lip balm cherry 4,0,biotique lip balm,biotique lip,biotique,biotique,127852.0,biotique bio white whitening lip balm 5gm,others,biotique,biotique bio white whitening lip balm 5,biotique bio white whitening lip balm 5gm ,0.5070925528371099,0.5477225575051661,0,biotique lip balm cherry 4gm ,0.0,gm ,gm ,4gm,BIOVEDA TECHNOLOGIES,,,175,0,,,4,0.5070925528371099
33914,mederma advance plus scar gel 5gm,,others,mederma advance plus scar,mederma advance plus scar gel 5,0,mederma advance plus,mederma advance,mederma,mederma,382301.0,mederma advanced plus gel 5gm,others,mederma,mederma advanced plus gel 5,mederma advanced plus gel 5gm ,0.7302967433402214,0.7302967433402214,0,mederma advance plus scar gel 5gm ,0.0,gm ,gm ,5mg,Win-Medicare Pvt Ltd,,,255,0,,,2,0.7302967433402214
33914,mederma advance plus scar gel 5gm,,others,mederma advance plus scar,mederma advance plus scar gel 5,0,mederma advance plus,mederma advance,mederma,mederma,381048.0,mederma advanced plus scar gel 10gm,others,mederma,mederma advanced plus scar gel 10,mederma advanced plus scar gel 10gm ,0.6666666666666667,0.7302967433402214,0,mederma advance plus scar gel 5gm ,0.0,gm ,gm ,5mg,Win-Medicare Pvt Ltd,,,255,0,,,2,0.6666666666666667
33614,manforce xotic condom strawberry 10s,,others,manforce xotic condom strawberry 10s,manforce xotic condom strawberry 10s,0,manforce xotic condom strawberry,manforce xotic condom,manforce xotic,manforce,377404.0,manforce xotic extra dotted vegan strawberry condom 10s,others,manforce,manforce xotic extra dotted vegan strawberry condom 10s,manforce xotic extra dotted vegan strawberry condom 10s ,0.7905694150420948,0.7905694150420948,0,manforce xotic condom strawberry 10s ,2.0,,,10s,Mankind Pharma Ltd,,,90,0,,,2,0.7905694150420948
33614,manforce xotic condom strawberry 10s,,others,manforce xotic condom strawberry 10s,manforce xotic condom strawberry 10s,0,manforce xotic condom strawberry,manforce xotic condom,manforce xotic,manforce,377407.0,manforce xotic premium chocolate condom 10s,others,manforce,manforce xotic premium chocolate condom 10s,manforce xotic premium chocolate condom 10s ,0.7302967433402214,0.7905694150420948,0,manforce xotic condom strawberry 10s ,2.0,,,10s,Mankind Pharma Ltd,,,90,0,,,2,0.7302967433402214
33680,natures glowing gold facial kit 60gm,,others,natures glowing gold facial kit,natures glowing gold facial kit 60,0,natures glowing gold facial,natures glowing gold,natures glowing,natures,249101.0,natures velvet lifecare 100% gold standard whey protein 2lb double rich chocolate,others,natures,natures velvet lifecare 100% gold standard whey protein 2lb double rich chocolate,natures velvet lifecare 100% gold standard whey protein 2lb double rich chocolate ,0.2357022603955159,0.2357022603955159,0,natures glowing gold facial kit 60gm ,2.0,gm ,,60gm,ESME CONSUMER PVT LTD,,,280,0,,,2,0.2357022603955159
33680,natures glowing gold facial kit 60gm,,others,natures glowing gold facial kit,natures glowing gold facial kit 60,0,natures glowing gold facial,natures glowing gold,natures glowing,natures,249102.0,natures velvet lifecare 100% gold standard whey protein 1lb double rich chocolate,others,natures,natures velvet lifecare 100% gold standard whey protein 1lb double rich chocolate,natures velvet lifecare 100% gold standard whey protein 1lb double rich chocolate ,0.2357022603955159,0.2357022603955159,0,natures glowing gold facial kit 60gm ,2.0,gm ,,60gm,ESME CONSUMER PVT LTD,,,280,0,,,2,0.2357022603955159
33681,natures brightening diamond facial kit 20gm,,others,natures brightening diamond facial kit,natures brightening diamond facial kit 20,0,natures brightening diamond facial,natures brightening diamond,natures brightening,natures,249031.0,natures aid turmeric capsule 60s,capsule,natures,natures aid turmeric 60s,natures aid turmeric capsule 60s ,0.18257418583505536,0.18257418583505536,0,natures brightening diamond facial kit 20gm ,2.0,gm ,,20gm,ESME CONSUMER PVT LTD,,,100,1,,,12,0.20412414523193154
33681,natures brightening diamond facial kit 20gm,,others,natures brightening diamond facial kit,natures brightening diamond facial kit 20,0,natures brightening diamond facial,natures brightening diamond,natures brightening,natures,248992.0,natures aid active man tablet 60s,tablet,natures,natures aid active man 60s,natures aid active man tablet 60s ,0.16666666666666669,0.18257418583505536,0,natures brightening diamond facial kit 20gm ,2.0,gm ,,20gm,ESME CONSUMER PVT LTD,,,100,1,,,12,0.18257418583505536
33681,natures brightening diamond facial kit 20gm,,others,natures brightening diamond facial kit,natures brightening diamond facial kit 20,0,natures brightening diamond facial,natures brightening diamond,natures brightening,natures,248993.0,natures aid active woman tablet 60s,tablet,natures,natures aid active woman 60s,natures aid active woman tablet 60s ,0.16666666666666669,0.18257418583505536,0,natures brightening diamond facial kit 20gm ,2.0,gm ,,20gm,ESME CONSUMER PVT LTD,,,100,1,,,12,0.18257418583505536
33681,natures brightening diamond facial kit 20gm,,others,natures brightening diamond facial kit,natures brightening diamond facial kit 20,0,natures brightening diamond facial,natures brightening diamond,natures brightening,natures,249001.0,natures aid cranberry 5000mg tablet 90s,tablet,natures,natures aid cranberry 5000 90s,natures aid cranberry 5000mg tablet 90s ,0.16666666666666669,0.18257418583505536,0,natures brightening diamond facial kit 20gm ,1.0,gm ,mg ,20gm,ESME CONSUMER PVT LTD,,,100,1,,,12,0.18257418583505536
33681,natures brightening diamond facial kit 20gm,,others,natures brightening diamond facial kit,natures brightening diamond facial kit 20,0,natures brightening diamond facial,natures brightening diamond,natures brightening,natures,249007.0,natures aid glucosamine & chondroitin tablet 90s,tablet,natures,natures aid glucosamine & chondroitin 90s,natures aid glucosamine & chondroitin tablet 90s ,0.16666666666666669,0.18257418583505536,0,natures brightening diamond facial kit 20gm ,2.0,gm ,,20gm,ESME CONSUMER PVT LTD,,,100,1,,,12,0.18257418583505536
33681,natures brightening diamond facial kit 20gm,,others,natures brightening diamond facial kit,natures brightening diamond facial kit 20,0,natures brightening diamond facial,natures brightening diamond,natures brightening,natures,249026.0,natures aid sea kelp tablet 180s,tablet,natures,natures aid sea kelp 180s,natures aid sea kelp tablet 180s ,0.16666666666666669,0.18257418583505536,0,natures brightening diamond facial kit 20gm ,2.0,gm ,,20gm,ESME CONSUMER PVT LTD,,,100,1,,,12,0.18257418583505536
33681,natures brightening diamond facial kit 20gm,,others,natures brightening diamond facial kit,natures brightening diamond facial kit 20,0,natures brightening diamond facial,natures brightening diamond,natures brightening,natures,249027.0,natures aid selenium 200ug tablet 90s,tablet,natures,natures aid selenium 200ug 90s,natures aid selenium 200ug tablet 90s ,0.16666666666666669,0.18257418583505536,0,natures brightening diamond facial kit 20gm ,2.0,gm ,,20gm,ESME CONSUMER PVT LTD,,,100,1,,,12,0.18257418583505536
33681,natures brightening diamond facial kit 20gm,,others,natures brightening diamond facial kit,natures brightening diamond facial kit 20,0,natures brightening diamond facial,natures brightening diamond,natures brightening,natures,249114.0,natures velvet lifecare bcaa powder 300gm,others,natures,natures velvet lifecare bcaa powder 300,natures velvet lifecare bcaa powder 300gm ,0.16666666666666669,0.18257418583505536,0,natures brightening diamond facial kit 20gm ,0.0,gm ,gm ,20gm,ESME CONSUMER PVT LTD,,,100,0,,,12,0.16666666666666669
33681,natures brightening diamond facial kit 20gm,,others,natures brightening diamond facial kit,natures brightening diamond facial kit 20,0,natures brightening diamond facial,natures brightening diamond,natures brightening,natures,249121.0,natures velvet lifecare creatine powder 300gm,others,natures,natures velvet lifecare creatine powder 300,natures velvet lifecare creatine powder 300gm ,0.16666666666666669,0.18257418583505536,0,natures brightening diamond facial kit 20gm ,0.0,gm ,gm ,20gm,ESME CONSUMER PVT LTD,,,100,0,,,12,0.16666666666666669
33681,natures brightening diamond facial kit 20gm,,others,natures brightening diamond facial kit,natures brightening diamond facial kit 20,0,natures brightening diamond facial,natures brightening diamond,natures brightening,natures,249133.0,natures velvet lifecare glutamine powder 300gm,others,natures,natures velvet lifecare glutamine powder 300,natures velvet lifecare glutamine powder 300gm ,0.16666666666666669,0.18257418583505536,0,natures brightening diamond facial kit 20gm ,0.0,gm ,gm ,20gm,ESME CONSUMER PVT LTD,,,100,0,,,12,0.16666666666666669
33681,natures brightening diamond facial kit 20gm,,others,natures brightening diamond facial kit,natures brightening diamond facial kit 20,0,natures brightening diamond facial,natures brightening diamond,natures brightening,natures,249170.0,natures velvet lifecare probiotic capsule 30s,capsule,natures,natures velvet lifecare probiotic 30s,natures velvet lifecare probiotic capsule 30s ,0.16666666666666669,0.18257418583505536,0,natures brightening diamond facial kit 20gm ,2.0,gm ,,20gm,ESME CONSUMER PVT LTD,,,100,1,,,12,0.18257418583505536
33681,natures brightening diamond facial kit 20gm,,others,natures brightening diamond facial kit,natures brightening diamond facial kit 20,0,natures brightening diamond facial,natures brightening diamond,natures brightening,natures,249180.0,natures velvet lifecare spirulina powder 100gm,others,natures,natures velvet lifecare spirulina powder 100,natures velvet lifecare spirulina powder 100gm ,0.16666666666666669,0.18257418583505536,0,natures brightening diamond facial kit 20gm ,0.0,gm ,gm ,20gm,ESME CONSUMER PVT LTD,,,100,0,,,12,0.16666666666666669
33718,kapiva ghee kumkumadi body butter 100gm,,others,kapiva ghee kumkumadi body butter,kapiva ghee kumkumadi body butter 100,0,kapiva ghee kumkumadi body,kapiva ghee kumkumadi,kapiva ghee,kapiva,219875.0,kapiva ayurveda neem oil 100ml,others,kapiva,kapiva ayurveda neem oil 100,kapiva ayurveda neem oil 100ml ,0.3651483716701107,0.3651483716701107,0,kapiva ghee kumkumadi body butter 100gm ,1.0,gm ,ml ,100gm,Adret Retail Pvt. Ltd. (Kapiva),,,349,0,,,10,0.3651483716701107
33718,kapiva ghee kumkumadi body butter 100gm,,others,kapiva ghee kumkumadi body butter,kapiva ghee kumkumadi body butter 100,0,kapiva ghee kumkumadi body,kapiva ghee kumkumadi,kapiva ghee,kapiva,219892.0,kapiva ayurveda shankhapushpi sharbat 100ml,others,kapiva,kapiva ayurveda shankhapushpi sharbat 100,kapiva ayurveda shankhapushpi sharbat 100ml ,0.3651483716701107,0.3651483716701107,0,kapiva ghee kumkumadi body butter 100gm ,1.0,gm ,ml ,100gm,Adret Retail Pvt. Ltd. (Kapiva),,,349,0,,,10,0.3651483716701107
33718,kapiva ghee kumkumadi body butter 100gm,,others,kapiva ghee kumkumadi body butter,kapiva ghee kumkumadi body butter 100,0,kapiva ghee kumkumadi body,kapiva ghee kumkumadi,kapiva ghee,kapiva,219900.0,kapiva ayurveda sriparni tel 100ml,others,kapiva,kapiva ayurveda sriparni tel 100,kapiva ayurveda sriparni tel 100ml ,0.3651483716701107,0.3651483716701107,0,kapiva ghee kumkumadi body butter 100gm ,1.0,gm ,ml ,100gm,Adret Retail Pvt. Ltd. (Kapiva),,,349,0,,,10,0.3651483716701107
33718,kapiva ghee kumkumadi body butter 100gm,,others,kapiva ghee kumkumadi body butter,kapiva ghee kumkumadi body butter 100,0,kapiva ghee kumkumadi body,kapiva ghee kumkumadi,kapiva ghee,kapiva,219812.0,kapiva ayurveda 100% organic juice 1ltr,others,kapiva,kapiva ayurveda 100% organic juice 1ltr,kapiva ayurveda 100% organic juice 1ltr ,0.33333333333333337,0.3651483716701107,0,kapiva ghee kumkumadi body butter 100gm ,2.0,gm ,,100gm,Adret Retail Pvt. Ltd. (Kapiva),,,349,0,,,10,0.33333333333333337
33718,kapiva ghee kumkumadi body butter 100gm,,others,kapiva ghee kumkumadi body butter,kapiva ghee kumkumadi body butter 100,0,kapiva ghee kumkumadi body,kapiva ghee kumkumadi,kapiva ghee,kapiva,219826.0,kapiva ayurveda artho sure oil 100ml,others,kapiva,kapiva ayurveda artho sure oil 100,kapiva ayurveda artho sure oil 100ml ,0.33333333333333337,0.3651483716701107,0,kapiva ghee kumkumadi body butter 100gm ,1.0,gm ,ml ,100gm,Adret Retail Pvt. Ltd. (Kapiva),,,349,0,,,10,0.33333333333333337
33718,kapiva ghee kumkumadi body butter 100gm,,others,kapiva ghee kumkumadi body butter,kapiva ghee kumkumadi body butter 100,0,kapiva ghee kumkumadi body,kapiva ghee kumkumadi,kapiva ghee,kapiva,219842.0,kapiva ayurveda dhatu paushtik churna 100gm,others,kapiva,kapiva ayurveda dhatu paushtik churna 100,kapiva ayurveda dhatu paushtik churna 100gm ,0.33333333333333337,0.3651483716701107,0,kapiva ghee kumkumadi body butter 100gm ,0.0,gm ,gm ,100gm,Adret Retail Pvt. Ltd. (Kapiva),,,349,0,,,10,0.33333333333333337
33718,kapiva ghee kumkumadi body butter 100gm,,others,kapiva ghee kumkumadi body butter,kapiva ghee kumkumadi body butter 100,0,kapiva ghee kumkumadi body,kapiva ghee kumkumadi,kapiva ghee,kapiva,219868.0,kapiva ayurveda masala ayurvedic tea 100gm,others,kapiva,kapiva ayurveda masala ayurvedic tea 100,kapiva ayurveda masala ayurvedic tea 100gm ,0.33333333333333337,0.3651483716701107,0,kapiva ghee kumkumadi body butter 100gm ,0.0,gm ,gm ,100gm,Adret Retail Pvt. Ltd. (Kapiva),,,349,0,,,10,0.33333333333333337
33718,kapiva ghee kumkumadi body butter 100gm,,others,kapiva ghee kumkumadi body butter,kapiva ghee kumkumadi body butter 100,0,kapiva ghee kumkumadi body,kapiva ghee kumkumadi,kapiva ghee,kapiva,219879.0,kapiva ayurveda no stress oil 100ml,others,kapiva,kapiva ayurveda no stress oil 100,kapiva ayurveda no stress oil 100ml ,0.33333333333333337,0.3651483716701107,0,kapiva ghee kumkumadi body butter 100gm ,1.0,gm ,ml ,100gm,Adret Retail Pvt. Ltd. (Kapiva),,,349,0,,,10,0.33333333333333337
33718,kapiva ghee kumkumadi body butter 100gm,,others,kapiva ghee kumkumadi body butter,kapiva ghee kumkumadi body butter 100,0,kapiva ghee kumkumadi body,kapiva ghee kumkumadi,kapiva ghee,kapiva,219890.0,kapiva ayurveda rogan badam oil 100ml,others,kapiva,kapiva ayurveda rogan badam oil 100,kapiva ayurveda rogan badam oil 100ml ,0.33333333333333337,0.3651483716701107,0,kapiva ghee kumkumadi body butter 100gm ,1.0,gm ,ml ,100gm,Adret Retail Pvt. Ltd. (Kapiva),,,349,0,,,10,0.33333333333333337
33718,kapiva ghee kumkumadi body butter 100gm,,others,kapiva ghee kumkumadi body butter,kapiva ghee kumkumadi body butter 100,0,kapiva ghee kumkumadi body,kapiva ghee kumkumadi,kapiva ghee,kapiva,219913.0,kapiva ayurveda wheat grass powder 100gm,others,kapiva,kapiva ayurveda wheat grass powder 100,kapiva ayurveda wheat grass powder 100gm ,0.33333333333333337,0.3651483716701107,0,kapiva ghee kumkumadi body butter 100gm ,0.0,gm ,gm ,100gm,Adret Retail Pvt. Ltd. (Kapiva),,,349,0,,,10,0.33333333333333337
33902,setu plant protein choco flavour 540gm,,others,setu plant protein chocolate flavour,setu plant protein chocolate flavour 540,0,setu plant protein chocolate,setu plant protein,setu plant,setu,310975.0,setu beat it capsule 30s,capsule,setu,setu beat it 30s,setu beat it capsule 30s ,0.18257418583505536,0.18257418583505536,0,setu plant protein chocolate flavour 540gm ,2.0,gm ,,540gm,SETU NUTRATION PVT LTD,,,1700,1,,,12,0.20412414523193154
33902,setu plant protein choco flavour 540gm,,others,setu plant protein chocolate flavour,setu plant protein chocolate flavour 540,0,setu plant protein chocolate,setu plant protein,setu plant,setu,310976.0,setu counter cholesterol tablet 60s,tablet,setu,setu counter cholesterol 60s,setu counter cholesterol tablet 60s ,0.18257418583505536,0.18257418583505536,0,setu plant protein chocolate flavour 540gm ,2.0,gm ,,540gm,SETU NUTRATION PVT LTD,,,1700,1,,,12,0.20412414523193154
33902,setu plant protein choco flavour 540gm,,others,setu plant protein chocolate flavour,setu plant protein chocolate flavour 540,0,setu plant protein chocolate,setu plant protein,setu plant,setu,310977.0,setu eye max tablet 30s,tablet,setu,setu eye max 30s,setu eye max tablet 30s ,0.18257418583505536,0.18257418583505536,0,setu plant protein chocolate flavour 540gm ,2.0,gm ,,540gm,SETU NUTRATION PVT LTD,,,1700,1,,,12,0.20412414523193154
33902,setu plant protein choco flavour 540gm,,others,setu plant protein chocolate flavour,setu plant protein chocolate flavour 540,0,setu plant protein chocolate,setu plant protein,setu plant,setu,310979.0,setu liver lift tablet 30s,tablet,setu,setu liver lift 30s,setu liver lift tablet 30s ,0.18257418583505536,0.18257418583505536,0,setu plant protein chocolate flavour 540gm ,2.0,gm ,,540gm,SETU NUTRATION PVT LTD,,,1700,1,,,12,0.20412414523193154
33902,setu plant protein choco flavour 540gm,,others,setu plant protein chocolate flavour,setu plant protein chocolate flavour 540,0,setu plant protein chocolate,setu plant protein,setu plant,setu,310981.0,setu pressure pal tablet 30s,tablet,setu,setu pressure pal 30s,setu pressure pal tablet 30s ,0.18257418583505536,0.18257418583505536,0,setu plant protein chocolate flavour 540gm ,2.0,gm ,,540gm,SETU NUTRATION PVT LTD,,,1700,1,,,12,0.20412414523193154
33902,setu plant protein choco flavour 540gm,,others,setu plant protein chocolate flavour,setu plant protein chocolate flavour 540,0,setu plant protein chocolate,setu plant protein,setu plant,setu,310982.0,setu silymarin life tablet 30s,tablet,setu,setu silymarin life 30s,setu silymarin life tablet 30s ,0.18257418583505536,0.18257418583505536,0,setu plant protein chocolate flavour 540gm ,2.0,gm ,,540gm,SETU NUTRATION PVT LTD,,,1700,1,,,12,0.20412414523193154
33902,setu plant protein choco flavour 540gm,,others,setu plant protein chocolate flavour,setu plant protein chocolate flavour 540,0,setu plant protein chocolate,setu plant protein,setu plant,setu,310983.0,setu sugar shield tablet 30s,tablet,setu,setu sugar shield 30s,setu sugar shield tablet 30s ,0.18257418583505536,0.18257418583505536,0,setu plant protein chocolate flavour 540gm ,2.0,gm ,,540gm,SETU NUTRATION PVT LTD,,,1700,1,,,12,0.20412414523193154
33902,setu plant protein choco flavour 540gm,,others,setu plant protein chocolate flavour,setu plant protein chocolate flavour 540,0,setu plant protein chocolate,setu plant protein,setu plant,setu,310984.0,setu sugar soldier tablet 30s,tablet,setu,setu sugar soldier 30s,setu sugar soldier tablet 30s ,0.18257418583505536,0.18257418583505536,0,setu plant protein chocolate flavour 540gm ,2.0,gm ,,540gm,SETU NUTRATION PVT LTD,,,1700,1,,,12,0.20412414523193154
33902,setu plant protein choco flavour 540gm,,others,setu plant protein chocolate flavour,setu plant protein chocolate flavour 540,0,setu plant protein chocolate,setu plant protein,setu plant,setu,310985.0,setu your gut capsule 30s,capsule,setu,setu your gut 30s,setu your gut capsule 30s ,0.18257418583505536,0.18257418583505536,0,setu plant protein chocolate flavour 540gm ,2.0,gm ,,540gm,SETU NUTRATION PVT LTD,,,1700,1,,,12,0.20412414523193154
33902,setu plant protein choco flavour 540gm,,others,setu plant protein chocolate flavour,setu plant protein chocolate flavour 540,0,setu plant protein chocolate,setu plant protein,setu plant,setu,310974.0,setu alpha lipoic acid tablet 60s,tablet,setu,setu alpha lipoic acid 60s,setu alpha lipoic acid tablet 60s ,0.16666666666666669,0.18257418583505536,0,setu plant protein chocolate flavour 540gm ,2.0,gm ,,540gm,SETU NUTRATION PVT LTD,,,1700,1,,,12,0.18257418583505536
33902,setu plant protein choco flavour 540gm,,others,setu plant protein chocolate flavour,setu plant protein chocolate flavour 540,0,setu plant protein chocolate,setu plant protein,setu plant,setu,310978.0,setu fish oil soft gelatin capsule 60s,capsule,setu,setu fish oil sg 60s,setu fish oil sg capsule 60s ,0.16666666666666669,0.18257418583505536,0,setu plant protein chocolate flavour 540gm ,2.0,gm ,,540gm,SETU NUTRATION PVT LTD,,,1700,1,,,12,0.18257418583505536
33902,setu plant protein choco flavour 540gm,,others,setu plant protein chocolate flavour,setu plant protein chocolate flavour 540,0,setu plant protein chocolate,setu plant protein,setu plant,setu,310980.0,setu lutein + zeaxanthin tablet 60s,tablet,setu,setu lutein plus zeaxanthin 60s,setu lutein plus zeaxanthin tablet 60s ,0.16666666666666669,0.18257418583505536,0,setu plant protein chocolate flavour 540gm ,2.0,gm ,,540gm,SETU NUTRATION PVT LTD,,,1700,1,,,12,0.18257418583505536
33936,durex condom real feel 3s,,others,durex condom real feel 3s,durex condom real feel 3s,0,durex condom real feel,durex condom real,durex condom,durex,377225.0,durex bubblegum condom 3s,others,durex,durex bubblegum condom 3s,durex bubblegum condom 3s ,0.6708203932499369,0.6708203932499369,0,durex condom real feel 3s ,2.0,,,3s,Reckitt Benckiser (india) Ltd.,,,165,0,,,2,0.6708203932499369
33936,durex condom real feel 3s,,others,durex condom real feel 3s,durex condom real feel 3s,0,durex condom real feel,durex condom real,durex condom,durex,378289.0,durex intense condom 3s,others,durex,durex intense condom 3s,durex intense condom 3s ,0.6708203932499369,0.6708203932499369,0,durex condom real feel 3s ,2.0,,,3s,Reckitt Benckiser (india) Ltd.,,,165,0,,,2,0.6708203932499369
33938,durex condom real feel 10s,,others,durex condom real feel 10s,durex condom real feel 10s,0,durex condom real feel,durex condom real,durex condom,durex,378288.0,durex intense condom 10s,others,durex,durex intense condom 10s,durex intense condom 10s ,0.6708203932499369,0.6708203932499369,0,durex condom real feel 10s ,2.0,,,10s,TTK Healthcare Ltd,,,550,0,,,2,0.6708203932499369
33938,durex condom real feel 10s,,others,durex condom real feel 10s,durex condom real feel 10s,0,durex condom real feel,durex condom real,durex condom,durex,378292.0,durex bubblegum condom 10s,others,durex,durex bubblegum condom 10s,durex bubblegum condom 10s ,0.6708203932499369,0.6708203932499369,0,durex condom real feel 10s ,2.0,,,10s,TTK Healthcare Ltd,,,550,0,,,2,0.6708203932499369
33939,durex condom real feel 10s,,others,durex condom real feel 10s,durex condom real feel 10s,0,durex condom real feel,durex condom real,durex condom,durex,378288.0,durex intense condom 10s,others,durex,durex intense condom 10s,durex intense condom 10s ,0.6708203932499369,0.6708203932499369,0,durex condom real feel 10s ,2.0,,,10s,Reckitt Benckiser (india) Ltd.,,,550,0,,,2,0.6708203932499369
33939,durex condom real feel 10s,,others,durex condom real feel 10s,durex condom real feel 10s,0,durex condom real feel,durex condom real,durex condom,durex,378292.0,durex bubblegum condom 10s,others,durex,durex bubblegum condom 10s,durex bubblegum condom 10s ,0.6708203932499369,0.6708203932499369,0,durex condom real feel 10s ,2.0,,,10s,Reckitt Benckiser (india) Ltd.,,,550,0,,,2,0.6708203932499369
