item_code,brand_x,Master Catalogue name,medicine_type_x,exp_sku_brand,mod_brand,count_syp,exp_sku_brand2,exp_sku_brand3,exp_sku_brand4,exp_sku_brand5,id,brand_y,medicine_type_y,sku_brand,new_brand,new_brand2,cosine,max_cosine,salt_flag,mod_brand2,uom_flag,uom_x,uom_y,pack,manufacturer,catg,subcatg,mrp,medicine_type_flag,count_cap,count_tab,count,mod_cosine
33350,evaparin (inj+cartidge) 1s,,others,evaparin,evaparin injection +cartidge 1s,0,evaparin,evaparin,evaparin,evaparin,190404.0,evaparin injection 3ml,injection,evaparin,evaparin injection 3,evaparin injection 3ml ,0.5773502691896258,0.5773502691896258,0,evaparin injection +cartidge 1s ,2.0,,ml ,1s,Intas Pharmaceuticals Ltd,,,4800,1,,,1,0.5773502691896258
33387,bioderma sebium pore refiner 15ml,,others,bioderma,bioderma sebm pore refiner 15,0,bioderma,bioderma,bioderma,bioderma,127134.0,bioderma sebium pore refiner 30ml,others,bioderma,bioderma sebium pore refiner 30,bioderma sebium pore refiner 30ml ,0.5999999999999999,0.5999999999999999,0,bioderma sebium pore refiner 15ml ,0.0,ml ,ml ,15ml,Bioderma Laboratories,,,799,0,,,1,0.5999999999999999
33391,gi gel syp 200ml,,syrup,gi,gi gel 200,1,gi,gi,gi,gi,378369.0,gi gel oral suspension mint 170ml,others,gi,gi gel oral mint 170,gi gel oral suspension mint 170ml ,0.4082482904638631,0.4082482904638631,0,gi gel syrup 200ml ,0.0,ml ,ml ,200ml,GH. VISION LIFESCIENCES,,,199.9,1,,,1,0.5163977794943222
33425,freeflex emugel 30gm,,others,freeflex,freeflex emugel 30,0,freeflex,freeflex,freeflex,freeflex,383197.0,freeflex emulgel 30gm,others,freeflex,freeflex emulgel 30,freeflex emulgel 30gm ,0.6666666666666667,0.6666666666666667,0,freeflex emugel 30gm ,0.0,gm ,gm ,30gm,Sanofi India Limited,,,390,0,,,1,0.6666666666666667
33481,aziwok xl syp 200mg 30ml,,syrup,aziwok,aziwok syrup 200 30,1,aziwok,aziwok,aziwok,aziwok,121347.0,aziwok  xl 200 liquid 30ml,others,aziwok,aziwok 200 liquid 30,aziwok 200 liquid 30ml ,0.75,0.75,0,aziwok syrup 200mg 30ml ,0.0,ml ,ml ,30ml,Wockhardt Ltd,,,114.58,1,,,1,0.75
33554,loreal shampoo total repair 5 damage hair 180ml,,others,loreal,loreal shampoo total repair 5 damage hair 180,0,loreal,loreal,loreal,loreal,230375.0,loreal kids 2 in 1 shampoo 250ml,others,loreal,loreal paediatric 2 in 1 shampoo 250,loreal paediatric 2 in 1 shampoo 250ml ,0.26726124191242434,0.26726124191242434,0,loreal shampoo total repair 5 damage hair 180ml ,0.0,ml ,ml ,180ml',Loreal India Pvt.ltd,,,199,0,,,1,0.26726124191242434
33591,nailrox cream 1% 50gm,,others,nailrox,nailrox cream 1% 50,0,nailrox,nailrox,nailrox,nailrox,248083.0,nailrox cream 50gm,others,nailrox,nailrox cream 50,nailrox cream 50gm ,0.8660254037844387,0.8660254037844387,0,nailrox cream 1% 50gm ,0.0,gm ,gm ,50gm,Intas Pharmaceuticals Ltd,,,229,0,,,1,0.8660254037844387
33639,pcm syp 60ml,,syrup,pcm,pcm 60,1,pcm,pcm,pcm,pcm,273369.0,pcm suspension 60ml,others,pcm,pcm 60,pcm suspension 60ml ,0.6666666666666667,0.6666666666666667,0,pcm syrup 60ml ,0.0,ml ,ml ,60ml,Intas Pharmaceuticals Ltd,,,29.92,1,,,1,0.9999999999999998
33640,paracip 250mg syrup 60ml,,syrup,paracip,paracip 250 syrup 60,1,paracip,paracip,paracip,paracip,271691.0,paracip syrup 60ml,syrup,paracip,paracip syrup 60,paracip syrup 60ml ,0.8660254037844387,0.8660254037844387,0,paracip 250mg syrup 60ml ,0.0,ml ,ml ,60ml,Cipla Ltd,,,44.35,0,,,1,0.8660254037844387
33655,everfresh tears eye drop 10ml,,others,everfresh,everfresh tears eye drops 10,0,everfresh,everfresh,everfresh,everfresh,190479.0,everfresh tears 0.5% eye drop 10ml,others,everfresh,everfresh tears 0.5% eye drops 10,everfresh tears 0.5% eye drops 10ml ,0.8451542547285165,0.8451542547285165,0,everfresh tears eye drops 10ml ,0.0,ml ,ml ,10ml,Alembic Pharmaceuticals Ltd,,,155.23,0,,,1,0.8451542547285165
33677,mesacol cr sachet 2gm,,others,mesacol,mesacol sachet 2,0,mesacol,mesacol,mesacol,mesacol,371751.0,mesacol cr 2gm granules 1gm,others,mesacol,mesacol 2 granules 1000,mesacol 2gm granules 1000mg ,0.5773502691896258,0.5773502691896258,0,mesacol sachet 2gm ,1.0,gm ,mg ,2gm,Sun Pharmaceutical Industries Ltd,,,76,0,,,1,0.5773502691896258
33738,zimba lotion 10ml,,others,zimba,zimba lotion 10,0,zimba,zimba,zimba,zimba,376496.0,zimba 1% cream 10gm,others,zimba,zimba 1% cream 10,zimba 1% cream 10gm ,0.5773502691896258,0.5773502691896258,0,zimba lotion 10ml ,1.0,ml ,gm ,10ml,Sun Pharmaceutical Industries Ltd,,,294,0,,,1,0.5773502691896258
33750,dolopar syp 120mg 60ml,,syrup,dolopar,dolopar syrup 120 60,1,dolopar,dolopar,dolopar,dolopar,377501.0,dolopar 120mg syrup 60ml,syrup,dolopar,dolopar 120 syrup 60,dolopar 120mg syrup 60ml ,1.0,1.0,0,dolopar syrup 120mg 60ml ,0.0,ml ,ml ,60ml,Micro Labs Ltd,,,39.64,0,,,1,1.0
33771,amrosys cream 30gm,,others,amrosys,amrosys cream 30,0,amrosys,amrosys,amrosys,amrosys,112154.0,amrosys 0.25% cream 30gm,others,amrosys,amrosys 0.25% cream 30,amrosys 0.25% cream 30gm ,0.7745966692414834,0.7745966692414834,0,amrosys cream 30gm ,0.0,gm ,gm ,30gm,Systopic Laboratories Pvt Ltd,,,240,0,,,1,0.7745966692414834
33812,ebernet cream 1% 60gm,,others,ebernet,ebernet cream 1% 60,0,ebernet,ebernet,ebernet,ebernet,183499.0,ebernet cream 60gm,others,ebernet,ebernet cream 60,ebernet cream 60gm ,0.8660254037844387,0.8660254037844387,0,ebernet cream 1% 60gm ,0.0,gm ,gm ,60gm,Dr Reddy's Laboratories Ltd,,,830.5,0,,,1,0.8660254037844387
33822,enterogermina susp 10x5ml,,others,enterogermina,enterogermina suspension 10x5,0,enterogermina,enterogermina,enterogermina,enterogermina,187046.0,enterogermina oral suspension 5ml,others,enterogermina,enterogermina suspension 5,enterogermina oral suspension 5ml ,0.5773502691896258,0.5773502691896258,0,enterogermina suspension 10x5ml ,0.0,ml ,ml ,10*5ml,Sanofi India Ltd,,,658,0,,,1,0.6666666666666667
33829,inbilt solution 5% 60ml,,others,inbilt,inbilt solution 5% 60,0,inbilt,inbilt,inbilt,inbilt,383400.0,inbilt-5 topical solution 60ml,others,inbilt,inbilt 5 topical solution 60,inbilt 5 topical solution 60ml ,0.8944271909999159,0.8944271909999159,0,inbilt solution 5% 60ml ,0.0,ml ,ml ,60ml,GLENSMITH LABS PRIVATE LIMITED,,,780,0,,,1,0.8944271909999159
33855,nutrihale syp 100ml,,syrup,nutrihale,nutrihale syrup 100,1,nutrihale,nutrihale,nutrihale,nutrihale,258317.0,nutrihale 500mg syrup 100ml,syrup,nutrihale,nutrihale 500 syrup 100,nutrihale 500mg syrup 100ml ,0.8660254037844387,0.8660254037844387,0,nutrihale syrup 100ml ,0.0,ml ,ml ,100ml',Fourrts India Laboratories Pvt Ltd,,,295,0,,,1,0.8660254037844387
33940,gutgermina suspension 5ml,,others,gutgermina,gutgermina suspension 5,0,gutgermina,gutgermina,gutgermina,gutgermina,370234.0,gutgermina oral suspension 5ml,others,gutgermina,gutgermina suspension 5,gutgermina oral suspension 5ml ,0.8660254037844387,0.8660254037844387,0,gutgermina suspension 5ml ,0.0,ml ,ml ,5ml,Apex Laboratories Pvt Ltd,,,36.3,0,,,1,1.0000000000000002
33956,syscozole cream 30gm,,others,syscozole,syscozole cream 30,0,syscozole,syscozole,syscozole,syscozole,320699.0,syscozole 1% cream 30gm,others,syscozole,syscozole 1% cream 30,syscozole 1% cream 30gm ,0.8660254037844387,0.8660254037844387,0,syscozole cream 30gm ,0.0,gm ,gm ,30gm,SYSCUTIS HEALTHCARE,,,335,0,,,1,0.8660254037844387
33961,skidel bar 75gm,,others,skidel,skidel soap 75,0,skidel,skidel,skidel,skidel,374570.0,skidel sulphate free parabiotic cleansing bar 75gm,others,skidel,skidel sulphate free parabiotic cleansing soap 75,skidel sulphate free parabiotic cleansing soap 75gm ,0.6546536707079772,0.6546536707079772,0,skidel soap 75gm ,0.0,gm ,gm ,75gm,INZPERA HEALTHSCIENCES LIMITED,,,175,0,,,1,0.6546536707079772
33998,colimex drop 15ml,,others,colimex,colimex drops 15,0,colimex,colimex,colimex,colimex,362183.0,colimex df plus oral drops 15ml,others,colimex,colimex df plus oral drops 15,colimex df plus oral drops 15ml ,0.7071067811865476,0.7071067811865476,0,colimex drops 15ml ,0.0,ml ,ml ,15ml,Wallace Pharmaceuticals Pvt Ltd,,,81,0,,,1,0.7071067811865476
34003,cuticolor cream dark brown 60mg,,others,cuticolor,cuticolor cream dark brown 60,0,cuticolor,cuticolor,cuticolor,cuticolor,362226.0,cuticolor hair coloring cream 60gm dark brown,others,cuticolor,cuticolor hair coloring cream 60 dark brown,cuticolor hair coloring cream 60gm dark brown ,0.8451542547285165,0.8451542547285165,0,cuticolor cream dark brown 60mg ,1.0,mg ,gm ,60mg,Zydus Cadila,,,1710.5,0,,,1,0.8451542547285165
34012,mircera injection 75mcg 1s,,injection,mircera,mircera injection 75 1s,0,mircera,mircera,mircera,mircera,242122.0,mircera 75mcg injection 1ml,injection,mircera,mircera 75 injection 1,mircera 75mcg injection 1ml ,0.75,0.75,0,mircera injection 75mcg 1s ,1.0,mcg ,ml ,1s,Roche,,,8100,0,,,1,0.75
34016,bupatch 10mg 1s,,others,bupatch,bupatch 10 1s,0,bupatch,bupatch,bupatch,bupatch,378411.0,bupatch 10mcg patch,others,bupatch,bupatch 10 patch,bupatch 10mcg patch ,0.6666666666666667,0.6666666666666667,0,bupatch 10mg 1s ,1.0,mg ,mcg ,1s,Aureate Healthcare Pvt Ltd,,,1089,0,,,1,0.6666666666666667
34020,extralube gel eye drop 10gm,,others,extralube,extralube gel eye drops 10,0,extralube,extralube,extralube,extralube,191110.0,extralube eye drop 10ml,others,extralube,extralube eye drops 10,extralube eye drops 10ml ,0.8944271909999159,0.8944271909999159,0,extralube gel eye drops 10gm ,1.0,gm ,ml ,10gm,Micro Labs Ltd,,,260,0,,,1,0.8944271909999159
33330,movicol paediatric powder 6x6.85gm,,others,movicol paediatric,movicol paediatric powder 6x6.85,0,movicol,movicol,movicol,movicol,381379.0,movicol paediatric powder sachets 6.85gm 6s,others,movicol,movicol paediatric powder sachets 6.85 6s,movicol paediatric powder sachets 6.85gm 6s ,0.6761234037828131,0.6761234037828131,0,movicol paediatric powder 6x6.85gm ,0.0,gm ,gm ,6*85gm,Win Medicare,,,171,0,,,1,0.6761234037828131
33396,lactivig fiber powder orange 90gm,,others,lactivig fiber,lactivig fiber powder orange 90,0,lactivig,lactivig,lactivig,lactivig,379067.0,lactivig fiber orange powder 90gm,others,lactivig,lactivig fiber orange powder 90,lactivig fiber orange powder 90gm ,0.9999999999999998,0.9999999999999998,0,lactivig fiber powder orange 90gm ,0.0,gm ,gm ,90gm,,,,185,0,,,1,0.9999999999999998
33420,flutiways nasal spray 160md 1s,,others,flutiways nasal,flutiways nasal spray 160md 1s,0,flutiways,flutiways,flutiways,flutiways,369695.0,flutiways nasal spray 16gm,others,flutiways,flutiways nasal spray 16,flutiways nasal spray 16gm ,0.6708203932499369,0.6708203932499369,0,flutiways nasal spray 160md 1s ,2.0,,gm ,160mdi,Mankind Pharma Ltd,,,429,0,,,1,0.6708203932499369
33459,tinilact 3 softgel veg suppositiries 3s,,others,tinilact 3,tinilact 3 softgel veg suppositiries 3s,0,tinilact,tinilact,tinilact,tinilact,326746.0,tinilact 3 softgels 3,others,tinilact,tinilact 3 softgels,tinilact 3 softgels 3 ,0.4714045207910317,0.4714045207910317,0,tinilact 3 softgel veg suppositiries 3s ,2.0,,,3s,Curador Healthcare Pvt Ltd,,,110,0,,,1,0.4714045207910317
33463,mahacef oral drop 10ml,,others,mahacef oral,mahacef oral drops 10,0,mahacef,mahacef,mahacef,mahacef,233848.0,mahacef drops 10ml,others,mahacef,mahacef drops 10,mahacef drops 10ml ,0.8660254037844387,0.8660254037844387,0,mahacef oral drops 10ml ,0.0,ml ,ml ,10ml,Mankind Pharma Ltd,,,57,0,,,1,0.8660254037844387
33479,hyalgan pfs injection 20mg 1s,,injection,hyalgan pfs,hyalgan pfs injection 20 1s,0,hyalgan,hyalgan,hyalgan,hyalgan,212049.0,hyalgan injection 2ml,injection,hyalgan,hyalgan injection 2,hyalgan injection 2ml ,0.5163977794943222,0.5163977794943222,0,hyalgan pfs injection 20mg 1s ,1.0,mg ,ml ,1s,Lupin Ltd,,,1748,0,,,1,0.5163977794943222
33484,raiki eye drop 0.02% 3ml,,others,raiki eye,raiki eye drops 0.02% 3,0,raiki,raiki,raiki,raiki,377180.0,raiki 0.02% eye drop 3ml,others,raiki,raiki 0.02% eye drops 3,raiki 0.02% eye drops 3ml ,1.0000000000000002,1.0000000000000002,0,raiki eye drops 0.02% 3ml ,0.0,ml ,ml ,3ml,Sun Pharmaceutical Industries Ltd,,,495,0,,,1,1.0000000000000002
33536,powercort-s lotion 3% 30ml,,others,powercort s,powercort s lotion 3% 30,0,powercort,powercort,powercort,powercort,373392.0,powercort s lotion 30ml,others,powercort,powercort s lotion 30,powercort s lotion 30ml ,0.8944271909999159,0.8944271909999159,0,powercort s lotion 3% 30ml ,0.0,ml ,ml ,30ml,Glenmark Pharmaceuticals Ltd,,,119,0,,,1,0.8944271909999159
33586,inbilt f solution 5% 60ml,,others,inbilt f,inbilt f solution 5% 60,0,inbilt,inbilt,inbilt,inbilt,383400.0,inbilt-5 topical solution 60ml,others,inbilt,inbilt 5 topical solution 60,inbilt 5 topical solution 60ml ,0.7999999999999998,0.7999999999999998,1,inbilt f solution 5% 60ml ,0.0,ml ,ml ,60ml,Glenmark Pharmaceuticals Ltd,,,780,0,,,1,0.7999999999999998
33596,nestle resource powder high protein 400gm,,others,nestle resource,nestle resource powder high protein 400,0,nestle,nestle,nestle,nestle,251220.0,nestle resource high protein powder 400gm vanilla,others,nestle,nestle resource high protein powder 400 vanilla,nestle resource high protein powder 400gm vanilla ,0.9258200997725514,0.9258200997725514,0,nestle resource powder high protein 400gm ,0.0,gm ,gm ,400gm,Nestle India Limited.,,,949,0,,,1,0.9258200997725514
33678,l hist syp 60ml,,syrup,l hist,l hist syrup 60,1,l,l,l,l,225422.0,l cin syrup 60ml,syrup,l,l cin syrup 60,l cin syrup 60ml ,0.75,0.75,0,l hist syrup 60ml ,0.0,ml ,ml ,60ml,Alkem Laboratories Ltd,,,70,0,,,1,0.75
33699,dexoderm nf cream 15gm,,others,dexoderm nf,dexoderm nf cream 15,0,dexoderm,dexoderm,dexoderm,dexoderm,164974.0,dexoderm cream 15gm,others,dexoderm,dexoderm cream 15,dexoderm cream 15gm ,0.8660254037844387,0.8660254037844387,0,dexoderm nf cream 15gm ,0.0,gm ,gm ,15gm,Micro Labs Ltd,,,85,0,,,1,0.8660254037844387
33723,emgrast pfs injection 300mcg 1s,,injection,emgrast pfs,erast pfs injection 300 1s,0,emgrast,emgrast,emgrast,emgrast,185887.0,emgrast 300mcg injection 1ml,injection,emgrast,erast 300 injection 1,emgrast 300mcg injection 1ml ,0.6708203932499369,0.6708203932499369,0,emgrast pfs injection 300mcg 1s ,1.0,mcg ,ml ,1s,Emcure Pharmaceuticals Ltd,,,1456.24,0,,,1,0.6708203932499369
33724,machaler inhaler,,others,machaler inhaler,machaler inhaler,0,machaler,machaler,machaler,machaler,233260.0,machaler dpi device 1,others,machaler,machaler device 1,machaler device 1 ,0.40824829046386296,0.40824829046386296,0,machaler inhaler ,2.0,,,1s,Macleods Pharmaceuticals Pvt Ltd,,,185,0,,,1,0.40824829046386296
33730,maxvida hphf powder vanilla 400gm,,others,maxvida hphf,maxvida hphf powder vanilla 400,0,maxvida,maxvida,maxvida,maxvida,384570.0,maxvida hphf vanilla powder 400gm,others,maxvida,maxvida hphf vanilla powder 400,maxvida hphf vanilla powder 400gm ,0.9999999999999998,0.9999999999999998,0,maxvida hphf powder vanilla 400gm ,0.0,gm ,gm ,400gm,Modi Mundi Pharma Pvt Ltd,,,1130,0,,,1,0.9999999999999998
33752,rantac mps susp 200ml,,others,rantac mps,rantac mps suspension 200,0,rantac,rantac,rantac,rantac,382464.0,rantac mps elaichi suspension 200ml,others,rantac,rantac mps elaichi suspension 200,rantac mps elaichi suspension 200ml ,0.8944271909999159,0.8944271909999159,0,rantac mps suspension 200ml ,0.0,ml ,ml ,200ml,J B Chemicals,,,130.74,0,,,1,0.8944271909999159
33755,nasoclear nasal drop 20ml,,others,nasoclear nasal,nasoclear nasal drops 20,0,nasoclear,nasoclear,nasoclear,nasoclear,248490.0,nasoclear nasal spray 20ml,others,nasoclear,nasoclear nasal spray 20,nasoclear nasal spray 20ml ,0.75,0.75,0,nasoclear nasal drops 20ml ,0.0,ml ,ml ,20ml,Zydus Cadila,,,55.8,0,,,1,0.75
33758,hyperneb 3% 4ml 1s,,others,hyperneb 3%,hyperneb 3% 4 1s,0,hyperneb,hyperneb,hyperneb,hyperneb,370424.0,hyperneb 3% respules (4ml each) 7n,others,hyperneb,hyperneb 3% respules 4 each 7n,hyperneb 3% respules 4ml each 7n ,0.6123724356957946,0.6123724356957946,0,hyperneb 3% 4ml 1s ,0.0,ml ,ml ,4ml,Cipla Ltd,,,19.8,0,,,1,0.6123724356957946
33827,fulos hp powder choco 200mg,,others,fulos hp,fulos hp powder chocolate 200,0,fulos,fulos,fulos,fulos,380495.0,fulos hp whey protein chocolate power 200gm,others,fulos,fulos hp whey protein chocolate power 200,fulos hp whey protein chocolate power 200gm ,0.6761234037828131,0.6761234037828131,0,fulos hp powder chocolate 200mg ,1.0,mg ,gm ,200gm,OSREN HEALTHCARE PVT.LTD.,,,1396,0,,,1,0.6761234037828131
33833,budate transhaler 200mg 1s,,others,budate transhaler,budate transhaler 200 1s,0,budate,budate,budate,budate,142600.0,budate 200 transhaler 200mdi,others,budate,budate 200 transhaler 200mdi,budate 200 transhaler 200mdi ,0.75,0.75,0,budate transhaler 200mg 1s ,2.0,mg ,,1s,Lupin Ltd,,,396.35,0,,,1,0.75
33933,kidrich d3 solution 60000iu 5ml,,others,kidrich d3,kidrich d3 solution 60000 5,0,kidrich,kidrich,kidrich,kidrich,370938.0,kidrich d3 oral solution 5ml,others,kidrich,kidrich d3 oral solution 5,kidrich d3 oral solution 5ml ,0.7999999999999998,0.7999999999999998,0,kidrich d3 solution 60000iu 5ml ,0.0,ml ,ml ,5ml,Dr Reddy's Laboratories Ltd,,,49.5,0,,,1,0.7999999999999998
33953,tep ad lotion 175ml,,others,tep ad,tep ad lotion 175,0,tep,tep,tep,tep,381565.0,tep ad daily lotion 175ml,others,tep,tep ad daily lotion 175,tep ad daily lotion 175ml ,0.8944271909999159,0.8944271909999159,0,tep ad lotion 175ml ,0.0,ml ,ml ,175ml,INZPERA HEALTHSCIENCES LIMITED,,,775,0,,,1,0.8944271909999159
33957,norvent d syp 100ml,,syrup,norvent d,norvent d syrup 100,1,norvent,norvent,norvent,norvent,255986.0,norvent d cough syrup 100ml,syrup,norvent,norvent d cough syrup 100,norvent d cough syrup 100ml ,0.8944271909999159,0.8944271909999159,0,norvent d syrup 100ml ,0.0,ml ,ml ,100ml,Indchemie Health Specialities Pvt Ltd,,,135,0,,,1,0.8944271909999159
33959,clintal 60k softgel 4s,,others,clintal 60k,clintal 60k softgel 4s,0,clintal,clintal,clintal,clintal,385951.0,clintal 60k capsule 4s,capsule,clintal,clintal 60k 4s,clintal 60k capsule 4s ,0.75,0.75,0,clintal 60k softgel 4s ,2.0,,,4s,LEBONE HEALTHCARE PVT LTD,,,132,1,,,1,0.8660254037844387
34001,cos 3 drop 30ml,,others,cos 3,cos 3 drops 30,0,cos,cos,cos,cos,384633.0,cos 3 mix berries delicious syrup 200ml,syrup,cos,cos 3 mix berries delicious syrup 200,cos 3 mix berries delicious syrup 200ml ,0.3779644730092272,0.3779644730092272,0,cos 3 drops 30ml ,0.0,ml ,ml ,30ml,Delcure Life Sciences,,,351,1,,,1,0.3779644730092272
34005,sparacid o syp 200ml,,syrup,sparacid o,sparacid o syrup 200,1,sparacid,sparacid,sparacid,sparacid,382885.0,sparacid o syrup 100ml,syrup,sparacid,sparacid o syrup 100,sparacid o syrup 100ml ,0.75,0.75,0,sparacid o syrup 200ml ,0.0,ml ,ml ,200ml,Dr Reddy's Laboratories Ltd,,,257.25,0,,,1,0.75
34018,crema ano cream 20gm,,others,crema ano,crema ano cream 20,0,crema,crema,crema,crema,378228.0,crema ano rectal cream 20gm,others,crema,crema ano rectal cream 20,crema ano rectal cream 20gm ,0.8944271909999159,0.8944271909999159,0,crema ano cream 20gm ,0.0,gm ,gm ,20gm,ABBOTT HEALTHCARE PRIVATE LIMITED,,,139.15,0,,,1,0.8944271909999159
33393,dv k plus 10s,,others,dvk plus 10s,dvk plus 10s,0,dvk plus,dvk,dvk,dvk,182690.0,dvk plus capsule 10s,capsule,dvk,dvk plus 10s,dvk plus capsule 10s ,0.8660254037844387,0.8660254037844387,0,dvk plus 10s ,2.0,,,10s,Indchemie Health Specialities Pvt Ltd,,,282,1,,,1,1.0000000000000002
33453,wellgrow gold serum 30ml,,others,wellgrow gold serum,wellgrow gold serum 30,0,wellgrow gold,wellgrow,wellgrow,wellgrow,379758.0,wellgrow gold hair serum 30ml,others,wellgrow,wellgrow gold hair serum 30,wellgrow gold hair serum 30ml ,0.8944271909999159,0.8944271909999159,0,wellgrow gold serum 30ml ,0.0,ml ,ml ,30ml,Brinton Pharmaceuticals Pvt Ltd,,,999,0,,,1,0.8944271909999159
33665,vigoquin lp eye drop 1s,,others,vigoquin lp eye,vigoquin lp eye drops 1s,0,vigoquin lp,vigoquin,vigoquin,vigoquin,337891.0,vigoquin lp eye drop 5ml,others,vigoquin,vigoquin lp eye drops 5,vigoquin lp eye drops 5ml ,0.7999999999999998,0.7999999999999998,0,vigoquin lp eye drops 1s ,2.0,,ml ,1s,Neomedix Healthcare India Private Limited,,,210,0,,,1,0.7999999999999998
33701,normal saline 3% 100ml,,others,normal saline 3%,normal saline 3% 100,0,normal saline,normal,normal,normal,255802.0,normal saline infusion 100ml,others,normal,normal saline infusion 100,normal saline infusion 100ml ,0.75,0.75,0,normal saline 3% 100ml ,0.0,ml ,ml ,100ml,TARA BIOSCIENCES PVT LTD,,,125,0,,,1,0.75
33729,adonis ds silk lotion hydra 150ml,,others,adonis ds silk,adonis ds silk lotion hydra 150,0,adonis ds,adonis,adonis,adonis,379106.0,adonis e gel 15gm,others,adonis,adonis e gel 15,adonis e gel 15gm ,0.20412414523193154,0.20412414523193154,1,adonis ds silk lotion hydra 150ml ,1.0,ml ,gm ,150ml,Adonis Phytoceuticals Pvt Ltd,,,391,0,,,1,0.20412414523193154
33757,cetaphil pro moisturising cream 50ml,,others,cetaphil pro moisturising,cetaphil pro moisturising cream 50,0,cetaphil pro,cetaphil,cetaphil,cetaphil,377252.0,cetaphil pro face moisturising cream 50ml,others,cetaphil,cetaphil pro face moisturising cream 50,cetaphil pro face moisturising cream 50ml ,0.9128709291752768,0.9128709291752768,0,cetaphil pro moisturising cream 50ml ,0.0,ml ,ml ,50ml,Galderma India Pvt Ltd,,,950,0,,,1,0.9128709291752768
33826,zyrol d3 shots solution 5ml,,others,zyrol d3 shots,zyrol d3 shots solution 5,0,zyrol d3,zyrol,zyrol,zyrol,376642.0,zyrol d3 nano shots (each 5ml) orange sugar free 4,others,zyrol,zyrol d3 nano shots each 5 orange sf 4,zyrol d3 nano shots each 5ml orange sf 4 ,0.5962847939999439,0.5962847939999439,0,zyrol d3 shots solution 5ml ,0.0,ml ,ml ,5ml,PICTUS PHARMACEUTICALS PVT LTD,,,304,0,,,1,0.5962847939999439
33837,bioderma atoderm sos spray 50ml,,others,bioderma atoderm sos,bioderma atoderm sos spray 50,0,bioderma atoderm,bioderma,bioderma,bioderma,127115.0,bioderma atoderm cream 200ml,others,bioderma,bioderma atoderm cream 200,bioderma atoderm cream 200ml ,0.4472135954999579,0.4472135954999579,0,bioderma atoderm sos spray 50ml ,0.0,ml ,ml ,50ml,Bioderma Laboratories,,,1399,0,,,1,0.4472135954999579
33856,flomist f nasal spray 120md 1s,,others,flomist f nasal,flomist f nasal spray 120md 1s,0,flomist f,flomist,flomist,flomist,380335.0,flomist f 27.5mcg nasal spray 6g 120md,others,flomist,flomist f 27.5 nasal spray 6g 120md,flomist f 27.5mcg nasal spray 6g 120md ,0.7216878364870323,0.7216878364870323,0,flomist f nasal spray 120md 1s ,2.0,,mcg ,120mdi,Cipla Ltd,,,467.56,0,,,1,0.7216878364870323
33952,tep ad vanilla sachets 1gm 15s,,others,tep ad vanilla,tep ad vanilla sachets 1000 15s,0,tep ad,tep,tep,tep,378872.0,tep ad sachets vanilla 15*1gm,others,tep,tep ad sachets vanilla 15 1000,tep ad sachets vanilla 15 1000mg ,0.8333333333333335,0.8333333333333335,0,tep ad vanilla sachets 1000mg 15s ,0.0,mg ,mg ,15s,INZPERA HEALTHSCIENCES LIMITED,,,749,0,,,1,0.8333333333333335
33965,alex ls expectorant 100ml,,others,alex ls expectorant,alex ls expectorant 100,0,alex ls,alex,alex,alex,377607.0,alex ls suspension 100ml,others,alex,alex ls suspension 100,alex ls suspension 100ml ,0.75,0.75,0,alex ls expectorant 100ml ,0.0,ml ,ml ,100ml,Glenmark Pharmaceuticals Ltd,,,118,0,,,1,0.75
33966,zoray cps spf50 gel 50gm,,others,zoray cps spf50,zoray cps spf50 gel 50,0,zoray cps,zoray,zoray,zoray,380040.0,zoray cps spf 50 gel 50gm,others,zoray,zoray cps spf 50 gel,zoray cps spf 50 gel 50gm ,0.7999999999999998,0.7999999999999998,0,zoray cps spf50 gel 50gm ,0.0,gm ,gm ,50gm,Oaknet Healthcare Pvt Ltd,,,750,0,,,1,0.7999999999999998
33996,truderma face wash 150ml,,others,truderma face wash,truderma face wash 150,0,truderma face,truderma,truderma,truderma,385709.0,truderma regen night repair serum 50ml,others,truderma,truderma regen night repair serum 50,truderma regen night repair serum 50ml ,0.20412414523193154,0.20412414523193154,0,truderma face wash 150ml ,0.0,ml ,ml ,150ml,Regaliz India Ltd,,,439,0,,,1,0.20412414523193154
34011,himalaya cystone sf syrup 200ml,,syrup,himalaya cystone sf,himalaya cystone sf syrup 200,1,himalaya cystone,himalaya,himalaya,himalaya,210855.0,himalaya cystone syrup 200ml,syrup,himalaya,himalaya cystone syrup 200,himalaya cystone syrup 200ml ,0.8944271909999159,0.8944271909999159,0,himalaya cystone sf syrup 200ml ,0.0,ml ,ml ,200ml,Himalaya Drug Company,,,150,0,,,1,0.8944271909999159
33343,fast&up daily protein vanilla 150gm,,others,fast&up daily protein vanilla,fast&up daily protein vanilla 150,0,fast&up daily protein,fast&up daily,fast&up,fast&up,192122.0,fast&up vegan sports energy gel 150gm strawberry banana,others,fast&up,fast&up vegan sports energy gel 150 strawberry banana,fast&up vegan sports energy gel 150gm strawberry banana ,0.4082482904638631,0.4082482904638631,0,fast&up daily protein vanilla 150gm ,0.0,gm ,gm ,150gm,AERONUTRIX SPORTS LTD,,,499,0,,,1,0.4082482904638631
33355,neem ayu anti dandruff shampoo 200ml,,others,neem ayu anti dandruff,neem ayu anti dandruff shampoo 200,0,neem ayu anti,neem ayu,neem,neem,381991.0,neem herbal toothpaste 200mg,others,neem,neem herbal toothpaste 200,neem herbal toothpaste 200mg ,0.4082482904638631,0.4082482904638631,0,neem ayu anti dandruff shampoo 200ml ,1.0,ml ,mg ,200ml,MOHINI PHARMACITICULES,,,599,0,,,1,0.4082482904638631
33362,neem ayu anti dandruff oil 100ml,,others,neem ayu anti dandruff,neem ayu anti dandruff oil 100,0,neem ayu anti,neem ayu,neem,neem,381963.0,neem herbal tooth paste 100gm,others,neem,neem herbal toothpaste 100,neem herbal toothpaste 100gm ,0.4082482904638631,0.4082482904638631,0,neem ayu anti dandruff oil 100ml ,1.0,ml ,gm ,100ml,MOHINI PHARMACITICULES,,,449,0,,,1,0.4082482904638631
33422,ketoplast patch 7cm 7s,,others,ketoplast patch 7cm 7s,ketoplast patch 7cm 7s,0,ketoplast patch 7cm,ketoplast patch,ketoplast,ketoplast,221265.0,ketoplast patch 7,others,ketoplast,ketoplast patch 7,ketoplast patch 7 ,0.5773502691896258,0.5773502691896258,0,ketoplast patch 7cm 7s ,2.0,,,7s,Zuventus Healthcare Ltd,,,399,0,,,1,0.5773502691896258
33589,budamate neb respule 5*2ml,,others,budamate neb respule 5,budamate neb respule 5 2,0,budamate neb respule,budamate neb,budamate,budamate,142595.0,budamate neb 0.5mg respules 2ml 7,others,budamate,budamate neb 0.5 respules 2 7,budamate neb 0.5mg respules 2ml 7 ,0.6761234037828131,0.6761234037828131,0,budamate neb respule 5 2ml ,0.0,ml ,ml ,5*2ml,Lupin Ltd,,,411,0,,,1,0.6761234037828131
33617,manforce xoticâ condom chocolate 10s,,others,manforce xoticâ condom chocolate 10s,manforce xoticâ condom chocolate 10s,0,manforce xoticâ condom chocolate,manforce xoticâ condom,manforce,manforce,377407.0,manforce xotic premium chocolate condom 10s,others,manforce,manforce xotic premium chocolate condom 10s,manforce xotic premium chocolate condom 10s ,0.7302967433402214,0.7302967433402214,0,manforce xoticâ condom chocolate 10s ,2.0,,,10s,Mankind Pharma Ltd,,,90,0,,,1,0.7302967433402214
33618,manforce xoticâ condom chocolate 20s,,others,manforce xoticâ condom chocolate 20s,manforce xoticâ condom chocolate 20s,0,manforce xoticâ condom chocolate,manforce xoticâ condom,manforce,manforce,377423.0,manforce wild chocolate condom 20s,others,manforce,manforce wild chocolate condom 20s,manforce wild chocolate condom 20s ,0.7999999999999998,0.7999999999999998,0,manforce xoticâ condom chocolate 20s ,2.0,,,20s,Mankind Pharma Ltd,,,180,0,,,1,0.7999999999999998
33703,pyx proxy floss 1s,,others,pyx proxy floss 1s,pyx proxy floss 1s,0,pyx proxy floss,pyx proxy,pyx,pyx,283257.0,pyx proxy floss 25,others,pyx,pyx proxy floss 25,pyx proxy floss 25 ,0.75,0.75,0,pyx proxy floss 1s ,2.0,,,1s,SANDHIKA PHARMACEUTICALS LTD,,,85,0,,,1,0.75
33731,dabur honitus adulsa cough syp 100ml,,syrup,dabur honitus adulsa cough,dabur honitus adulsa cough syrup 100,1,dabur honitus adulsa,dabur honitus,dabur,dabur,363551.0,dabur honitus herbal cough remedy 100ml,others,dabur,dabur honitus herbal cough remedy 100,dabur honitus herbal cough remedy 100ml ,0.6666666666666667,0.6666666666666667,0,dabur honitus adulsa cough syrup 100ml ,0.0,ml ,ml ,100ml,Dabur India Limited,,,90,1,,,1,0.6666666666666667
33754,freestyle libre reader 1s,,others,freestyle libre reader 1s,freestyle libre reader 1s,0,freestyle libre reader,freestyle libre,freestyle,freestyle,197981.0,freestyle librepro reader 1,others,freestyle,freestyle librepro reader 1,freestyle librepro reader 1 ,0.5,0.5,0,freestyle libre reader 1s ,2.0,,,1s,ABBOTT HEALTHCARE PRIVATE LIMITED,,,5499,0,,,1,0.5
33803,strepsils lozenges sugar free 8s,,others,strepsils lozenges sf 8s,strepsils lozenges sf 8s,0,strepsils lozenges sf,strepsils lozenges,strepsils,strepsils,381201.0,strepsils lozenges orange 8s,others,strepsils,strepsils lozenges orange 8s,strepsils lozenges orange 8s ,0.75,0.75,0,strepsils lozenges sf 8s ,2.0,,,8s,Reckitt Benckiser (india) Ltd.,,,48,0,,,1,0.75
33989,colgate toothpaste kids strawberry 80gm,,others,colgate toothpaste paediatric strawberry,colgate toothpaste paediatric strawberry 80,0,colgate toothpaste paediatric,colgate toothpaste,colgate,colgate,156698.0,colgate kids barbie toothpaste 80gm strawberry,others,colgate,colgate paediatric barbie toothpaste 80 strawberry,colgate paediatric barbie toothpaste 80gm strawberry ,0.9128709291752768,0.9128709291752768,0,colgate toothpaste paediatric strawberry 80gm ,0.0,gm ,gm ,80gm,Colgate Palmolive India Ltd.,,,128,0,,,1,0.9128709291752768
33356,neem ayu anti hair fall shampoo 200ml,,others,neem ayu anti hair fall,neem ayu anti hair fall shampoo 200,0,neem ayu anti hair,neem ayu anti,neem ayu,neem,381991.0,neem herbal toothpaste 200mg,others,neem,neem herbal toothpaste 200,neem herbal toothpaste 200mg ,0.3779644730092272,0.3779644730092272,0,neem ayu anti hair fall shampoo 200ml ,1.0,ml ,mg ,200ml,MOHINI PHARMACITICULES,,,599,0,,,1,0.3779644730092272
33359,neem ayu anti hair fall oil 100ml,,others,neem ayu anti hair fall,neem ayu anti hair fall oil 100,0,neem ayu anti hair,neem ayu anti,neem ayu,neem,381963.0,neem herbal tooth paste 100gm,others,neem,neem herbal toothpaste 100,neem herbal toothpaste 100gm ,0.3779644730092272,0.3779644730092272,0,neem ayu anti hair fall oil 100ml ,1.0,ml ,gm ,100ml,MOHINI PHARMACITICULES,,,449,0,,,1,0.3779644730092272
33454,long drive ds gold 4s,,others,long drive ds gold 4s,long drive ds gold 4s,0,long drive ds gold,long drive ds,long drive,long,371297.0,long drive gold tablet 4s,tablet,long,long drive gold 4s,long drive gold tablet 4s ,0.7999999999999998,0.7999999999999998,1,long drive ds gold 4s ,2.0,,,4s,Leeford Healthcare,,,230,1,,,1,0.8944271909999159
33483,whisper bindazzz nights xl+ 30s,,others,whisper bindazzz nights xl+ 30s,whisper bindazzz nights xl+ 30s,0,whisper bindazzz nights xl+,whisper bindazzz nights,whisper bindazzz,whisper,376242.0,whisper bindazzz nights pads xl+ 30s,others,whisper,whisper bindazzz nights pads xl+ 30s,whisper bindazzz nights pads xl+ 30s ,0.9128709291752768,0.9128709291752768,0,whisper bindazzz nights xl+ 30s ,2.0,,,30s,Procter & Gamble Hygiene and Health Care Ltd,,,380,0,,,1,0.9128709291752768
33601,gas o fast active jeera 6x5gm,,others,gas o fast active jeera,gas o fast active jeera 6x5,0,gas o fast active,gas o fast,gas o,gas,377433.0,gas o fast active jeera sachet 5gm,others,gas,gas o fast active jeera sachet 5,gas o fast active jeera sachet 5gm ,0.7715167498104595,0.7715167498104595,0,gas o fast active jeera 6x5gm ,0.0,gm ,gm ,6*5gm,Mankind Pharma Ltd,,,60,0,,,1,0.7715167498104595
33602,gas o fast lemon flavour 6x5gm,,others,gas o fast lemon flavour,gas o fast lemon flavour 6x5,0,gas o fast lemon,gas o fast,gas o,gas,199777.0,gas o fast sachet 5gm lemon,others,gas,gas o fast sachet 5 lemon,gas o fast sachet 5gm lemon ,0.6666666666666667,0.6666666666666667,0,gas o fast lemon flavour 6x5gm ,0.0,gm ,gm ,6*5gm,Mankind Pharma Ltd,,,60,0,,,1,0.6666666666666667
33615,manforce xotic condom strawberry 20s,,others,manforce xotic condom strawberry 20s,manforce xotic condom strawberry 20s,0,manforce xotic condom strawberry,manforce xotic condom,manforce xotic,manforce,377422.0,manforce wild strawberry condom 20s,others,manforce,manforce wild strawberry condom 20s,manforce wild strawberry condom 20s ,0.7999999999999998,0.7999999999999998,0,manforce xotic condom strawberry 20s ,2.0,,,20s,Mankind Pharma Ltd,,,180,0,,,1,0.7999999999999998
33658,biotique fruit brightening face wash 150 ml,,others,biotique fruit brightening face wash,biotique fruit brightening face wash 150,0,biotique fruit brightening face,biotique fruit brightening,biotique fruit,biotique,127850.0,biotique bio white whitening & brightening face wash 150ml,others,biotique,biotique bio white whitening & brightening face wash 150,biotique bio white whitening & brightening face wash 150ml ,0.7216878364870323,0.7216878364870323,0,biotique fruit brightening face wash 150ml ,0.0,ml ,ml ,150ml,BIO VEDA ACTION RESERCH COMPNEY,,,170,0,,,1,0.7216878364870323
33342,ketofly soap 75gm,,others,ketofly,ketofly soap 75,0,ketofly,ketofly,ketofly,ketofly,221173.0,ketofly soap 75gm,others,ketofly,ketofly soap 75,ketofly soap 75gm ,,,0,ketofly soap 75gm ,,,,75gm,Leeford Healthcare,,,110,0,0.0,0.0,1,
33389,renerve plus injection 2ml,,injection,renerve plus,renerve plus injection 2,0,renerve,renerve,renerve,renerve,289135.0,renerve plus injection 2ml,injection,renerve,renerve plus injection 2,renerve plus injection 2ml ,,,0,renerve plus injection 2ml ,,,,2ml,Strides shasun Ltd,,,122.85,0,0.0,0.0,1,
33392,duobrom eye drop 5ml,,others,duobrom eye,duobrom eye drops 5,0,duobrom,duobrom,duobrom,duobrom,182186.0,duobrom eye drops 5ml,others,duobrom,duobrom eye drops 5,duobrom eye drops 5ml ,,,0,duobrom eye drops 5ml ,,,,5ml,Ajanta Pharma Ltd,,,201,0,0.0,0.0,1,
33394,sebonac face wash 75gm,,others,sebonac face wash,sebonac face wash 75,0,sebonac face,sebonac,sebonac,sebonac,309305.0,sebonac face wash 75gm,others,sebonac,sebonac face wash 75,sebonac face wash 75gm ,,,0,sebonac face wash 75gm ,,,,75gm,Glowderma Labs Pvt Ltd,,,245,0,0.0,0.0,1,
33424,cotaryl 3d cream 50gm,,others,cotaryl 3d,cotaryl 3d cream 50,0,cotaryl,cotaryl,cotaryl,cotaryl,378941.0,cotaryl 3d cream 50gm,others,cotaryl,cotaryl 3d cream 50,cotaryl 3d cream 50gm ,,,0,cotaryl 3d cream 50gm ,,,,50gm,FDC Ltd,,,170,0,0.0,0.0,1,
33440,trichospire hair growth serum 60ml,,others,trichospire hair growth serum,trichospire hair growth serum 60,0,trichospire hair growth,trichospire hair,trichospire,trichospire,385536.0,trichospire hair growth serum 60ml,others,trichospire,trichospire hair growth serum 60,trichospire hair growth serum 60ml ,,,0,trichospire hair growth serum 60ml ,,,,60ml,Influx Healthcare,,,1990,0,0.0,0.0,1,
33446,moov strong gel 15gm,,others,moov strong,moov strong gel 15,0,moov,moov,moov,moov,377464.0,moov strong gel 15gm,others,moov,moov strong gel 15,moov strong gel 15gm ,,,0,moov strong gel 15gm ,,,,15gm,Reckitt Benckiser (india) Ltd.,,,75,0,0.0,0.0,1,
33466,cosvate s lotion 30ml,,others,cosvate s,cosvate s lotion 30,0,cosvate,cosvate,cosvate,cosvate,158622.0,cosvate s lotion 30ml,others,cosvate,cosvate s lotion 30,cosvate s lotion 30ml ,,,0,cosvate s lotion 30ml ,,,,30ml,Oaknet Healthcare Pvt Ltd,,,172.77,0,0.0,0.0,1,
33468,zivimox eye drop 5ml,,others,zivimox eye,zivimox eye drops 5,0,zivimox,zivimox,zivimox,zivimox,348888.0,zivimox eye drop 5ml,others,zivimox,zivimox eye drops 5,zivimox eye drops 5ml ,,,0,zivimox eye drops 5ml ,,,,5ml,Zivira Labs Pvt Ltd,,,145,0,0.0,0.0,1,
33485,planokuf syp 60ml,,syrup,planokuf,planokuf syrup 60,1,planokuf,planokuf,planokuf,planokuf,277281.0,planokuf syrup 60ml,syrup,planokuf,planokuf syrup 60,planokuf syrup 60ml ,,,0,planokuf syrup 60ml ,,,,60ml,Shreya Life Sciences Pvt Ltd,,,117.05,0,0.0,0.0,1,
33486,clop s nano lotion 20ml,,others,clop s nano,clop s nano lotion 20,0,clop s,clop,clop,clop,155248.0,clop s nano lotion 20ml,others,clop,clop s nano lotion 20,clop s nano lotion 20ml ,,,0,clop s nano lotion 20ml ,,,,20ml,Liva Healthcare,,,231.55,0,0.0,0.0,1,
33505,sucrafil ano cream 20gm,,others,sucrafil ano,sucrafil ano cream 20,0,sucrafil,sucrafil,sucrafil,sucrafil,379816.0,sucrafil ano cream 20gm,others,sucrafil,sucrafil ano cream 20,sucrafil ano cream 20gm ,,,0,sucrafil ano cream 20gm ,,,,20gm,Fourrts India Laboratories Pvt Ltd,,,127,0,0.0,0.0,1,
33511,cicatrix cream 50ml,,others,cicatrix,cicatrix cream 50,0,cicatrix,cicatrix,cicatrix,cicatrix,151658.0,cicatrix cream 50ml,others,cicatrix,cicatrix cream 50,cicatrix cream 50ml ,,,0,cicatrix cream 50ml ,,,,50ml,Kshipra Health Solutions,,,5990,0,0.0,0.0,1,
33516,digene ultra fizz orange powder 6.25gm,,others,digene ultra fizz orange,digene ultra fizz orange powder 6.25,0,digene ultra fizz,digene ultra,digene,digene,368714.0,digene ultra fizz orange powder 6.25gm,others,digene,digene ultra fizz orange powder 6.25,digene ultra fizz orange powder 6.25gm ,,,0,digene ultra fizz orange powder 6.25gm ,,,,6.25gm,ABBOTT HEALTHCARE PRIVATE LIMITED,,,10,0,0.0,0.0,1,
33532,cremadiet plus powder 100gm,,others,cremadiet plus,cremadiet plus powder 100,0,cremadiet,cremadiet,cremadiet,cremadiet,159118.0,cremadiet plus powder 100gm,others,cremadiet,cremadiet plus powder 100,cremadiet plus powder 100gm ,,,0,cremadiet plus powder 100gm ,,,,100gm,ABBOTT HEALTHCARE PRIVATE LIMITED,,,203.5,0,0.0,0.0,1,
33552,clenia face wash 100ml,,others,clenia face wash,clenia face wash 100,0,clenia face,clenia,clenia,clenia,367942.0,clenia face wash 100gm,others,clenia,clenia face wash 100,clenia face wash 100gm ,,,0,clenia face wash 100ml ,,,,100ml,Ajanta Pharma Ltd,,,485,0,0.0,0.0,1,
33555,caladryl lotion 65ml,,others,caladryl,caladryl lotion 65,0,caladryl,caladryl,caladryl,caladryl,367515.0,caladryl lotion 65ml,others,caladryl,caladryl lotion 65,caladryl lotion 65ml ,,,0,caladryl lotion 65ml ,,,,65ml,Piramal Healthcare Limited,,,55.63,0,0.0,0.0,1,
33653,zendril syrup 100ml,,syrup,zendril,zendril syrup 100,1,zendril,zendril,zendril,zendril,346705.0,zendril syrup 100ml,syrup,zendril,zendril syrup 100,zendril syrup 100ml ,,,0,zendril syrup 100ml ,,,,100ml,ZEN LABS INDIA,,,87,0,0.0,0.0,1,
33700,polyclav ds dry syp 30ml,,syrup,polyclav ds dry,polyclav ds dry syrup 30,1,polyclav ds,polyclav,polyclav,polyclav,277999.0,polyclav ds dry syrup 30ml,syrup,polyclav,polyclav ds dry syrup 30,polyclav ds dry syrup 30ml ,,,0,polyclav ds dry syrup 30ml ,,,,30ml,Macleods Pharmaceuticals Pvt Ltd,,,142.5,0,0.0,0.0,1,
33721,kamkuff syp 100ml,,syrup,kamkuff,kamkuff syrup 100,1,kamkuff,kamkuff,kamkuff,kamkuff,378459.0,kamkuff syrup 100ml,syrup,kamkuff,kamkuff syrup 100,kamkuff syrup 100ml ,,,0,kamkuff syrup 100ml ,,,,100ml,,,,99,0,0.0,0.0,1,
33725,healsenz oint 30gm,,others,healsenz ointment,healsenz ointment 30,0,healsenz,healsenz,healsenz,healsenz,379845.0,healsenz ointment 30gm,others,healsenz,healsenz ointment 30,healsenz ointment 30gm ,,,0,healsenz ointment 30gm ,,,,30gm,Eris Lifesciences Ltd,,,218.9,0,0.0,0.0,1,
33726,acnethro soap 100gm,,others,acnethro,acnethro soap 100,0,acnethro,acnethro,acnethro,acnethro,102953.0,acnethro soap 100gm,others,acnethro,acnethro soap 100,acnethro soap 100gm ,,,0,acnethro soap 100gm ,,,,100gm,Salve Pharmaceuticals Pvt Ltd,,,147,0,0.0,0.0,1,
33739,lureglo serum 20ml,,others,lureglo serum,lureglo serum 20,0,lureglo,lureglo,lureglo,lureglo,232337.0,lureglo serum 20gm,others,lureglo,lureglo serum 20,lureglo serum 20gm ,,,0,lureglo serum 20ml ,,,,20ml,Rockmed Pharma Pvt. Ltd,,,580,0,0.0,0.0,1,
33772,vantej aqua mouth wash 100ml,,others,vantej aqua mouth wash,vantej aqua mouth wash 100,0,vantej aqua mouth,vantej aqua,vantej,vantej,383125.0,vantej aqua mouth wash 100ml,others,vantej,vantej aqua mouth wash 100,vantej aqua mouth wash 100ml ,,,0,vantej aqua mouth wash 100ml ,,,,100ml,Dr Reddy's Laboratories Ltd,,,150,0,0.0,0.0,1,
33773,metasone plus cream 15gm,,others,metasone plus,metasone plus cream 15,0,metasone,metasone,metasone,metasone,239357.0,metasone plus cream 15gm,others,metasone,metasone plus cream 15,metasone plus cream 15gm ,,,0,metasone plus cream 15gm ,,,,15gm,Talent India,,,165,0,0.0,0.0,1,
33819,eucalyptus oil 15ml,,others,eucalyptus,eucalyptus oil 15,0,eucalyptus,eucalyptus,eucalyptus,eucalyptus,381746.0,eucalyptus oil 15ml,others,eucalyptus,eucalyptus oil 15,eucalyptus oil 15ml ,,,0,eucalyptus oil 15ml ,,,,15ml,ASHWIN FINE CHEMICALS,,,200,0,0.0,0.0,1,
33825,tobaflam eye drop 5ml,,others,tobaflam eye,tobaflam eye drops 5,0,tobaflam,tobaflam,tobaflam,tobaflam,327067.0,tobaflam eye drop 5ml,others,tobaflam,tobaflam eye drops 5,tobaflam eye drops 5ml ,,,0,tobaflam eye drops 5ml ,,,,5ml,Cipla Ltd,,,196.31,0,0.0,0.0,1,
33851,acunus gel 20ml,,others,acunus,acunus gel 20,0,acunus,acunus,acunus,acunus,379124.0,acunus gel 20ml,others,acunus,acunus gel 20,acunus gel 20ml ,,,0,acunus gel 20ml ,,,,20ml,,,,475,0,0.0,0.0,1,
33853,mucomyst spray 100ml,,others,mucomyst,mucomyst spray 100,0,mucomyst,mucomyst,mucomyst,mucomyst,379374.0,mucomyst spray 100ml,others,mucomyst,mucomyst spray 100,mucomyst spray 100ml ,,,0,mucomyst spray 100ml ,,,,100ml,,,,1440,0,0.0,0.0,1,
33911,strata xrt gel 20gm,,others,strata xrt,strata xrt gel 20,0,strata,strata,strata,strata,381581.0,strata xrt gel 20gm,others,strata,strata xrt gel 20,strata xrt gel 20gm ,,,0,strata xrt gel 20gm ,,,,20gm,Dr Reddy's Laboratories Ltd,,,3500,0,0.0,0.0,1,
33915,montina l syrup 30ml,,syrup,montina l,montina l syrup 30,1,montina,montina,montina,montina,243801.0,montina l syrup 30ml,syrup,montina,montina l syrup 30,montina l syrup 30ml ,,,0,montina l syrup 30ml ,,,,30ml,Aristo Pharmaceuticals Pvt Ltd,,,43.7,0,0.0,0.0,1,
33918,alight plus gel 15gm,,others,alight plus,alight plus gel 15,0,alight,alight,alight,alight,108184.0,alight plus gel 15gm,others,alight,alight plus gel 15,alight plus gel 15gm ,,,0,alight plus gel 15gm ,,,,15gm,Leeford Healthcare,,,145,0,0.0,0.0,1,
33934,abetanate cream 30gm,,others,abetanate,abetanate cream 30,0,abetanate,abetanate,abetanate,abetanate,366141.0,abetanate cream 30gm,others,abetanate,abetanate cream 30,abetanate cream 30gm ,,,0,abetanate cream 30gm ,,,,30gm,ABETAR HEALTHCARE,,,120,0,0.0,0.0,1,
33971,hemolit cream 30gm,,others,hemolit,hemolit cream 30,0,hemolit,hemolit,hemolit,hemolit,209407.0,hemolit cream 30gm,others,hemolit,hemolit cream 30,hemolit cream 30gm ,,,0,hemolit cream 30gm ,,,,30gm,Macleods Pharmaceuticals Pvt Ltd,,,137.5,0,0.0,0.0,1,
34014,reshed v solution 5ml,,others,reshed v,reshed v solution 5,0,reshed,reshed,reshed,reshed,382803.0,reshed v solution 5ml,others,reshed,reshed v solution 5,reshed v solution 5ml ,,,0,reshed v solution 5ml ,,,,5ml,,,,895,0,0.0,0.0,1,
