item_code,brand_x,Master Catalogue name,medicine_type_x,exp_sku_brand,mod_brand,count_tab,exp_sku_brand2,exp_sku_brand3,exp_sku_brand4,id,brand_y,medicine_type_y,sku_brand,new_brand,new_brand2,cosine,max_cosine,quantity_x,quantity_y,quantity_flag,mod_brand2,uom_flag,uom_x,uom_y,strength_flag,strength_x,strength_y,salt_flag,pack,manufacturer,catg,subcatg,mrp,count,mod_cosine
33344,tofatas xr tab 11mg 10s,,tablet,tofatas,tofatas 11 10s,1.0,tofatas,tofatas,tofatas,375313.0,tofatas tablet 10s,tablet,tofatas,tofatas 10s,tofatas tablet 10s,0.8164965809277259,0.8164965809277259,10,10,0.0,tofatas tablet 11mg 10s,2.0,mg ,,2.0,11,,0,10s,Intas Pharmaceuticals Ltd,,,530,1,0.8164965809277259
33465,amlozaar tab 15s,,tablet,amlozaar,aozaar 15s,1.0,amlozaar,amlozaar,amlozaar,377893.0,amlozaar h tablet 15s,tablet,amlozaar,aozaar h 15s,amlozaar h tablet 15s,0.8164965809277259,0.8164965809277259,15,15,0.0,amlozaar tablet 15s,2.0,,,2.0,,,0,15s,Micro Labs Ltd,,,249,1,0.8164965809277259
33510,zapiz tab 0.5mg 20s,,tablet,zapiz,zapiz 0.5 20s,1.0,zapiz,zapiz,zapiz,345935.0,zapiz 0.5 tablet 10s,tablet,zapiz,zapiz 0.5 10s,zapiz 0.5 tablet 10s,0.75,0.75,20,10,1.0,zapiz tablet 0.5mg 20s,2.0,mg ,,2.0,0.5,,0,20s,Intas Pharmaceuticals Ltd,,,77.5,1,0.75
33518,troxip tab 100mg 10s,,tablet,troxip,troxip 100 10s,1.0,troxip,troxip,troxip,330659.0,troxip tablet 10s,tablet,troxip,troxip 10s,troxip tablet 10s,0.8164965809277259,0.8164965809277259,10,10,0.0,troxip tablet 100mg 10s,2.0,mg ,,2.0,100,,0,10s,Zuventus Healthcare Ltd,,,117.95,1,0.8164965809277259
33594,tilstigmin tab 15mg 10s,,tablet,tilstigmin,tilstiin 15 10s,1.0,tilstigmin,tilstigmin,tilstigmin,326582.0,tilstigmin tablet 10s,tablet,tilstigmin,tilstiin 10s,tilstigmin tablet 10s,0.8164965809277259,0.8164965809277259,10,10,0.0,tilstigmin tablet 15mg 10s,2.0,mg ,,0.0,tilsti,tilsti,0,10s,Aristo Pharmaceuticals Pvt Ltd,,,55.47,1,0.8164965809277259
33636,mypar 500 tab 10s,,tablet,mypar,mypar 500 10s,1.0,mypar,mypar,mypar,247337.0,mypar 500mg tablet 1000s,tablet,mypar,mypar 500 1000s,mypar 500mg tablet 1000s,0.6666666666666667,0.6666666666666667,10,1000,1.0,mypar 500 tablet 10s,2.0,,mg ,2.0,,500,0,10s,Dr Morepen Labs Ltd,,,11.31,1,0.6666666666666667
33671,carvidon mr tab 15s,,tablet,carvidon,carvidon 15s,1.0,carvidon,carvidon,carvidon,146113.0,carvidon  mr tablet 10s,tablet,carvidon,carvidon 10s,carvidon tablet 10s,0.4999999999999999,0.4999999999999999,15,10,1.0,carvidon tablet 15s,2.0,,,2.0,,,0,15s,Micro Labs Ltd,,,234,1,0.4999999999999999
33854,mycolon sr tab 200mg 10s,,tablet,mycolon,mycolon 200 10s,1.0,mycolon,mycolon,mycolon,379896.0,mycolon tablet 10s,tablet,mycolon,mycolon 10s,mycolon tablet 10s,0.8164965809277259,0.8164965809277259,10,10,0.0,mycolon tablet 200mg 10s,2.0,mg ,,2.0,200,,0,10s,WATERLEY PHARMACEUTICALS PVT LTD,,,195,1,0.8164965809277259
33860,sitabite tab 100mg 10s,,tablet,si,si tabletites 100 10s,2.0,si,si,si,311654.0,si fixim 100mg tablet dt 10s,tablet,si,si fixim 100 10s,si fixim 100mg tablet 10s,0.75,0.75,10,10,0.0,si tabletites 100mg 10s,0.0,mg ,mg ,0.0,100,100,0,10s,Corona Remedies Pvt Ltd,,,99,1,0.75
33976,zapiz tab 0.25mg 20s,,tablet,zapiz,zapiz 0.25 20s,1.0,zapiz,zapiz,zapiz,345934.0,zapiz 0.25 tablet 10s,tablet,zapiz,zapiz 0.25 10s,zapiz 0.25 tablet 10s,0.75,0.75,20,10,1.0,zapiz tablet 0.25mg 20s,2.0,mg ,,2.0,0.25,,0,20s,Intas Pharmaceuticals Ltd,,,34.48,1,0.75
33982,kerashine tab 15s,,tablet,kerashine,kerashine 15s,1.0,kerashine,kerashine,kerashine,220984.0,kerashine tablet 10s,tablet,kerashine,kerashine 10s,kerashine tablet 10s,0.4999999999999999,0.4999999999999999,15,10,1.0,kerashine tablet 15s,2.0,,,2.0,,,0,15s,Butson Bioscience,,,15s,1,0.4999999999999999
33990,azulix tab 2mg 15s,,tablet,azulix,azulix 2 15s,1.0,azulix,azulix,azulix,361891.0,azulix 2 mf tablet pr 15s,tablet,azulix,azulix 2 mf 15s,azulix 2 mf tablet 15s,0.8660254037844387,0.8660254037844387,15,15,0.0,azulix tablet 2mg 15s,2.0,mg ,,2.0,2,,0,15s,Torrent Pharmaceuticals Ltd,,,57.23,1,0.8660254037844387
33354,vildapride d tab 10/100mg 10s,,tablet,vildapride d,vildapride d 10/100 10s,1.0,vildapride,vildapride,vildapride,377994.0,vildapride d 100mg/10mg tablet 10s,tablet,vildapride,vildapride d 100/10 10s,vildapride d 100mg/10mg tablet 10s,0.9999999999999998,0.9999999999999998,10,10,0.0,vildapride d tablet 10/100mg 10s,0.0,mg ,mg ,1.0,10/100,100,0,10s,Micro Labs Ltd,,,250,1,0.9999999999999998
33388,tripride forte tab 1mg 15s,,tablet,tripride forte,tripride forte 1 15s,1.0,tripride,tripride,tripride,330197.0,tripride 1 tablet sr 15s,tablet,tripride,tripride 1 15s,tripride 1 tablet 15s,0.8660254037844387,0.8660254037844387,15,15,0.0,tripride forte tablet 1mg 15s,2.0,mg ,,2.0,1,,1,15s,Micro Labs Ltd,,,165,1,0.8660254037844387
33444,sat k2 tab 10s,,tablet,sat k2,sat k2 10s,1.0,sat,sat,sat,374388.0,sat k2 7 tablet 10s,tablet,sat,sat k2 7 10s,sat k2 7 tablet 10s,0.8660254037844387,0.8660254037844387,10,10,0.0,sat k2 tablet 10s,2.0,,,2.0,,,0,10s,SAT PHARMA,,,275,1,0.8660254037844387
33452,moktel woman tab 10s,,tablet,moktel woman,moktel woman 10s,1.0,moktel,moktel,moktel,242916.0,moktel tablet 10s,tablet,moktel,moktel 10s,moktel tablet 10s,0.8164965809277259,0.8164965809277259,10,10,0.0,moktel woman tablet 10s,2.0,,,2.0,,,0,10s,KEPLER HEALTHCARE PVT LTD,,,238,1,0.8164965809277259
33487,ctd mt tab 6.25/25/40mg 10s,,tablet,ctd mt,ctd mt 6.25/25/40 10s,1.0,ctd,ctd,ctd,377974.0,ctd mt 6.25mg/25mg/40mg tablet 10s.,tablet,ctd,ctd mt 6.25/25/40 10s.,ctd mt 6.25mg/25mg/40mg tablet 10s.,1.0,1.0,10,10,0.0,ctd mt tablet 6.25/25/40mg 10s,0.0,mg ,mg ,1.0,6.25/25/40,6.25,0,10s,Ipca Laboratories Ltd,,,110.4,1,1.0
33506,pregiva nt tab 10/75mg 10s,,tablet,pregiva nt,pregiva nt 10/75 10s,1.0,pregiva,pregiva,pregiva,373466.0,pregiva nt tablet 10s,tablet,pregiva,pregiva nt 10s,pregiva nt tablet 10s,0.7745966692414834,0.7745966692414834,10,10,0.0,pregiva nt tablet 10/75mg 10s,2.0,mg ,,2.0,10/75,,0,10s,Kuresys Labs,,,180,1,0.7745966692414834
33521,mg or tab 500mg 30s,,tablet,mg or,or 500 30s,1.0,mg,mg,mg,371863.0,mg or tablet 30s,tablet,mg,or 30s,mg or tablet 30s,0.8164965809277259,0.8164965809277259,30,30,0.0,mg or tablet 500mg 30s,0.0,mg ,mg ,2.0,,,0,30s,NUTRILIFE INDIA PVT LTD,,,510,1,0.8164965809277259
33673,rado qz tab 10s,,tablet,rado qz,rado qz 10s,1.0,rado,rado,rado,285940.0,rado q tablet 10s,tablet,rado,rado q 10s,rado q tablet 10s,0.6666666666666667,0.6666666666666667,10,10,0.0,rado qz tablet 10s,2.0,,,2.0,,,0,10s,Radicool Pharmaceutical Pvt Ltd,,,595,1,0.6666666666666667
33715,corbis t tab 2.5mg 10s,,tablet,corbis t,corbis t 2.5 10s,1.0,corbis,corbis,corbis,157960.0,corbis 2.5 tablet 10s,tablet,corbis,corbis 2.5 10s,corbis 2.5 tablet 10s,0.8944271909999159,0.8944271909999159,10,10,0.0,corbis t tablet 2.5mg 10s,2.0,mg ,,2.0,2.5,,1,10s,Torrent Pharmaceuticals Ltd,,,120,1,0.8944271909999159
33734,lanum c tab 500mg 10s,,tablet,lanum c,lanum c 500 10s,1.0,lanum,lanum,lanum,224753.0,lanum c tablet 10s,tablet,lanum,lanum c 10s,lanum c tablet 10s,0.8660254037844387,0.8660254037844387,10,10,0.0,lanum c tablet 500mg 10s,2.0,mg ,,2.0,500,,0,10s,La Renon Healthcare Pvt Ltd,,,19,1,0.8660254037844387
33740,jectocos lip tab 10s,,tablet,jectocos lip,jectocos lip 10s,1.0,jectocos,jectocos,jectocos,217538.0,jectocos lipo tablet fc 10s,tablet,jectocos,jectocos lipo fc 10s,jectocos lipo tablet fc 10s,0.5773502691896258,0.5773502691896258,10,10,0.0,jectocos lip tablet 10s,2.0,,,2.0,,,0,10s,Oaknet Healthcare Pvt Ltd,,,184,1,0.5773502691896258
33760,dapacose m tab 10/500mg 10s,,tablet,dapacose m,dapacose m 10/500 10s,1.0,dapacose,dapacose,dapacose,368414.0,dapacose m 10 tablet er 10s,tablet,dapacose,dapacose m 10 10s,dapacose m 10 tablet 10s,0.8944271909999159,0.8944271909999159,10,10,0.0,dapacose m tablet 10/500mg 10s,2.0,mg ,,2.0,10/500,,0,10s,J B Chemicals and Pharmaceuticals Ltd,,,120.42,1,0.8944271909999159
33807,lam plus tab 20mg 15s,,tablet,lam plus,lam plus 20 15s,1.0,lam,lam,lam,378846.0,lam plus tablet 15s,tablet,lam,lam plus 15s,lam plus tablet 15s,0.8660254037844387,0.8660254037844387,15,15,0.0,lam plus tablet 20mg 15s,2.0,mg ,,2.0,20,,0,15s,Tas Med India Pvt Ltd,,,73.92,1,0.8660254037844387
33862,cilaheart t tab 40mg 15s,,tablet,cilaheart t,cilaheart t 40 15s,1.0,cilaheart,cilaheart,cilaheart,380102.0,cilaheart t tablet 15s,tablet,cilaheart,cilaheart t 15s,cilaheart t tablet 15s,0.8660254037844387,0.8660254037844387,15,15,0.0,cilaheart t tablet 40mg 15s,2.0,mg ,,2.0,40,,0,15s,Mankind Pharma Ltd,,,160.71,1,0.8660254037844387
33909,sitara dm tab 10/100/500 10s,,tablet,sitara dm,sitara dm 10/100/500 10s,1.0,sitara,sitara,sitara,382377.0,sitara dm 500mg tablet 10s,tablet,sitara,sitara dm 500 10s,sitara dm 500mg tablet 10s,0.8164965809277261,0.8164965809277261,10,10,0.0,sitara dm tablet 10/100/500 10s,2.0,,mg ,2.0,,500,0,10s,Intas Pharmaceuticals Ltd,,,190,1,0.8164965809277261
33923,gabafix m sr tab 75mg 10s,,tablet,gabafix m,gabafix m 75 10s,1.0,gabafix,gabafix,gabafix,199222.0,gabafix m sr tablet 10s,tablet,gabafix,gabafix m 10s,gabafix m tablet 10s,0.8660254037844387,0.8660254037844387,10,10,0.0,gabafix m tablet 75mg 10s,2.0,mg ,,2.0,75,,0,10s,Aareen Healthcare Pvt Ltd,,,164.9,1,0.8660254037844387
33927,sitacose m tab 50/1000mg 10s,,tablet,sitacose m,sitacose m 50/1000 10s,1.0,sitacose,sitacose,sitacose,377550.0,sitacose m 1000mg tablet 10s,tablet,sitacose,sitacose m 1000 10s,sitacose m 1000mg tablet 10s,0.8944271909999159,0.8944271909999159,10,10,0.0,sitacose m tablet 50/1000mg 10s,0.0,mg ,mg ,1.0,50/1000,1000,0,10s,J B Chemicals and Pharmaceuticals Ltd,,,140,1,0.8944271909999159
33984,zukanorm m tab 50/1000mg 15s,,tablet,zukanorm m,zukanorm m 50/1000 15s,1.0,zukanorm,zukanorm,zukanorm,380106.0,zukanorm m 500mg/50mg tablet 15s,tablet,zukanorm,zukanorm m 500/50 15s,zukanorm m 500mg/50mg tablet 15s,0.7999999999999998,0.7999999999999998,15,15,0.0,zukanorm m tablet 50/1000mg 15s,0.0,mg ,mg ,1.0,50/1000,500,0,15s,Mankind Pharma Ltd,,,115.33,1,0.7999999999999998
33644,pro b-complex tab 10s,,tablet,pro b complex,pro b complex 10s,1.0,pro b,pro,pro,373495.0,pro retro tablet 10s,tablet,pro,pro retro 10s,pro retro tablet 10s,0.5773502691896258,0.5773502691896258,10,10,0.0,pro b complex tablet 10s,2.0,,,2.0,,,0,10s,PAAM,,,10,1,0.5773502691896258
33736,new neuro lv tab 10s,,tablet,new neuro lv,new neuro lv 10s,1.0,new neuro,new,new,252594.0,new xt tablet 10s,tablet,new,new 10s,new tablet 10s,0.7071067811865475,0.7071067811865475,10,10,0.0,new neuro lv tablet 10s,2.0,,,2.0,,,0,10s,Synokem Pharmaceuticals Ltd,,,163.9,1,0.7071067811865475
33817,gluconorm z xr forte tab 60mg 10s,,tablet,gluconorm z forte,gluconorm z forte 60 10s,1.0,gluconorm z,gluconorm,gluconorm,378004.0,gluconorm z xr 60mg/1000mg forte tablet 10s,tablet,gluconorm,gluconorm z 60/1000 forte 10s,gluconorm z 60mg/1000mg forte tablet 10s,0.9128709291752769,0.9128709291752769,10,10,0.0,gluconorm z forte tablet 60mg 10s,0.0,mg ,mg ,0.0,60,60,0,10s,Lupin Ltd,,,95.53,1,0.9128709291752769
34010,glimipack m 1 forte tab 10s,,tablet,glimipack m 1 forte,glimipack m 1 forte 10s,1.0,glimipack m 1,glimipack m,glimipack,202458.0,glimipack m forte 1mg/1000mg tablet 10s,tablet,glimipack,glimipack m forte 1/1000 10s,glimipack m forte 1mg/1000mg tablet 10s,0.9128709291752769,0.9128709291752769,10,10,0.0,glimipack m 1 forte tablet 10s,2.0,,mg ,2.0,,1,0,10s,Koye Pharmaceuticals Pvt ltd,,,87.12,1,0.9128709291752769
33345,rexipra forte tab 15s,,tablet,rexipra forte,rexipra forte 15s,1.0,rexipra,rexipra,rexipra,383056.0,rexipra forte tablet 15s,tablet,rexipra,rexipra forte 15s,rexipra forte tablet 15s,,,,,,rexipra forte tablet 15s,,,,,,,0,15s,Intas Pharmaceuticals Ltd,,,246,1,
33346,tikleen tab 90mg 10s,,tablet,tikleen,tikleen 90 10s,1.0,tikleen,tikleen,tikleen,375267.0,tikleen 90 tablet 10s,tablet,tikleen,tikleen 90 10s,tikleen 90 tablet 10s,,,,,,tikleen tablet 90mg 10s,,,,,,,0,10s,Ipca Laboratories Ltd,,,220,1,
33347,montek fx tab 15s,,tablet,montek fx,montek fx 15s,1.0,montek,montek,montek,378069.0,montek fx tablet 15s,tablet,montek,montek fx 15s,montek fx tablet 15s,,,,,,montek fx tablet 15s,,,,,,,0,15s,Sun Pharmaceutical Industries Ltd,,,278,1,
33348,mahagaba nt tab 75mg 10s,,tablet,mahagaba nt,mahagaba nt 75 10s,1.0,mahagaba,mahagaba,mahagaba,380065.0,mahagaba nt 75 tablet 10s,tablet,mahagaba,mahagaba nt 75 10s,mahagaba nt 75 tablet 10s,,,,,,mahagaba nt tablet 75mg 10s,,,,,,,0,10s,Mankind Pharma Ltd,,,159.9,1,
33351,revelol xl tab 12.5mg 15s,,tablet,revelol,revelol 12.5 15s,1.0,revelol,revelol,revelol,373981.0,revelol xl 12.5 tablet 15s,tablet,revelol,revelol 12.5 15s,revelol 12.5 tablet 15s,,,,,,revelol tablet 12.5mg 15s,,,,,,,0,15s,Ipca Laboratories Ltd,,,78.8,1,
33352,volix trio tab 1mg 15s,,tablet,volix trio,volix trio 1 15s,1.0,volix,volix,volix,377956.0,volix trio 1mg tablet 15s,tablet,volix,volix trio 1 15s,volix trio 1mg tablet 15s,,,,,,volix trio tablet 1mg 15s,,,,,,,0,15s,Sun Pharmaceutical Industries Ltd,,,149,1,
33353,volix trio forte tab 2mg 15s,,tablet,volix trio forte,volix trio forte 2 15s,1.0,volix trio,volix,volix,377955.0,volix trio forte 2mg tablet er 15s,tablet,volix,volix trio forte 2 15s,volix trio forte 2mg tablet 15s,,,,,,volix trio forte tablet 2mg 15s,,,,,,,0,15s,Sun Pharmaceutical Industries Ltd,,,235.5,1,
33390,floslo tab 5mg 10s,,tablet,floslo,floslo 5 10s,1.0,floslo,floslo,floslo,195616.0,floslo 5 tablet 10s,tablet,floslo,floslo 5 10s,floslo 5 tablet 10s,,,,,,floslo tablet 5mg 10s,,,,,,,0,10s,Intas Pharmaceuticals Ltd,,,304,1,
33395,bempesta r tab 40mg 10s,,tablet,bempesta r,bempesta r 40 10s,1.0,bempesta,bempesta,bempesta,381432.0,bempesta r 40mg tablet 10s,tablet,bempesta,bempesta r 40 10s,bempesta r 40mg tablet 10s,,,,,,bempesta r tablet 40mg 10s,,,,,,,0,10s,Torrent Pharmaceuticals Ltd,,,490,1,
33412,celin f tab 10s,,tablet,celin f,celin f 10s,1.0,celin,celin,celin,367756.0,celin f tablet 10s,tablet,celin,celin f 10s,celin f tablet 10s,,,,,,celin f tablet 10s,,,,,,,0,10s,Koye Pharmaceuticals Pvt ltd,,,329,1,
33416,glucreta m tab 5/500mg 10s,,tablet,glucreta m,glucreta m 5/500 10s,1.0,glucreta,glucreta,glucreta,370116.0,glucreta m 5/500 tablet er 10s,tablet,glucreta,glucreta m 5/500 10s,glucreta m 5/500 tablet 10s,,,,,,glucreta m tablet 5/500mg 10s,,,,,,,0,10s,Torrent Pharmaceuticals Ltd,,,78,1,
33418,rifakem tab 400mg 10s,,tablet,rifakem,rifakem 400 10s,1.0,rifakem,rifakem,rifakem,291288.0,rifakem 400 tablet 10s,tablet,rifakem,rifakem 400 10s,rifakem 400 tablet 10s,,,,,,rifakem tablet 400mg 10s,,,,,,,0,10s,Alkem Laboratories Ltd,,,334,1,
33419,voglistar gm tab 2mg 15s,,tablet,voglistargm,voglistar 2 15s,1.0,voglistargm,voglistargm,voglistargm,380103.0,voglistar gm 2 tablet 15s,tablet,voglistar,voglistar 2 15s,voglistargm 2 tablet 15s,,,,,,voglistargm tablet 2mg 15s,,,,,,,0,15s,Mankind Pharma Ltd,,,254.85,1,
33421,vitamerc lc tab 10s,,tablet,vitamerc lc,vitamerc lc 10s,1.0,vitamerc,vitamerc,vitamerc,385864.0,vitamerc lc tablet 10s,tablet,vitamerc,vitamerc lc 10s,vitamerc lc tablet 10s,,,,,,vitamerc lc tablet 10s,,,,,,,0,10s,VATAVE HEALTHCARE,,,295,1,
33427,sitared tab 100mg 7s,,tablet,sitared,sitared 100 7s,1.0,sitared,sitared,sitared,377337.0,sitared 100mg tablet 7s,tablet,sitared,sitared 100 7s,sitared 100mg tablet 7s,,,,,,sitared tablet 100mg 7s,,,,,,,0,7s,Sun Pharmaceutical Industries Ltd,,,90.65,1,
33430,gabapin plus tab 100mg 10s,,tablet,gabapin plus,gabapin plus 100 10s,1.0,gabapin,gabapin,gabapin,199320.0,gabapin plus 100 tablet 10s,tablet,gabapin,gabapin plus 100 10s,gabapin plus 100 tablet 10s,,,,,,gabapin plus tablet 100mg 10s,,,,,,,0,10s,Intas Pharmaceuticals Ltd,,,146.5,1,
33445,daflon tab 1000mg 18s,,tablet,daflon,daflon 1000 18s,1.0,daflon,daflon,daflon,382540.0,daflon 1000mg tablet 18s,tablet,daflon,daflon 1000 18s,daflon 1000mg tablet 18s,,,,,,daflon tablet 1000mg 18s,,,,,,,0,18s,Serdia Pharmaceuticals India Pvt Ltd,,,435.6,1,
33449,glucreta s tab 10/100mg 10s,,tablet,glucreta s,glucreta s 10/100 10s,1.0,glucreta,glucreta,glucreta,377595.0,glucreta s 10mg/100mg tablet 10s,tablet,glucreta,glucreta s 10/100 10s,glucreta s 10mg/100mg tablet 10s,,,,,,glucreta s tablet 10/100mg 10s,,,,,,,0,10s,Torrent Pharmaceuticals Ltd,,,220,1,
33451,newcita tab 10mg 15s,,tablet,newcita,newcita 10 15s,1.0,newcita,newcita,newcita,372432.0,newcita 10 tablet 15s,tablet,newcita,newcita 10 15s,newcita 10 tablet 15s,,,,,,newcita tablet 10mg 15s,,,,,,,0,15s,Alkem Laboratories Ltd,,,151.03,1,
33455,aloja m tab 10s,,tablet,aloja m,aloja m 10s,1.0,aloja,aloja,aloja,379479.0,aloja m tablet 10s,tablet,aloja,aloja m 10s,aloja m tablet 10s,,,,,,aloja m tablet 10s,,,,,,,0,10s,Indoco Remedies Ltd,,,87.58,1,
33456,sitaxa dm tab 10/100/500mg 10s,,tablet,sitaxa dm,sitaxa dm 10/100/500 10s,1.0,sitaxa,sitaxa,sitaxa,383480.0,sitaxa dm 10/100/500 tablet 10s,tablet,sitaxa,sitaxa dm 10/100/500 10s,sitaxa dm 10/100/500 tablet 10s,,,,,,sitaxa dm tablet 10/100/500mg 10s,,,,,,,0,10s,Torrent Pharmaceuticals Ltd,,,230,1,
33458,diamicron xr tab 60mg 15s,,tablet,diamicron,diamicron 60 15s,1.0,diamicron,diamicron,diamicron,382839.0,diamicron xr 60mg tablet 15s,tablet,diamicron,diamicron 60 15s,diamicron 60mg tablet 15s,,,,,,diamicron tablet 60mg 15s,,,,,,,0,15s,Serdia Pharmaceuticals India Pvt Ltd,,,231,1,
33460,sitaxa m tab 50/500mg 15s,,tablet,sitaxa m,sitaxa m 50/500 15s,1.0,sitaxa,sitaxa,sitaxa,377340.0,sitaxa m 50mg/500mg tablet 15s,tablet,sitaxa,sitaxa m 50/500 15s,sitaxa m 50mg/500mg tablet 15s,,,,,,sitaxa m tablet 50/500mg 15s,,,,,,,0,15s,Torrent Pharmaceuticals Ltd,,,193.5,1,
33461,proxym er tab 300mg 15s,,tablet,proxym,proxym 300 15s,1.0,proxym,proxym,proxym,383824.0,proxym er 300mg tablet 15s,tablet,proxym,proxym 300 15s,proxym 300mg tablet 15s,,,,,,proxym tablet 300mg 15s,,,,,,,0,15s,Emcure Pharmaceuticals Ltd,,,426.6,1,
33464,feboxa tab 80mg 10s,,tablet,feboxa,feboxa 80 10s,1.0,feboxa,feboxa,feboxa,192420.0,feboxa 80mg tablet 10s,tablet,feboxa,feboxa 80 10s,feboxa 80mg tablet 10s,,,,,,feboxa tablet 80mg 10s,,,,,,,0,10s,Sun Pharmaceutical Industries Ltd,,,142.5,1,
33476,alvenerve tab 10s,,tablet,alvenerve,alvenerve 10s,1.0,alvenerve,alvenerve,alvenerve,379584.0,alvenerve tablet 10s,tablet,alvenerve,alvenerve 10s,alvenerve tablet 10s,,,,,,alvenerve tablet 10s,,,,,,,0,10s,ALVEERA HEALTHCARE,,,270,1,
33480,clarinova tab 500mg 10s,,tablet,clarinova,clarinova 500 10s,1.0,clarinova,clarinova,clarinova,383839.0,clarinova-500mg tablet 10s,tablet,clarinova,clarinova 500 10s,clarinova 500mg tablet 10s,,,,,,clarinova tablet 500mg 10s,,,,,,,0,10s,Mankind Pharma Ltd,,,335,1,
33488,glucreta sm tab 10/100/1000mg 10s,,tablet,glucreta sm,glucreta sm 10/100/1000 10s,1.0,glucreta,glucreta,glucreta,383484.0,glucreta sm 10/100/1000 tablet 10s,tablet,glucreta,glucreta sm 10/100/1000 10s,glucreta sm 10/100/1000 tablet 10s,,,,,,glucreta sm tablet 10/100/1000mg 10s,,,,,,,0,10s,Torrent Pharmaceuticals Ltd,,,230,1,
33509,itralent tab 100mg 10s,,tablet,itralent,itralent 100 10s,1.0,itralent,itralent,itralent,216726.0,itralent 100mg tablet 10s,tablet,itralent,itralent 100 10s,itralent 100mg tablet 10s,,,,,,itralent tablet 100mg 10s,,,,,,,0,10s,Talent India,,,150,1,
33512,voglibite gm tab 1mg 10s,,tablet,voglibitegm,voglibite 1 10s,1.0,voglibitegm,voglibitegm,voglibitegm,340063.0,voglibite gm 1 tablet sr 10s,tablet,voglibite,voglibite 1 10s,voglibitegm 1 tablet 10s,,,,,,voglibitegm tablet 1mg 10s,,,,,,,0,10s,Corona Remedies Pvt Ltd,,,108.9,1,
33513,glura m xr tab 100/500mg 15s,,tablet,glura m,glura m 100/500 15s,1.0,glura,glura,glura,377630.0,glura m xr 100mg/500mg tablet 15s,tablet,glura,glura m 100/500 15s,glura m 100mg/500mg tablet 15s,,,,,,glura m tablet 100/500mg 15s,,,,,,,0,15s,Eris Lifesciences Pvt Ltd,,,240,1,
33514,rexipra plus tab 15s,,tablet,rexipra plus,rexipra plus 15s,1.0,rexipra,rexipra,rexipra,383057.0,rexipra plus tablet 15s,tablet,rexipra,rexipra plus 15s,rexipra plus tablet 15s,,,,,,rexipra plus tablet 15s,,,,,,,0,15s,Intas Pharmaceuticals Ltd,,,156,1,
33517,eyorac t tab 15s,,tablet,eyorac t,eyorac t 15s,1.0,eyorac,eyorac,eyorac,369417.0,eyorac t tablet 15s,tablet,eyorac,eyorac t 15s,eyorac t tablet 15s,,,,,,eyorac t tablet 15s,,,,,,,0,15s,Sentiss Pharma,,,255,1,
33519,zeblong t tab 8/40mg 10s,,tablet,zeblong t,zeblong t 8/40 10s,1.0,zeblong,zeblong,zeblong,378254.0,zeblong t 8mg/40mg tablet 10s,tablet,zeblong,zeblong t 8/40 10s,zeblong t 8mg/40mg tablet 10s,,,,,,zeblong t tablet 8/40mg 10s,,,,,,,0,10s,Ipca Laboratories Ltd,,,127.3,1,
33520,rosycap f tab 20mg 15s,,tablet,rosycap f,rosycap f 20 15s,1.0,rosycap,rosycap,rosycap,379300.0,rosycap f 20 tablet 15s,tablet,rosycap,rosycap f 20 15s,rosycap f 20 tablet 15s,,,,,,rosycap f tablet 20mg 15s,,,,,,,0,15s,Akumentis Healthcare Ltd,,,268.5,1,
33553,alcothiam tab 10s,,tablet,alcothiam,alcothiam 10s,1.0,alcothiam,alcothiam,alcothiam,385865.0,alcothiam tablet 10s,tablet,alcothiam,alcothiam 10s,alcothiam tablet 10s,,,,,,alcothiam tablet 10s,,,,,,,0,10s,,,,245,1,
33581,jalra od tab 100mg 15s,,tablet,jalra od,jalra od 100 15s,1.0,jalra,jalra,jalra,382416.0,jalra od 100mg tablet sr 15s,tablet,jalra,jalra od 100 15s,jalra od 100mg tablet 15s,,,,,,jalra od tablet 100mg 15s,,,,,,,0,15s,USV Ltd,,,202.5,1,
33582,nuheme tab 10s,,tablet,nuheme,nuheme 10s,1.0,nuheme,nuheme,nuheme,372620.0,nuheme tablet 10s,tablet,nuheme,nuheme 10s,nuheme tablet 10s,,,,,,nuheme tablet 10s,,,,,,,0,10s,,,,195,1,
33585,eurepa v tab 1/0.2mg 10s,,tablet,eurepa v,eurepa v 1/0.2 10s,1.0,eurepa,eurepa,eurepa,376677.0,eurepa v 1mg/0.2mg tablet 10s,tablet,eurepa,eurepa v 1/0.2 10s,eurepa v 1mg/0.2mg tablet 10s,,,,,,eurepa v tablet 1/0.2mg 10s,,,,,,,0,10s,Torrent Pharmaceuticals Ltd,,,190.45,1,
33588,rovastat tab 10mg 15s,,tablet,rovastat,rovastat 10 15s,1.0,rovastat,rovastat,rovastat,293870.0,rovastat 10mg tablet 15s,tablet,rovastat,rovastat 10 15s,rovastat 10mg tablet 15s,,,,,,rovastat tablet 10mg 15s,,,,,,,0,15s,Blue Cross Laboratories Ltd,,,95,1,
33593,monocef o dt tab 100mg 10s,,tablet,monocef o,monocef o 100 10s,1.0,monocef,monocef,monocef,371990.0,monocef o 100 dt tablet 10s,tablet,monocef,monocef o 100 10s,monocef o 100 tablet 10s,,,,,,monocef o tablet 100mg 10s,,,,,,,0,10s,Aristo Pharmaceuticals Pvt Ltd,,,150,1,
33595,briv plus tab 50mg 10s,,tablet,briv plus,briv plus 50 10s,1.0,briv,briv,briv,367394.0,briv + 50mg tablet 10s,tablet,briv,briv plus 50 10s,briv plus 50mg tablet 10s,,,,,,briv plus tablet 50mg 10s,,,,,,,1,10s,Intas Pharmaceuticals Ltd,,,154,1,
33597,sitazit tab 100mg 10s,,tablet,sitazit,sitazit 100 10s,1.0,sitazit,sitazit,sitazit,377331.0,sitazit 100mg tablet 10s,tablet,sitazit,sitazit 100 10s,sitazit 100mg tablet 10s,,,,,,sitazit tablet 100mg 10s,,,,,,,0,10s,Glenmark Pharmaceuticals Ltd,,,145,1,
33620,beniduce tab 8mg 10s,,tablet,beniduce,beniduce 8 10s,1.0,beniduce,beniduce,beniduce,124883.0,beniduce 8mg tablet 10s,tablet,beniduce,beniduce 8 10s,beniduce 8mg tablet 10s,,,,,,beniduce tablet 8mg 10s,,,,,,,0,10s,Macleods Pharmaceuticals Pvt Ltd,,,71.3,1,
33621,lamrest tab 5mg 15s,,tablet,lamrest,lamrest 5 15s,1.0,lamrest,lamrest,lamrest,371053.0,lamrest 5 tablet 15s,tablet,lamrest,lamrest 5 15s,lamrest 5 tablet 15s,,,,,,lamrest tablet 5mg 15s,,,,,,,0,15s,Tas Med India Pvt Ltd,,,159.72,1,
33628,ondet 4 tab 10s,,tablet,ondet,ondet 4 10s,1.0,ondet,ondet,ondet,264239.0,ondet 4mg tablet md 10s,tablet,ondet,ondet 4 10s,ondet 4mg tablet 10s,,,,,,ondet 4 tablet 10s,,,,,,,0,10s,Intas Pharmaceuticals Ltd,,,46.58,1,
33632,cetrizine 10 tab 10s,,tablet,cetrizine,cetrizine 10 10s,1.0,cetrizine,cetrizine,cetrizine,150534.0,cetrizine 10 mg tablet 10s,tablet,cetrizine,cetrizine 10 10s,cetrizine 10mg tablet 10s,,,,,,cetrizine 10 tablet 10s,,,,,,,0,10s,Mediste Pharmaceuticals Pvt Ltd,,,20,1,
33634,fexoultra 120 tab 10s,,tablet,fexoultra,fexoultra 120 10s,1.0,fexoultra,fexoultra,fexoultra,385441.0,fexoultra 120mg tablet 10s,tablet,fexoultra,fexoultra 120 10s,fexoultra 120mg tablet 10s,,,,,,fexoultra 120 tablet 10s,,,,,,,0,10s,Dr Morepen Labs Ltd,,,176,1,
33643,calcitas d tab 15s,,tablet,calcitas d,calcitas d 15s,1.0,calcitas,calcitas,calcitas,143950.0,calcitas d tablet 15s,tablet,calcitas,calcitas d 15s,calcitas d tablet 15s,,,,,,calcitas d tablet 15s,,,,,,,0,15s,Intas Pharmaceuticals Ltd,,,97,1,
33652,dulax tab 10s,,tablet,dulax,dulax 10s,1.0,dulax,dulax,dulax,368924.0,dulax tablet 10s,tablet,dulax,dulax 10s,dulax tablet 10s,,,,,,dulax tablet 10s,,,,,,,0,10s,SEARLE,,,11.2,1,
33668,apresol plus tab 10s,,tablet,apresol plus,apresol plus 10s,1.0,apresol,apresol,apresol,114185.0,apresol plus tablet 10s,tablet,apresol,apresol plus 10s,apresol plus tablet 10s,,,,,,apresol plus tablet 10s,,,,,,,0,10s,ORDAIN HEALTH CARE PVT LTD,,,92.33,1,
33669,valparin alkalets tab 200mg 15s,,tablet,valparin alkalets,valparin alkalets 200 15s,1.0,valparin,valparin,valparin,380794.0,valparin alkalets 200mg tablet 15s,tablet,valparin,valparin alkalets 200 15s,valparin alkalets 200mg tablet 15s,,,,,,valparin alkalets tablet 200mg 15s,,,,,,,0,15s,Sanofi India Limited,,,57.45,1,
33670,sgltd m tab 5/500mg 10s,,tablet,sgltd m,sgltd m 5/500 10s,1.0,sgltd,sgltd,sgltd,385803.0,sgltd m 5mg/500mg tablet 10s,tablet,sgltd,sgltd m 5/500 10s,sgltd m 5mg/500mg tablet 10s,,,,,,sgltd m tablet 5/500mg 10s,,,,,,,0,10s,Mankind Pharma Ltd,,,70,1,
33672,lorinol tab 10mg 15s,,tablet,lorinol,lorinol 10 15s,1.0,lorinol,lorinol,lorinol,377108.0,lorinol 10mg tablet 15s,tablet,lorinol,lorinol 10 15s,lorinol 10mg tablet 15s,,,,,,lorinol tablet 10mg 15s,,,,,,,0,15s,Micro Labs Ltd,,,138,1,
33676,biselect tab 10mg 10s,,tablet,biselect,biselect 10 10s,1.0,biselect,biselect,biselect,128216.0,biselect 10 tablet 10s,tablet,biselect,biselect 10 10s,biselect 10 tablet 10s,,,,,,biselect tablet 10mg 10s,,,,,,,0,10s,Intas Pharmaceuticals Ltd,,,80,1,
33691,t cal max tab 10s,,tablet,t cal max,t cal max 10s,1.0,t cal,t,t,322466.0,t cal max tablet 10s,tablet,t,t cal max 10s,t cal max tablet 10s,,,,,,t cal max tablet 10s,,,,,,,0,10s,RAYON MEDICARE PVT LTD,,,210,1,
33693,ignalis tab 50mg 10s,,tablet,ignalis,ignalis 50 10s,1.0,ignalis,ignalis,ignalis,377282.0,ignalis 50mg tablet 10s,tablet,ignalis,ignalis 50 10s,ignalis 50mg tablet 10s,,,,,,ignalis tablet 50mg 10s,,,,,,,0,10s,Intas Pharmaceuticals Ltd,,,90,1,
33695,dapaglyn s tab 10/100mg 10s,,tablet,dapaglyn s,dapaglyn s 10/100 10s,1.0,dapaglyn,dapaglyn,dapaglyn,377487.0,dapaglyn s 10mg/100mg tablet 10s,tablet,dapaglyn,dapaglyn s 10/100 10s,dapaglyn s 10mg/100mg tablet 10s,,,,,,dapaglyn s tablet 10/100mg 10s,,,,,,,0,10s,Zydus Healthcare Ltd,,,210,1,
33696,abiways tab 15s,,tablet,abiways,abiways 15s,1.0,abiways,abiways,abiways,380076.0,abiways tablet 15s,tablet,abiways,abiways 15s,abiways tablet 15s,,,,,,abiways tablet 15s,,,,,,,0,15s,Mankind Pharma Ltd,,,251.25,1,
33698,dapanorm trio tab 10s,,tablet,dapanorm trio,dapanorm trio 10s,1.0,dapanorm,dapanorm,dapanorm,377761.0,dapanorm trio tablet 10s,tablet,dapanorm,dapanorm trio 10s,dapanorm trio tablet 10s,,,,,,dapanorm trio tablet 10s,,,,,,,0,10s,Alkem Laboratories Ltd,,,197,1,
33702,amlovas m tab 5/25mg 10s,,tablet,amlovas m,aovas m 5/25 10s,1.0,amlovas,amlovas,amlovas,111505.0,amlovas m 5/25 tablet er 10s,tablet,amlovas,aovas m 5/25 10s,amlovas m 5/25 tablet 10s,,,,,,amlovas m tablet 5/25mg 10s,,,,,,,0,10s,Macleods Pharmaceuticals Pvt Ltd,,,103,1,
33727,neksium tab 20mg 15s,,tablet,neksium,neksium 20 15s,1.0,neksium,neksium,neksium,385318.0,neksium 20mg tablet 15s,tablet,neksium,neksium 20 15s,neksium 20mg tablet 15s,,,,,,neksium tablet 20mg 15s,,,,,,,0,15s,Astra Zeneca,,,132.02,1,
33733,sinbroside tab 10s,,tablet,sinbroside,sinbroside 10s,1.0,sinbroside,sinbroside,sinbroside,379892.0,sinbroside tablet 10s,tablet,sinbroside,sinbroside 10s,sinbroside tablet 10s,,,,,,sinbroside tablet 10s,,,,,,,0,10s,VIENTO HEALTH CARE,,,200,1,
33735,aceclo mr tab 10s,,tablet,aceclo,aceclo 10s,1.0,aceclo,aceclo,aceclo,101591.0,aceclo mr tablet 10s,tablet,aceclo,aceclo 10s,aceclo tablet 10s,,,,,,aceclo tablet 10s,,,,,,,0,10s,Aristo Pharmaceuticals Pvt Ltd,,,88.65,1,
33737,mycofit s tab 360mg 10s,,tablet,mycofit s,mycofit s 360 10s,1.0,mycofit,mycofit,mycofit,246898.0,mycofit s 360 tablet 10s,tablet,mycofit,mycofit s 360 10s,mycofit s 360 tablet 10s,,,,,,mycofit s tablet 360mg 10s,,,,,,,0,10s,Intas Pharmaceuticals Ltd,,,1330,1,
33748,logihair women tab 10s,,tablet,logihair women,logihair women 10s,1.0,logihair,logihair,logihair,381523.0,logihair women tablet 10s,tablet,logihair,logihair women 10s,logihair women tablet 10s,,,,,,logihair women tablet 10s,,,,,,,0,10s,Canixa Life Sciences Pvt,,,225,1,
33749,cilacar tm tab 50mg 10s,,tablet,cilacar tm,cilacar tm 50 10s,1.0,cilacar,cilacar,cilacar,377723.0,cilacar tm 50mg tablet er 10s,tablet,cilacar,cilacar tm 50 10s,cilacar tm 50mg tablet 10s,,,,,,cilacar tm tablet 50mg 10s,,,,,,,0,10s,J B Chemicals and Pharmaceuticals Ltd,,,145.04,1,
33753,rosycap tab 5mg 15s,,tablet,rosycap,rosycap 5 15s,1.0,rosycap,rosycap,rosycap,379303.0,rosycap 5mg tablet 15s,tablet,rosycap,rosycap 5 15s,rosycap 5mg tablet 15s,,,,,,rosycap tablet 5mg 15s,,,,,,,0,15s,Akumentis Healthcare Ltd,,,91.5,1,
33759,alersin total tab 10s,,tablet,alersin total,alersin total 10s,1.0,alersin,alersin,alersin,107763.0,alersin total tablet sr 10s,tablet,alersin,alersin total 10s,alersin total tablet 10s,,,,,,alersin total tablet 10s,,,,,,,0,10s,VESTAL LIFESCIENCES (P) LTD.,,,165,1,
33761,bisopharm tab 2.5mg 10s,,tablet,bisopharm,bisopharm 2.5 10s,1.0,bisopharm,bisopharm,bisopharm,383111.0,bisopharm 2.5mg tablet 10s,tablet,bisopharm,bisopharm 2.5 10s,bisopharm 2.5mg tablet 10s,,,,,,bisopharm tablet 2.5mg 10s,,,,,,,0,10s,Eris Lifesciences Ltd,,,59,1,
33762,bisopharm tab 5mg 10s,,tablet,bisopharm,bisopharm 5 10s,1.0,bisopharm,bisopharm,bisopharm,383110.0,bisopharm 5mg tablet 10s,tablet,bisopharm,bisopharm 5 10s,bisopharm 5mg tablet 10s,,,,,,bisopharm tablet 5mg 10s,,,,,,,0,10s,Eris Lifesciences Pvt Ltd,,,106,1,
33805,levtock tab 500mg 10s,,tablet,levtock,levtock 500 10s,1.0,levtock,levtock,levtock,379325.0,levtock 500 tablet 10s,tablet,levtock,levtock 500 10s,levtock 500 tablet 10s,,,,,,levtock tablet 500mg 10s,,,,,,,0,10s,Kuresys Labs,,,129,1,
33808,cartisafe forte tab 10s,,tablet,cartisafe forte,cartisafe forte 10s,1.0,cartisafe,cartisafe,cartisafe,146051.0,cartisafe forte tablet 10s,tablet,cartisafe,cartisafe forte 10s,cartisafe forte tablet 10s,,,,,,cartisafe forte tablet 10s,,,,,,,0,10s,Jenburkt Pharma,,,143.75,1,
33809,viropil tab 30s,,tablet,viropil,viropil 30s,1.0,viropil,viropil,viropil,338374.0,viropil tablet 30s,tablet,viropil,viropil 30s,viropil tablet 30s,,,,,,viropil tablet 30s,,,,,,,0,30s,Emcure Pharmaceuticals Ltd,,,4121,1,
33813,uvox cr tab 100mg 10s,,tablet,uvox,uvox 100 10s,1.0,uvox,uvox,uvox,334709.0,uvox cr 100mg tablet 10s,tablet,uvox,uvox 100 10s,uvox 100mg tablet 10s,,,,,,uvox tablet 100mg 10s,,,,,,,0,10s,ABBOTT HEALTHCARE PRIVATE LIMITED,,,412.19,1,
33818,tapal tab 100mg 10s,,tablet,tapal,tapal 100 10s,1.0,tapal,tapal,tapal,321770.0,tapal er 100 tablet 10s,tablet,tapal,tapal 100 10s,tapal 100 tablet 10s,,,,,,tapal tablet 100mg 10s,,,,,,,0,10s,MSN Laboratories,,,228.64,1,
33820,newbona active tab 15s,,tablet,newbona active,newbona active 15s,1.0,newbona,newbona,newbona,377061.0,newbona active tablet 15s,tablet,newbona,newbona active 15s,newbona active tablet 15s,,,,,,newbona active tablet 15s,,,,,,,0,15s,Akumentis Healthcare Ltd,,,395,1,
33821,met xl am tab 25/2.5mg 20s,,tablet,met am,met am 25/2.5 20s,1.0,met,met,met,371759.0,met xl am 25/2.5 tablet 20s,tablet,met,met am 25/2.5 20s,met am 25/2.5 tablet 20s,,,,,,met am tablet 25/2.5mg 20s,,,,,,,0,20s,Ajanta Pharma Ltd,,,177,1,
33828,flemiclav tab 625mg 10s,,tablet,flemiclav,flemiclav 625 10s,1.0,flemiclav,flemiclav,flemiclav,195224.0,flemiclav 625 tablet 10s,tablet,flemiclav,flemiclav 625 10s,flemiclav 625 tablet 10s,,,,,,flemiclav tablet 625mg 10s,,,,,,,0,10s,FDC Ltd,,,150.25,1,
33830,sitaxa dm tab 10/100/1000mg 10s,,tablet,sitaxa dm,sitaxa dm 10/100/1000 10s,1.0,sitaxa,sitaxa,sitaxa,383122.0,sitaxa dm 10mg/100mg/1000mg tablet 10s,tablet,sitaxa,sitaxa dm 10/100/1000 10s,sitaxa dm 10mg/100mg/1000mg tablet 10s,,,,,,sitaxa dm tablet 10/100/1000mg 10s,,,,,,,0,10s,Torrent Pharmaceuticals Ltd,,,230,1,
33846,feboxa tab 40mg 10s,,tablet,feboxa,feboxa 40 10s,1.0,feboxa,feboxa,feboxa,192419.0,feboxa 40 tablet 10s,tablet,feboxa,feboxa 40 10s,feboxa 40 tablet 10s,,,,,,feboxa tablet 40mg 10s,,,,,,,0,10s,Ranbaxy,,,142.5,1,
33849,gkn plus tab 10s,,tablet,gkn plus,gkn plus 10s,1.0,gkn,gkn,gkn,369945.0,gkn plus tablet 10s,tablet,gkn,gkn plus 10s,gkn plus tablet 10s,,,,,,gkn plus tablet 10s,,,,,,,0,10s,VIENTO HEALTH CARE,,,240,1,
33852,avonit tab 100mg 10s,,tablet,avonit,avonit 100 10s,1.0,avonit,avonit,avonit,379247.0,avonit 100 tablet 10s,tablet,avonit,avonit 100 10s,avonit 100 tablet 10s,,,,,,avonit tablet 100mg 10s,,,,,,,0,10s,AVROHN PHARMA I LIMITED,,,155,1,
33858,bilamont tab 10s,,tablet,bilamont,bilamont 10s,1.0,bilamont,bilamont,bilamont,378632.0,bilamont tablet 10s,tablet,bilamont,bilamont 10s,bilamont tablet 10s,,,,,,bilamont tablet 10s,,,,,,,0,10s,Aristo Pharmaceuticals Pvt Ltd,,,90,1,
33859,ferospring m tab 10s,,tablet,ferospring m,ferospring m 10s,1.0,ferospring,ferospring,ferospring,378769.0,ferospring m tablet 10s,tablet,ferospring,ferospring m 10s,ferospring m tablet 10s,,,,,,ferospring m tablet 10s,,,,,,,0,10s,OXIRICH HEALTHCARE PVT LTD,,,155,1,
33865,sobisis ec tab 500mg 10s,,tablet,sobisis ec,sobisis ec 500 10s,1.0,sobisis,sobisis,sobisis,374593.0,sobisis ec 500 tablet 10s,tablet,sobisis,sobisis ec 500 10s,sobisis ec 500 tablet 10s,,,,,,sobisis ec tablet 500mg 10s,,,,,,,0,10s,La Renon Healthcare Pvt Ltd,,,41,1,
33867,osify tab 10s,,tablet,osify,osify 10s,1.0,osify,osify,osify,372956.0,osify tablet 10s,tablet,osify,osify 10s,osify tablet 10s,,,,,,osify tablet 10s,,,,,,,0,10s,OSREN HEALTHCARE PVT.LTD.,,,640,1,
33868,xifarix tab 400mg 10s,,tablet,xifarix,xifarix 400 10s,1.0,xifarix,xifarix,xifarix,379207.0,xifarix 400 tablet 10s,tablet,xifarix,xifarix 400 10s,xifarix 400 tablet 10s,,,,,,xifarix tablet 400mg 10s,,,,,,,0,10s,SINSAN PHARMACEUTICALS,,,352,1,
33870,jubiglim m tab 1mg 15s,,tablet,jubiglim m,jubiglim m 1 15s,1.0,jubiglim,jubiglim,jubiglim,380711.0,jubiglim m 1mg tablet pr 15s,tablet,jubiglim,jubiglim m 1 15s,jubiglim m 1mg tablet 15s,,,,,,jubiglim m tablet 1mg 15s,,,,,,,0,15s,JUBILANT LIFE SCIENCE,,,77.55,1,
33871,retoz neo tab 60mg 10s,,tablet,retoz neo,retoz neo 60 10s,1.0,retoz,retoz,retoz,377477.0,retoz neo 60mg tablet 10s,tablet,retoz,retoz neo 60 10s,retoz neo 60mg tablet 10s,,,,,,retoz neo tablet 60mg 10s,,,,,,,0,10s,Dr Reddy's Laboratories Ltd,,,128.25,1,
33891,retoz neo tab 120mg 10s,,tablet,retoz neo,retoz neo 120 10s,1.0,retoz,retoz,retoz,377478.0,retoz neo 120mg tablet 10s,tablet,retoz,retoz neo 120 10s,retoz neo 120mg tablet 10s,,,,,,retoz neo tablet 120mg 10s,,,,,,,0,10s,Dr Reddy's Laboratories Ltd,,,205.3,1,
33892,sitaglyn tab 50mg 10s,,tablet,sitaglyn,sitaglyn 50 10s,1.0,sitaglyn,sitaglyn,sitaglyn,377309.0,sitaglyn 50mg tablet 10s,tablet,sitaglyn,sitaglyn 50 10s,sitaglyn 50mg tablet 10s,,,,,,sitaglyn tablet 50mg 10s,,,,,,,0,10s,Zydus Healthcare Ltd,,,99,1,
33893,avanair tab 200mg 4s,,tablet,avanair,avanair 200 4s,1.0,avanair,avanair,avanair,380332.0,avanair 200mg tablet 4s,tablet,avanair,avanair 200 4s,avanair 200mg tablet 4s,,,,,,avanair tablet 200mg 4s,,,,,,,0,4s,Cipla Ltd,,,320,1,
33894,clinsodent tab 4s,,tablet,clinsodent,clinsodent 4s,1.0,clinsodent,clinsodent,clinsodent,154551.0,clinsodent tablet 4s,tablet,clinsodent,clinsodent 4s,clinsodent tablet 4s,,,,,,clinsodent tablet 4s,,,,,,,0,4s,Ipca Laboratories Ltd,,,14,1,
33895,cilaheart tab 10mg 15s,,tablet,cilaheart,cilaheart 10 15s,1.0,cilaheart,cilaheart,cilaheart,385802.0,cilaheart 10mg tablet 15s,tablet,cilaheart,cilaheart 10 15s,cilaheart 10mg tablet 15s,,,,,,cilaheart tablet 10mg 15s,,,,,,,0,15s,Mankind Pharma Ltd,,,139.53,1,
33896,sgltd m tab 10/500mg 10s,,tablet,sgltd m,sgltd m 10/500 10s,1.0,sgltd,sgltd,sgltd,380112.0,sgltd-m 10mg/500mg tablet 10s,tablet,sgltd,sgltd m 10/500 10s,sgltd m 10mg/500mg tablet 10s,,,,,,sgltd m tablet 10/500mg 10s,,,,,,,1,10s,Mankind Pharma Ltd,,,109.53,1,
33913,sitaclass m tab 50/500mg 10s,,tablet,sitaclass m,sitaclass m 50/500 10s,1.0,sitaclass,sitaclass,sitaclass,377588.0,sitaclass m 50mg/500mg tablet 10s,tablet,sitaclass,sitaclass m 50/500 10s,sitaclass m 50mg/500mg tablet 10s,,,,,,sitaclass m tablet 50/500mg 10s,,,,,,,0,10s,Macleods Pharmaceuticals Pvt Ltd,,,106,1,
33916,lamez od tab 50mg 10s,,tablet,lamez od,lamez od 50 10s,1.0,lamez,lamez,lamez,224427.0,lamez od 50 tablet sr 10s,tablet,lamez,lamez od 50 10s,lamez od 50 tablet 10s,,,,,,lamez od tablet 50mg 10s,,,,,,,0,10s,Intas Pharmaceuticals Ltd,,,164,1,
33919,aldosmin tab 1000mg 10s,,tablet,aldosmin,aldosmin 1000 10s,1.0,aldosmin,aldosmin,aldosmin,366424.0,aldosmin 1000mg tablet 10s,tablet,aldosmin,aldosmin 1000 10s,aldosmin 1000mg tablet 10s,,,,,,aldosmin tablet 1000mg 10s,,,,,,,0,10s,Sun Pharmaceutical Industries Ltd,,,238,1,
33920,glura m xr tab 50/1000mg 15s,,tablet,glura m,glura m 50/1000 15s,1.0,glura,glura,glura,377288.0,glura m xr 50mg/1000mg tablet 15s,tablet,glura,glura m 50/1000 15s,glura m 50mg/1000mg tablet 15s,,,,,,glura m tablet 50/1000mg 15s,,,,,,,0,15s,Eris Lifesciences Ltd,,,180,1,
33924,sitaday tab 100mg 15s,,tablet,sitaday,sitaday 100 15s,1.0,sitaday,sitaday,sitaday,380100.0,sitaday 100mg tablet 15s,tablet,sitaday,sitaday 100 15s,sitaday 100mg tablet 15s,,,,,,sitaday tablet 100mg 15s,,,,,,,0,15s,Mankind Pharma Ltd,,,208.5,1,
33925,sitanorm m tab 50/500mg 15s,,tablet,sitanorm m,sitanorm m 50/500 15s,1.0,sitanorm,sitanorm,sitanorm,377354.0,sitanorm m 50mg/500mg tablet 15s,tablet,sitanorm,sitanorm m 50/500 15s,sitanorm m 50mg/500mg tablet 15s,,,,,,sitanorm m tablet 50/500mg 15s,,,,,,,0,15s,Micro Labs Ltd,,,149,1,
33935,ovador 3m tab 10s,,tablet,ovador 3m,ovador 3m 10s,1.0,ovador,ovador,ovador,379917.0,ovador 3m tablet 10s,tablet,ovador,ovador 3m 10s,ovador 3m tablet 10s,,,,,,ovador 3m tablet 10s,,,,,,,0,10s,Curador Healthcare Pvt Ltd,,,250,1,
33937,dapaglyn sm tab 100/500mg 10s,,tablet,dapaglyn sm,dapaglyn sm 100/500 10s,1.0,dapaglyn,dapaglyn,dapaglyn,382805.0,dapaglyn sm 100/500 tablet 10s,tablet,dapaglyn,dapaglyn sm 100/500 10s,dapaglyn sm 100/500 tablet 10s,,,,,,dapaglyn sm tablet 100/500mg 10s,,,,,,,0,10s,Zydus Healthcare Ltd,,,230,1,
33943,reclide mr tab 60mg 15s,,tablet,reclide,reclide 60 15s,1.0,reclide,reclide,reclide,373851.0,reclide  xr 60 tablet 15s,tablet,reclide,reclide 60 15s,reclide 60 tablet 15s,,,,,,reclide tablet 60mg 15s,,,,,,,0,15s,Dr Reddy's Laboratories Ltd,,,202.75,1,
33951,jubira tab 10mg 15s,,tablet,jubira,jubira 10 15s,1.0,jubira,jubira,jubira,382404.0,jubira 10mg tablet 15s,tablet,jubira,jubira 10 15s,jubira 10mg tablet 15s,,,,,,jubira tablet 10mg 15s,,,,,,,0,15s,JUBILANT LIFE SCIENCE,,,222.75,1,
33954,dothip tab 25mg 15s,,tablet,dothip,dothip 25 15s,1.0,dothip,dothip,dothip,378575.0,dothip 25mg tablet 15s,tablet,dothip,dothip 25 15s,dothip 25mg tablet 15s,,,,,,dothip tablet 25mg 15s,,,,,,,0,15s,Micro Labs Ltd,,,86.7,1,
33955,coralan od tab 10mg 10s,,tablet,coralan od,coralan od 10 10s,1.0,coralan,coralan,coralan,378277.0,coralan od 10mg tablet 10s,tablet,coralan,coralan od 10 10s,coralan od 10mg tablet 10s,,,,,,coralan od tablet 10mg 10s,,,,,,,0,10s,Serdia Pharmaceuticals India Pvt Ltd,,,290,1,
33960,clinterol tab 15s,,tablet,clinterol,clinterol 15s,1.0,clinterol,clinterol,clinterol,385535.0,clinterol tablet 15s,tablet,clinterol,clinterol 15s,clinterol tablet 15s,,,,,,clinterol tablet 15s,,,,,,,0,15s,LEBONE HEALTHCARE PVT LTD,,,15s,1,
33962,cadyra max tab 10s,,tablet,cadyra max,cadyra max 10s,1.0,cadyra,cadyra,cadyra,382064.0,cadyra max tablet 10s,tablet,cadyra,cadyra max 10s,cadyra max tablet 10s,,,,,,cadyra max tablet 10s,,,,,,,0,10s,KAYRA INNOPHARM,,,298,1,
33967,lethyrox tab 50mg 100s,,tablet,lethyrox,lethyrox 50 100s,1.0,lethyrox,lethyrox,lethyrox,226499.0,lethyrox 50 tablet 100s,tablet,lethyrox,lethyrox 50 100s,lethyrox 50 tablet 100s,,,,,,lethyrox tablet 50mg 100s,,,,,,,0,100s,Intas Pharmaceuticals Ltd,,,123.2,1,
33969,volibo r tab 0.5mg/0.2mg 10s,,tablet,volibo r,volibo r 0.5/0.2 10s,1.0,volibo,volibo,volibo,376105.0,volibo r 0.5mg/0.2mg tablet 10s,tablet,volibo,volibo r 0.5/0.2 10s,volibo r 0.5mg/0.2mg tablet 10s,,,,,,volibo r tablet 0.5mg/0.2mg 10s,,,,,,,0,10s,Sun Pharmaceutical Industries Ltd,,,140,1,
33972,ultra d3 4k tab 15s,,tablet,ultra d3 4k,ultra d3 4k 15s,1.0,ultra d3,ultra,ultra,366113.0,ultra d3 4k tablet 15s,tablet,ultra,ultra d3 4k 15s,ultra d3 4k tablet 15s,,,,,,ultra d3 4k tablet 15s,,,,,,,0,15s,MEYER ORGANICS PVT LTD,,,15s,1,
33973,multi 4 all tab 15s,,tablet,multi 4 all,multi 4 all 15s,1.0,multi 4,multi,multi,382485.0,multi 4 all tablet 15s,tablet,multi,multi 4 all 15s,multi 4 all tablet 15s,,,,,,multi 4 all tablet 15s,,,,,,,0,15s,,,,15s,1,
33979,t2c tab 10mg 15s,,tablet,t2c,t2c 10 15s,1.0,t2c,t2c,t2c,374886.0,t2c 10mg tablet 15s,tablet,t2c,t2c 10 15s,t2c 10mg tablet 15s,,,,,,t2c tablet 10mg 15s,,,,,,,0,15s,Ipca Laboratories Ltd,,,255,1,
33981,sitared m tab 50/500mg 15s,,tablet,sitared m,sitared m 50/500 15s,1.0,sitared,sitared,sitared,377646.0,sitared m 50mg/500mg tablet 15s,tablet,sitared,sitared m 50/500 15s,sitared m 50mg/500mg tablet 15s,,,,,,sitared m tablet 50/500mg 15s,,,,,,,0,15s,Sun Pharmaceutical Industries Ltd,,,142.5,1,
33983,telmipack tab 40mg 10s,,tablet,telmipack,telmipack 40 10s,1.0,telmipack,telmipack,telmipack,323514.0,telmipack 40 tablet 10s,tablet,telmipack,telmipack 40 10s,telmipack 40 tablet 10s,,,,,,telmipack tablet 40mg 10s,,,,,,,0,10s,Koye Pharmaceuticals Pvt ltd,,,81.98,1,
33994,verquvo tab 5mg 14s,,tablet,verquvo,verquvo 5 14s,1.0,verquvo,verquvo,verquvo,377544.0,verquvo 5mg tablet 14s,tablet,verquvo,verquvo 5 14s,verquvo 5mg tablet 14s,,,,,,verquvo tablet 5mg 14s,,,,,,,0,14s,Bayer Zydus Pharma Pvt Ltd,,,2039,1,
33997,lysoflam mr tab 10s,,tablet,lysoflam,lysoflam 10s,1.0,lysoflam,lysoflam,lysoflam,232918.0,lysoflam mr tablet 10s,tablet,lysoflam,lysoflam 10s,lysoflam tablet 10s,,,,,,lysoflam tablet 10s,,,,,,,0,10s,Cachet Pharmaceuticals Pvt Ltd,,,156,1,
34000,macsita m tab 50/1000mg 10s,,tablet,macsita m,macsita m 50/1000 10s,1.0,macsita,macsita,macsita,377507.0,macsita m xr 50mg/1000mg tablet 10s,tablet,macsita,macsita m 50/1000 10s,macsita m 50mg/1000mg tablet 10s,,,,,,macsita m tablet 50/1000mg 10s,,,,,,,0,10s,Macleods Pharmaceuticals Pvt Ltd,,,115,1,
34002,procotri tab 15s,,tablet,procotri,procotri 15s,1.0,procotri,procotri,procotri,378698.0,procotri tablet 15s,tablet,procotri,procotri 15s,procotri tablet 15s,,,,,,procotri tablet 15s,,,,,,,0,15s,STEADFAST MEDISHIIELD PVT LTD,,,37.5,1,
34004,bisobis tab 2.5mg 10s,,tablet,bisobis,bisobis 2.5 10s,1.0,bisobis,bisobis,bisobis,380433.0,bisobis 2.5mg tablet 10s,tablet,bisobis,bisobis 2.5 10s,bisobis 2.5mg tablet 10s,,,,,,bisobis tablet 2.5mg 10s,,,,,,,0,10s,Corona Remedies Pvt Ltd,,,40,1,
34007,dapnat tab 10mg 10s,,tablet,dapnat,dapnat 10 10s,1.0,dapnat,dapnat,dapnat,377214.0,dapnat 10mg tablet 10s,tablet,dapnat,dapnat 10 10s,dapnat 10mg tablet 10s,,,,,,dapnat tablet 10mg 10s,,,,,,,0,10s,Natco Pharma Ltd,,,99,1,
34008,coalvee tab 10s,,tablet,coalvee,coalvee 10s,1.0,coalvee,coalvee,coalvee,379585.0,coalvee tablet 10s,tablet,coalvee,coalvee 10s,coalvee tablet 10s,,,,,,coalvee tablet 10s,,,,,,,0,10s,ALVEERA HEALTHCARE,,,595,1,
34019,amhfix tab 10s,,tablet,amhfix,amhfix 10s,1.0,amhfix,amhfix,amhfix,366558.0,amhfix tablet 10s,tablet,amhfix,amhfix 10s,amhfix tablet 10s,,,,,,amhfix tablet 10s,,,,,,,0,10s,KARISCA HEALTHCARE PVT LTD,,,560,1,
34022,zytanix tab 2.5mg 15s,,tablet,zytanix,zytanix 2.5 15s,1.0,zytanix,zytanix,zytanix,377873.0,zytanix 2.5mg tablet 15s,tablet,zytanix,zytanix 2.5 15s,zytanix 2.5mg tablet 15s,,,,,,zytanix tablet 2.5mg 15s,,,,,,,0,15s,Zydus Cadila,,,257.7,1,
34023,ignalis m tab 50/500mg 10s,,tablet,ignalis m,ignalis m 50/500 10s,1.0,ignalis,ignalis,ignalis,381005.0,ignalis m 50mg/500mg tablet 10s,tablet,ignalis,ignalis m 50/500 10s,ignalis m 50mg/500mg tablet 10s,,,,,,ignalis m tablet 50/500mg 10s,,,,,,,0,10s,Intas Pharmaceuticals Ltd,,,99,1,
